370913.5566	193134.2696	183.495038	0.137	1	50	-0.062317
370913.5567	193134.2704	183.412741	0.709	1	-244	-0.068304
370913.5308	193134.269	183.489593	0.419	1	134	-0.057996
370913.4897	193134.2618	183.471837	0.466	1	-50	-0.050541
370912.6239	193134.2291	183.468076	0.507	1	-50	-0.03955
370912.4024	193134.2249	183.404609	0.453	1	-171	-0.027909
370912.1323	193134.2066	183.466318	0.475	1	-96	-0.022241
370911.8834	193134.1905	183.614469	0.48	1	-50	-0.019142
370911.625	193134.1744	183.79523	0.473	1	70	-0.015087
370911.3797	193134.1584	183.967605	0.489	1	0	-0.011164
370911.1467	193134.1417	184.145786	0.47	1	-72	-0.007058
370910.9037	193134.1264	184.249121	0.467	1	-50	-0.002487
370910.673	193134.1118	184.306496	0.475	1	-120	0.004656
370910.4315	193134.0958	184.376667	0.477	1	-100	0.007951
370910.1895	193134.0786	184.428732	0.49	1	-146	0.013667
370909.9563	193134.0624	184.461819	0.479	1	-91	0.017562
370909.7189	193134.0485	184.461455	0.478	1	-140	0.023516
370909.4868	193134.0334	184.531919	0.481	1	-65	0.025516
370909.2439	193134.0185	184.630849	0.484	1	-50	0.02792
370909.0074	193134.0027	184.73158	0.493	1	86	0.028879
370908.7672	193133.985	184.817064	0.474	1	63	0.02984
370908.5298	193133.9673	184.895049	0.471	1	94	0.031417
370908.2864	193133.9488	184.959989	0.476	1	163	0.031186
370908.0497	193133.9292	185.005227	0.485	1	140	0.032466
370907.8082	193133.9096	185.070875	0.466	1	128	0.034357
370907.5706	193133.889	185.088528	0.473	1	100	0.035768
370907.325	193133.8679	185.088309	0.476	1	75	0.035378
370907.086	193133.8478	185.093975	0.487	1	84	0.035353
370906.8418	193133.8269	185.124756	0.487	1	82	0.036512
370906.6033	193133.8066	185.140191	0.491	1	130	0.037763
370906.3635	193133.7868	185.175006	0.48	1	104	0.039659
370906.1229	193133.7653	185.205709	0.498	1	178	0.039514
370905.8802	193133.7455	185.21674	0.488	1	202	0.041483
370905.6385	193133.726	185.259724	0.486	1	128	0.046567
370905.387	193133.7063	185.323286	0.473	1	163	0.046373
370905.1431	193133.6881	185.362107	0.484	1	155	0.046756
370904.8952	193133.6682	185.429308	0.475	1	168	0.046131
370904.6534	193133.6482	185.475544	0.463	1	121	0.045483
370904.4101	193133.6291	185.485039	0.473	1	50	0.044326
370904.1627	193133.6084	185.497771	0.481	1	-50	0.041398
370903.9227	193133.5874	185.523278	0.481	1	50	0.041018
370903.6798	193133.5678	185.53586	0.492	1	50	0.041547
370903.4327	193133.5445	185.547777	0.49	1	57	0.041685
370903.1965	193133.5216	185.53474	0.482	1	50	0.04187
370902.943	193133.5015	185.481554	0.48	1	-50	0.046286
370902.6973	193133.4808	185.432926	0.46	1	-83	0.048722
370902.4476	193133.4607	185.404602	0.48	1	-74	0.052776
370902.205	193133.4395	185.439639	0.489	1	-162	0.053075
370901.961	193133.42	185.480153	0.486	1	-129	0.054177
370901.7117	193133.3983	185.524562	0.474	1	-120	0.052195
370901.4601	193133.3776	185.557595	0.494	1	-105	0.050618
370901.211	193133.3553	185.587938	0.497	1	-169	0.04846
370900.9678	193133.3339	185.606272	0.487	1	-145	0.048261
370900.711	193133.3126	185.564854	0.491	1	-147	0.053516
370900.4691	193133.2942	185.531308	0.503	1	-90	0.054338
370900.219	193133.2753	185.492553	0.488	1	-141	0.059979
370899.9801	193133.2562	185.469862	0.485	1	-59	0.064108
370899.7308	193133.2358	185.494479	0.483	1	-92	0.061942
370899.4806	193133.2187	185.532085	0.485	1	-57	0.063666
370899.2359	193133.1999	185.563613	0.473	1	-50	0.063264
370898.9921	193133.1804	185.581549	0.479	1	-113	0.062786
370898.7454	193133.1618	185.606544	0.472	1	-53	0.058931
370898.5073	193133.1429	185.628052	0.475	1	-50	0.057217
370898.2668	193133.1219	185.664809	0.484	1	50	0.054671
370898.0244	193133.1014	185.660302	0.493	1	-50	0.054296
370897.7873	193133.0809	185.659885	0.494	1	50	0.058909
370897.5434	193133.0614	185.619981	0.487	1	50	0.059185
370897.3048	193133.042	185.585589	0.484	1	54	0.062017
370897.0615	193133.0228	185.555254	0.48	1	50	0.062761
370896.8177	193133.0027	185.57877	0.48	1	127	0.060205
370896.5804	193132.9823	185.610243	0.49	1	129	0.061617
370896.3454	193132.9642	185.629863	0.478	1	137	0.062623
370896.1064	193132.9451	185.677046	0.481	1	84	0.062491
370895.8686	193132.9246	185.694652	0.48	1	87	0.059761
370895.627	193132.9053	185.704128	0.452	1	50	0.058615
370895.3852	193132.8859	185.702928	0.488	1	68	0.05822
370895.1477	193132.8676	185.707554	0.488	1	110	0.057681
370894.8965	193132.8471	185.733907	0.487	1	106	0.055912
370894.6566	193132.8282	185.70578	0.489	1	98	0.057783
370894.4134	193132.8102	185.658108	0.488	1	102	0.058963
370894.1772	193132.7916	185.652321	0.484	1	107	0.059285
370893.9332	193132.7724	185.635435	0.482	1	56	0.059123
370893.694	193132.7533	185.67625	0.476	1	88	0.056957
370893.4513	193132.7348	185.685664	0.46	1	50	0.056281
370893.2132	193132.7143	185.701355	0.463	1	-50	0.054345
370892.9615	193132.6937	185.702179	0.469	1	50	0.054206
370892.7276	193132.6743	185.697149	0.481	1	-51	0.054233
370892.4968	193132.6549	185.698535	0.473	1	-69	0.051471
370892.2647	193132.6353	185.675531	0.473	1	-62	0.053156
370892.0368	193132.6173	185.650656	0.467	1	-50	0.05561
370891.808	193132.5989	185.614889	0.472	1	-51	0.059482
370891.5792	193132.5814	185.579398	0.487	1	-69	0.060439
370891.3488	193132.5644	185.573761	0.49	1	-50	0.063127
370891.12	193132.5471	185.605704	0.49	1	-114	0.061449
370890.8976	193132.5303	185.646476	0.502	1	-80	0.060557
370890.671	193132.5136	185.686863	0.493	1	-87	0.061492
370890.4463	193132.4952	185.757147	0.477	1	-72	0.058333
370890.2194	193132.4758	185.74964	0.477	1	-217	0.06143
370889.9925	193132.4585	185.69344	0.471	1	-177	0.059358
370889.7672	193132.4408	185.6614	0.487	1	-191	0.06151
370889.5458	193132.4249	185.61314	0.497	1	-145	0.062619
370889.3132	193132.4076	185.615091	0.483	1	-92	0.062351
370889.0939	193132.3912	185.608425	0.493	1	-80	0.062733
370888.8687	193132.3736	185.608136	0.489	1	-50	0.063399
370888.6375	193132.3564	185.607695	0.482	1	-50	0.060924
370888.4099	193132.3384	185.636799	0.485	1	-50	0.061535
370888.1838	193132.3179	185.66798	0.464	1	50	0.059691
370887.9518	193132.2961	185.698219	0.466	1	-74	0.060236
370887.7259	193132.2755	185.715361	0.478	1	-50	0.059541
370887.4822	193132.2609	185.679191	0.479	1	-50	0.060047
370887.0468	193132.2705	185.642081	0.47	1	61	0.060036
370886.756	193132.2562	185.617338	0.493	1	57	0.060954
370886.5361	193132.2391	185.64591	0.509	1	98	0.061245
370886.31	193132.2203	185.677505	0.495	1	133	0.062095
370886.0828	193132.2003	185.681527	0.466	1	141	0.063415
370885.8602	193132.1804	185.711655	0.478	1	162	0.062459
370885.6349	193132.1621	185.769885	0.486	1	205	0.061487
370885.414	193132.1414	185.804463	0.476	1	190	0.057635
370885.1895	193132.1209	185.787504	0.489	1	142	0.059527
370884.9595	193132.1003	185.736863	0.472	1	50	0.062159
370884.7366	193132.0814	185.712391	0.461	1	50	0.062132
370884.511	193132.0628	185.671467	0.46	1	-50	0.06304
370884.2861	193132.0439	185.645286	0.466	1	50	0.064556
370884.0639	193132.0255	185.630644	0.473	1	50	0.064937
370883.8403	193132.0083	185.636633	0.485	1	62	0.065265
370883.6098	193131.9868	185.66061	0.487	1	128	0.062204
370883.39	193131.9681	185.691639	0.486	1	164	0.062634
370883.1533	193131.948	185.746381	0.489	1	112	0.06237
370882.6753	193131.9339	185.775177	0.482	1	72	0.060644
370882.4075	193131.9144	185.822181	0.479	1	59	0.059378
370882.1779	193131.8937	185.839876	0.47	1	68	0.060164
370881.9549	193131.8709	185.852902	0.469	1	-50	0.058649
370881.7301	193131.8496	185.838093	0.482	1	-52	0.059947
370881.5098	193131.8286	185.820684	0.475	1	-88	0.058051
370881.2815	193131.8089	185.781263	0.488	1	-156	0.061137
370881.0562	193131.7887	185.761547	0.49	1	-187	0.061061
370880.8245	193131.7705	185.722889	0.493	1	-144	0.067872
370880.601	193131.7529	185.703455	0.477	1	-127	0.063275
370880.3721	193131.7319	185.69169	0.489	1	-71	0.066318
370880.1445	193131.7121	185.712073	0.488	1	-121	0.065886
370879.9159	193131.6927	185.739056	0.489	1	-151	0.067503
370879.6798	193131.6732	185.742678	0.497	1	-118	0.067575
370879.4462	193131.6547	185.734176	0.476	1	-134	0.068679
370879.2115	193131.634	185.756857	0.462	1	-131	0.068061
370878.9778	193131.6133	185.763252	0.463	1	-156	0.068283
370878.7408	193131.5914	185.781398	0.481	1	-130	0.064989
370878.5037	193131.5687	185.801771	0.493	1	-83	0.06356
370878.2556	193131.5469	185.779932	0.485	1	-86	0.064985
370878.0231	193131.5261	185.743667	0.48	1	-76	0.066013
370877.7721	193131.504	185.721632	0.491	1	-50	0.065521
370877.5162	193131.4835	185.710032	0.484	1	50	0.065666
370877.2354	193131.4677	185.726922	0.487	1	96	0.066544
370876.9623	193131.4514	185.742941	0.484	1	99	0.066881
370876.7009	193131.4337	185.761148	0.502	1	73	0.067832
370876.4454	193131.4146	185.786785	0.467	1	69	0.069488
370876.2002	193131.3947	185.779178	0.468	1	62	0.070311
370875.9526	193131.3752	185.78555	0.466	1	63	0.068695
370875.6993	193131.3533	185.79639	0.479	1	50	0.069494
370875.4588	193131.3321	185.79022	0.489	1	67	0.068366
370875.2108	193131.3107	185.784399	0.516	1	118	0.071745
370874.9683	193131.2915	185.809641	0.485	1	177	0.071716
370874.7242	193131.2747	185.816475	0.473	1	143	0.072849
370874.476	193131.2547	185.843823	0.481	1	92	0.072546
370874.2298	193131.2324	185.885412	0.461	1	147	0.069593
370873.983	193131.211	185.906135	0.466	1	169	0.06995
370873.737	193131.1912	185.94059	0.471	1	86	0.070869
370873.4862	193131.1648	185.971136	0.464	1	172	0.067723
370873.2412	193131.1454	185.932915	0.479	1	126	0.068579
370872.9935	193131.12	185.910069	0.485	1	50	0.068789
370872.7443	193131.0951	185.87705	0.481	1	-66	0.066814
370872.5069	193131.0769	185.836068	0.49	1	-76	0.067201
370872.2468	193131.0555	185.795621	0.49	1	50	0.067657
370872.0026	193131.0342	185.798619	0.483	1	50	0.068556
370871.7607	193131.013	185.809075	0.472	1	50	0.068939
370871.5129	193130.9914	185.824601	0.474	1	50	0.070251
370871.2615	193130.9699	185.878348	0.482	1	50	0.069391
370871.0165	193130.9494	185.91243	0.478	1	50	0.069436
370870.7688	193130.9307	185.937179	0.469	1	-106	0.071696
370870.5162	193130.9108	185.931369	0.466	1	-124	0.073534
370870.2598	193130.8915	185.912356	0.468	1	-136	0.073123
370870.0145	193130.8718	185.929369	0.469	1	-155	0.07214
370869.7656	193130.8521	185.940859	0.483	1	-169	0.071876
370869.5105	193130.8309	185.93056	0.497	1	-195	0.072328
370869.2557	193130.8114	185.927089	0.493	1	-122	0.072472
370869.0057	193130.7912	185.950826	0.477	1	-97	0.071824
370868.7429	193130.768	185.956985	0.485	1	-50	0.071256
370868.487	193130.7462	185.968048	0.479	1	-50	0.071086
370868.2348	193130.7245	185.959828	0.477	1	-102	0.072904
370867.9801	193130.701	185.935267	0.477	1	-85	0.071795
370867.7217	193130.6791	185.891828	0.479	1	-112	0.072934
370867.4617	193130.6574	185.866906	0.48	1	-127	0.07571
370867.2028	193130.6356	185.84211	0.481	1	-145	0.076689
370866.9417	193130.6132	185.817471	0.473	1	-121	0.07659
370866.6949	193130.5921	185.820821	0.485	1	-98	0.077535
370866.439	193130.5728	185.835308	0.48	1	-50	0.078104
370866.176	193130.5515	185.874708	0.49	1	84	0.0787
370865.9973	193130.5615	185.928922	0.483	1	120	0.07885
370865.9247	193130.6061	185.972381	0.494	1	167	0.076334
370865.6868	193130.5848	186.012601	0.492	1	104	0.075328
370865.4212	193130.5615	186.028249	0.493	1	102	0.076369
370865.162	193130.5387	186.032205	0.473	1	112	0.075979
370864.8989	193130.5146	186.002153	0.479	1	90	0.0757
370864.6332	193130.49	185.991231	0.479	1	58	0.073872
370864.3714	193130.4662	185.985673	0.482	1	50	0.074929
370864.1144	193130.4436	185.959835	0.492	1	79	0.074607
370863.8487	193130.42	185.943799	0.497	1	79	0.072965
370863.5998	193130.3989	185.926778	0.493	1	110	0.074923
370863.3336	193130.3735	185.911383	0.472	1	111	0.074935
370863.0717	193130.3494	185.900299	0.486	1	125	0.076527
370862.8097	193130.3253	185.896265	0.494	1	170	0.077497
370862.5364	193130.3001	185.923998	0.484	1	197	0.074051
370862.2742	193130.2766	185.987528	0.471	1	162	0.073077
370862.03	193130.2567	186.032609	0.476	1	136	0.072533
370862.0588	193130.3001	186.053745	0.477	1	104	0.072224
370861.8209	193130.2795	186.076758	0.462	1	50	0.070629
370861.5671	193130.2549	186.039443	0.467	1	50	0.071113
370861.2974	193130.2291	186.008947	0.48	1	-96	0.071756
370861.0264	193130.2037	185.993288	0.483	1	-91	0.074053
370860.7582	193130.1811	185.954122	0.489	1	-51	0.075654
370860.488	193130.1579	185.945839	0.483	1	-50	0.077867
370860.213	193130.1337	185.939035	0.473	1	-88	0.077535
370859.9483	193130.1111	185.923718	0.499	1	-59	0.077482
370859.6736	193130.0887	185.951775	0.46	1	-96	0.080335
370859.3989	193130.067	185.978462	0.471	1	-99	0.077634
370859.1322	193130.0446	185.978307	0.487	1	-98	0.078167
370858.8704	193130.0211	186.024617	0.471	1	-146	0.080068
370858.9057	193130.0595	186.066992	0.464	1	-145	0.079449
370858.7083	193130.0445	186.065619	0.458	1	-120	0.075568
370858.4413	193130.0232	186.048257	0.491	1	-459	0.081702
370858.1812	193130.0005	186.12784	0.495	1	-777	0.087497
370857.9069	193129.9689	186.68009	0.492	1	-307	0.103418
370857.6345	193129.9289	187.75531	0.495	1	-619	0.114084
370857.3625	193129.88	189.375726	0.455	1	-231	0.116838
370857.0923	193129.8182	191.050001	0.464	1	52	0.118339
370856.8282	193129.7452	193.295101	0.477	1	-220	0.115714
370856.5552	193129.6517	195.888659	0.524	1	-66	0.116532
370856.3003	193129.5472	198.577481	0.505	1	-169	0.107483
370856.0754	193129.4225	201.124968	0.486	1	-239	0.097573
370856.2629	193129.1862	204.065838	0.495	1	-147	0.08431
370856.0894	193129.031	207.33813	0.456	1	-217	0.064915
370855.9345	193128.8646	210.452093	0.444	1	-143	0.049545
370855.7813	193128.6839	213.733578	0.501	0	-835	0.0267
370855.6285	193128.4969	217.03164	0.544	0	-702	0.001136
370855.4459	193128.3002	220.21991	0.583	0	-422	-0.025011
370855.2803	193128.0919	223.473339	0.514	0	-614	-0.039969
370855.1432	193127.8829	228.179755	0.413	0	-506	-0.058163
370855.0484	193127.6945	231.563306	0.362	0	-392	-0.086923
370854.9569	193127.4929	235.035913	0.443	0	366	-0.115352
370854.8804	193127.2943	238.526428	0.534	0	219	-0.132816
370854.8132	193127.0945	242.524065	0.55	0	-129	-0.155094
370854.7534	193126.8798	245.961882	0.493	0	-132	-0.177739
370854.7124	193126.6454	248.796466	0.524	0	430	-0.209565
370854.9528	193126.3214	251.054785	0.602	0	50	-0.200506
370854.9641	193126.0818	253.468026	0.587	0	-51	-0.192282
370854.9517	193125.8427	256.302208	0.467	0	-641	-0.179972
370854.9415	193125.6022	259.456639	0.347	0	-95	-0.18596
370854.9451	193125.3688	262.691134	0.366	0	365	-0.218519
370854.9601	193125.1453	266.022702	0.534	0	1000	-0.262524
370854.9862	193124.9232	268.691534	0.554	0	822	-0.311701
370855.0223	193124.6921	270.792072	0.45	0	1000	-0.337617
370855.0602	193124.4638	271.747804	0.424	0	631	-0.336924
370855.0834	193124.2377	270.49247	0.45	0	-313	-0.290422
370855.0901	193124.0138	268.831992	0.483	0	-1000	-0.222514
370855.0855	193123.7862	267.881313	0.46	0	-465	-0.164842
370855.081	193123.5445	268.184049	0.451	0	-281	-0.140682
370855.0792	193123.3073	269.149877	0.427	0	234	-0.136741
370855.0847	193123.0617	270.065246	0.495	0	216	-0.137723
370855.0924	193122.8337	270.831884	0.518	0	81	-0.141105
370855.1032	193122.5779	271.364069	0.522	0	123	-0.13537
370855.115	193122.3408	271.706459	0.499	0	-50	-0.133604
370855.1281	193122.0965	272.120253	0.5	0	339	-0.130896
370855.145	193121.8496	272.342776	0.475	0	140	-0.123256
370855.1616	193121.6056	272.350044	0.467	0	-248	-0.11152
370855.1742	193121.3597	272.254847	0.458	0	-178	-0.095052
370855.1864	193121.1124	272.269478	0.453	0	-50	-0.085122
370855.2021	193120.862	272.457403	0.452	0	-50	-0.076943
370855.2161	193120.6117	272.678437	0.474	0	-50	-0.072936
370855.2289	193120.3615	272.904309	0.483	0	-58	-0.066326
370855.2457	193120.1204	273.154555	0.508	0	50	-0.063058
370855.2603	193119.8717	273.332536	0.504	0	-50	-0.059753
370855.2762	193119.6151	273.507348	0.499	0	50	-0.057021
370855.2943	193119.3638	273.610389	0.477	0	-73	-0.053953
370855.3116	193119.1101	273.55701	0.458	0	-177	-0.046382
370855.327	193118.861	273.528097	0.461	0	-197	-0.035692
370855.3402	193118.6196	273.581424	0.455	0	-116	-0.025742
370855.3572	193118.3656	273.492449	0.454	0	-100	-0.017147
370855.3764	193118.1107	273.694397	0.457	0	-100	-0.014352
370855.3931	193117.864	273.903916	0.48	0	-50	-0.011137
370855.4103	193117.6233	274.164359	0.491	0	-50	-0.014966
370855.4273	193117.3714	274.258496	0.492	0	-53	-0.009082
370855.4456	193117.1261	274.362219	0.492	0	-50	-0.005744
370855.4644	193116.8831	274.442137	0.506	0	107	-0.004704
370855.4815	193116.6422	274.365407	0.49	0	50	-0.002489
370855.499	193116.4001	274.359766	0.487	0	71	0.002221
370855.5172	193116.1706	274.344762	0.471	0	85	0.007151
370855.5357	193115.9275	274.366286	0.451	0	81	0.009356
370855.5529	193115.6981	274.417621	0.442	0	149	0.009908
370855.5708	193115.456	274.510423	0.44	0	143	0.01159
370855.5881	193115.2188	274.640297	0.445	0	169	0.009917
370855.6054	193114.9821	274.752557	0.458	0	233	0.005745
370855.6223	193114.747	274.841232	0.482	0	135	0.011593
370855.643	193114.5051	274.850573	0.491	0	122	0.012054
370855.6599	193114.2767	274.821021	0.48	0	133	0.016343
370855.6794	193114.042	274.783882	0.481	0	133	0.018342
370855.6974	193113.81	274.77297	0.491	0	108	0.018329
370855.7152	193113.5763	274.799677	0.487	0	128	0.018214
370855.7324	193113.3474	274.905001	0.469	0	179	0.018343
370855.7525	193113.1183	275.040094	0.452	0	220	0.016769
370855.7739	193112.8889	275.076009	0.444	0	81	0.014311
370855.7936	193112.6581	275.05425	0.448	0	-50	0.017346
370855.8112	193112.429	274.957203	0.454	0	50	0.022448
370855.8286	193112.2038	274.869694	0.457	0	-131	0.025816
370855.8453	193111.9758	274.85086	0.472	0	-70	0.031182
370855.8607	193111.7455	274.973185	0.511	0	111	0.030053
370855.8782	193111.5143	275.149963	0.496	0	134	0.026819
370855.9002	193111.2822	275.286234	0.504	0	90	0.023717
370855.9177	193111.0618	275.254823	0.497	0	-50	0.025495
370855.9345	193110.8402	275.165165	0.466	0	-109	0.025531
370855.9501	193110.6173	275.049251	0.459	0	-176	0.028377
370855.9665	193110.3979	274.944029	0.47	0	-178	0.032706
370855.982	193110.1656	274.951397	0.48	0	-473	0.03109
370855.9959	193109.9466	275.148284	0.478	0	-241	0.036999
370856.0152	193109.7257	275.838529	0.505	0	-569	0.035431
370856.0584	193109.3497	277.495079	0.518	0	-637	0.029365
370856.1353	193108.992	279.832454	0.493	0	-178	0.006495
370856.2196	193108.7845	282.345172	0.47	0	-50	-0.028498
370856.304	193108.5844	285.449759	0.484	0	-61	-0.06165
370856.3952	193108.4009	288.237345	0.513	0	225	-0.095707
370856.4949	193108.2201	290.918885	0.55	0	786	-0.13755
370856.608	193108.0407	293.419049	0.547	0	65	-0.159512
370856.723	193107.8689	295.456177	0.526	0	-367	-0.158399
370856.849	193107.6861	297.656494	0.431	0	-307	-0.149167
370856.9855	193107.4926	300.281222	0.382	0	-406	-0.149607
370857.1475	193107.2933	303.277176	0.408	0	-529	-0.159039
370857.3151	193107.108	306.620032	0.494	0	184	-0.181817
370857.5062	193106.9347	310.140101	0.604	0	226	-0.202105
370857.9377	193106.8758	313.133729	0.587	0	-252	-0.211164
370858.1884	193106.7554	316.634809	0.467	0	-293	-0.223844
370858.4125	193106.6504	320.174667	0.461	0	59	-0.245199
370858.6192	193106.5484	323.57209	0.55	0	105	-0.257566
370858.8267	193106.4499	326.80827	0.554	0	432	-0.269748
370859.0518	193106.3586	329.95919	0.447	0	-285	-0.273148
370859.285	193106.2789	333.113038	0.318	0	-241	-0.272342
370859.5247	193106.2154	336.231315	0.372	0	-149	-0.281596
370859.7485	193106.1743	339.393534	0.551	0	-106	-0.289628
370859.9675	193106.1438	342.492038	0.65	0	-433	-0.294682
370860.1798	193106.1259	345.758069	0.583	0	-270	-0.305746
370860.4145	193106.1211	349.299612	0.435	0	366	-0.328366
370860.6744	193106.1727	353.435724	0.444	0	1000	-0.366053
370860.9734	193106.531	356.431355	0.543	0	929	-0.400093
370861.2075	193106.5748	358.528387	0.592	0	1000	-0.414576
370861.4378	193106.5932	358.64264	0.538	0	130	-0.401022
370861.6666	193106.5712	357.610496	0.434	0	-1000	-0.349983
370861.9088	193106.5406	356.495717	0.452	0	-828	-0.285921
370862.137	193106.5143	356.57586	0.485	0	-56	-0.252163
370862.3684	193106.4978	357.068786	0.514	0	-69	-0.228616
370862.6031	193106.4908	357.882855	0.475	0	-72	-0.220475
370862.8415	193106.4837	358.574218	0.471	0	70	-0.210257
370863.0697	193106.4835	359.245811	0.479	0	50	-0.20814
370863.3095	193106.4862	359.910729	0.484	0	109	-0.202966
370863.5318	193106.4892	0.6157	0.499	1	200	-0.196139
370863.7545	193106.4981	0.910257	0.505	1	178	-0.191492
370863.9793	193106.509	0.869412	0.499	1	59	-0.180152
370864.1921	193106.5195	1.164584	0.494	1	-84	-0.167099
370864.4058	193106.5283	0.918725	0.491	1	-183	-0.152599
370864.6097	193106.5369	1.166555	0.492	1	-145	-0.139284
370864.8159	193106.5425	0.948606	0.493	1	-153	-0.125843
370865.018	193106.551	1.233324	0.492	1	-52	-0.11497
370865.2137	193106.561	1.576736	0.489	1	-50	-0.111102
370865.4174	193106.5713	1.817129	0.494	1	-77	-0.106238
370865.981	193106.6361	2.100524	0.488	1	-50	-0.101611
370866.2445	193106.6553	2.286396	0.481	1	-50	-0.098331
370866.4899	193106.667	2.385523	0.486	1	-50	-0.089911
370866.7211	193106.6773	2.496522	0.487	1	-55	-0.081862
370866.9397	193106.688	2.600181	0.485	1	-50	-0.075797
370867.1328	193106.6973	2.694042	0.484	1	-123	-0.069727
370867.3228	193106.7071	2.759123	0.487	1	-57	-0.065238
370867.5169	193106.7162	2.842142	0.502	1	-104	-0.059334
370867.696	193106.725	2.939163	0.494	1	-71	-0.054657
370867.879	193106.7341	3.042998	0.496	1	-83	-0.051648
370868.0594	193106.7445	3.146545	0.493	1	50	-0.055202
370868.2536	193106.7559	3.272752	0.492	1	78	-0.052003
370868.9105	193106.8098	3.3836	0.479	1	148	-0.051457
370869.1583	193106.8277	3.459758	0.486	1	131	-0.048068
370869.3938	193106.8408	3.47569	0.493	1	148	-0.041847
370869.6131	193106.8565	3.466844	0.486	1	129	-0.039831
370869.8658	193106.8725	3.46554	0.465	1	138	-0.033792
370870.0801	193106.8862	3.495645	0.476	1	64	-0.03059
370870.2693	193106.8988	3.538066	0.466	1	85	-0.027608
370870.4354	193106.9121	3.617213	0.462	1	80	-0.026493
370870.6043	193106.9234	3.70872	0.474	1	92	-0.026534
370870.773	193106.9354	3.828789	0.473	1	94	-0.026
370870.9407	193106.9508	3.974887	0.486	1	157	-0.032035
370871.1905	193106.9713	4.063128	0.472	1	163	-0.030595
370871.8337	193107.0274	4.083398	0.465	1	50	-0.033662
370872.0683	193107.0428	4.074888	0.463	1	54	-0.030953
370872.3131	193107.0584	4.030292	0.473	1	0	-0.028075
370872.5463	193107.0742	4.00543	0.478	1	50	-0.024725
370872.7852	193107.0893	3.999027	0.474	1	-50	-0.023086
370873.002	193107.1028	4.037029	0.488	1	-91	-0.020261
370873.1759	193107.1169	4.089565	0.488	1	-50	-0.020229
370873.3449	193107.1281	4.088646	0.489	1	-135	-0.021215
370873.5051	193107.1386	4.136547	0.504	1	-102	-0.020727
370873.6685	193107.1534	4.206044	0.51	1	-134	-0.022886
370873.8383	193107.1683	4.216811	0.499	1	-84	-0.021292
370874.2029	193107.2002	4.229326	0.484	1	-89	-0.021149
370874.7147	193107.2456	4.225034	0.476	1	-77	-0.019877
370874.9666	193107.2658	4.210795	0.467	1	-115	-0.019377
370875.2024	193107.2857	4.183672	0.471	1	-149	-0.019664
370875.4478	193107.3048	4.109554	0.475	1	-193	-0.016562
370875.6825	193107.32	4.028451	0.479	1	-229	-0.01405
370875.9039	193107.3357	3.986247	0.494	1	-241	-0.009501
370876.0786	193107.3506	3.992667	0.47	1	-152	-0.012598
370876.2418	193107.3647	4.009824	0.492	1	-180	-0.015475
370876.4005	193107.3746	4.026876	0.505	1	-120	-0.012657
370876.5617	193107.3822	4.081948	0.484	1	-50	-0.012946
370876.7254	193107.3935	4.13878	0.528	1	-50	-0.011541
370877.1783	193107.4336	4.196951	0.496	1	117	-0.016043
370877.6247	193107.4753	4.272428	0.481	1	89	-0.019303
370877.8632	193107.4916	4.248758	0.469	1	50	-0.017524
370878.116	193107.5094	4.202692	0.48	1	-50	-0.017268
370878.3538	193107.5253	4.148928	0.479	1	50	-0.017387
370878.5897	193107.5436	4.110639	0.475	1	-50	-0.017105
370878.8182	193107.5651	4.098845	0.482	1	53	-0.016063
370878.9759	193107.577	4.036462	0.486	1	-50	-0.013783
370879.14	193107.5883	4.03737	0.492	1	50	-0.013006
370879.3023	193107.6007	4.056633	0.497	1	80	-0.014093
370879.4579	193107.6132	4.106215	0.495	1	163	-0.015412
370879.6207	193107.6274	4.1606	0.494	1	174	-0.017569
370880.1967	193107.6798	4.21949	0.479	1	236	-0.022175
370880.5397	193107.7105	4.22156	0.462	1	137	-0.022631
370880.7815	193107.7314	4.197623	0.457	1	92	-0.023275
370881.0258	193107.7466	4.132844	0.484	1	117	-0.021547
370881.2583	193107.7671	4.139211	0.467	1	134	-0.02044
370881.4902	193107.7867	4.140792	0.445	1	77	-0.021904
370881.7097	193107.8038	4.11968	0.477	1	86	-0.024464
370881.8644	193107.8167	4.138264	0.497	1	62	-0.024161
370882.0205	193107.8283	4.112277	0.511	1	50	-0.024278
370882.1815	193107.8402	4.084201	0.505	1	-50	-0.022055
370882.3402	193107.8504	4.041038	0.492	1	-50	-0.019517
370882.49	193107.8628	4.082808	0.492	1	67	-0.021105
370883.1774	193107.9195	4.117132	0.497	1	52	-0.02324
370883.4354	193107.9362	4.140205	0.485	1	50	-0.023336
370883.6803	193107.9599	4.194442	0.462	1	0	-0.026265
370883.9187	193107.9848	4.256621	0.457	1	50	-0.030308
370884.1617	193108.0034	4.26838	0.448	1	-50	-0.029873
370884.3945	193108.022	4.211189	0.469	1	-154	-0.029318
370884.6067	193108.0412	4.177001	0.476	1	-177	-0.029069
370884.7706	193108.0553	4.113991	0.476	1	-179	-0.028974
370884.9208	193108.0674	4.066571	0.484	1	-186	-0.02743
370885.0705	193108.0795	4.035395	0.49	1	-118	-0.027121
370885.2227	193108.0914	4.012374	0.508	1	-162	-0.022709
370885.3863	193108.103	3.97601	0.508	1	-101	-0.019205
370886.0986	193108.1601	3.953115	0.504	1	-107	-0.02183
370886.3406	193108.176	3.959029	0.487	1	-77	-0.018365
370886.5783	193108.1947	3.970653	0.479	1	-77	-0.019149
370886.8277	193108.2141	4.01542	0.477	1	-75	-0.019327
370887.0707	193108.2368	4.075355	0.481	1	-65	-0.021506
370887.2999	193108.2575	4.140931	0.487	1	50	-0.024891
370887.5038	193108.2706	4.112211	0.486	1	-50	-0.023688
370887.6582	193108.2815	4.047335	0.504	1	-50	-0.022035
370887.8062	193108.2925	4.005502	0.502	1	50	-0.020814
370887.9564	193108.3051	4.030868	0.49	1	50	-0.020107
370888.1066	193108.3169	4.026022	0.499	1	57	-0.018307
370888.545	193108.3503	4.035331	0.489	1	86	-0.023619
370889.0154	193108.3865	4.064989	0.469	1	133	-0.02204
370889.2467	193108.4078	4.098822	0.455	1	110	-0.023121
370889.493	193108.4275	4.097411	0.458	1	74	-0.021156
370889.7284	193108.4451	4.03589	0.477	1	50	-0.020953
370889.9651	193108.4619	3.987668	0.48	1	54	-0.019237
370890.1857	193108.4808	3.938582	0.471	1	52	-0.019909
370890.3457	193108.496	3.943538	0.48	1	59	-0.02125
370890.4941	193108.5072	3.956904	0.492	1	130	-0.020308
370890.6374	193108.519	3.991902	0.484	1	155	-0.022262
370890.7893	193108.5328	4.046871	0.487	1	108	-0.021231
370890.9539	193108.5445	4.06164	0.484	1	50	-0.020548
370891.6737	193108.6025	4.100482	0.487	1	183	-0.025854
370891.903	193108.6226	4.128312	0.484	1	176	-0.028462
370892.1433	193108.6424	4.120324	0.474	1	93	-0.028482
370892.382	193108.664	4.12584	0.453	1	50	-0.031266
370892.6225	193108.6833	4.121004	0.452	1	55	-0.033324
370892.8639	193108.7048	4.116024	0.467	1	50	-0.035022
370893.0533	193108.7166	4.100712	0.476	1	-50	-0.037072
370893.2162	193108.7288	4.058122	0.483	1	-50	-0.03379
370893.3669	193108.7396	4.032553	0.502	1	-58	-0.033773
370893.5184	193108.7532	3.992074	0.502	1	-74	-0.034203
370893.6619	193108.7655	3.977054	0.504	1	-83	-0.033861
370894.1231	193108.805	3.935739	0.486	1	-124	-0.031077
370894.5856	193108.8428	3.908957	0.462	1	-172	-0.029411
370894.8247	193108.8626	3.848943	0.477	1	-167	-0.029873
370895.0658	193108.8799	3.827277	0.475	1	-181	-0.028922
370895.3104	193108.8983	3.829046	0.489	1	-141	-0.027422
370895.554	193108.9173	3.863993	0.485	1	-127	-0.027819
370895.7819	193108.9374	3.895764	0.49	1	-119	-0.029167
370895.9563	193108.9513	3.947007	0.495	1	-62	-0.029157
370896.1096	193108.9635	3.966045	0.512	1	-50	-0.027459
370896.2687	193108.9754	3.954709	0.512	1	-50	-0.027229
370896.4332	193108.9869	3.936432	0.505	1	73	-0.026465
370896.584	193108.9975	3.91582	0.46	1	118	-0.027565
370897.2622	193109.0467	3.924849	0.449	1	106	-0.025381
370897.5283	193109.0672	3.912126	0.456	1	87	-0.025095
370897.7679	193109.0847	3.900643	0.466	1	93	-0.024772
370898.0054	193109.1047	3.93114	0.487	1	107	-0.027423
370898.2411	193109.1237	3.936986	0.474	1	89	-0.028765
370898.4739	193109.1434	3.956785	0.482	1	132	-0.029671
370898.6904	193109.1617	3.999937	0.497	1	146	-0.030883
370898.8507	193109.1776	4.054907	0.496	1	162	-0.034793
370899.0122	193109.1924	4.067516	0.495	1	134	-0.032513
370899.1631	193109.2049	4.042994	0.489	1	157	-0.032523
370899.3212	193109.2185	4.028479	0.469	1	98	-0.033119
370899.4799	193109.2303	3.99562	0.455	1	79	-0.03203
370900.1616	193109.2834	3.991313	0.431	1	100	-0.029401
370900.4281	193109.3057	3.971701	0.434	1	50	-0.028981
370900.658	193109.3238	3.959178	0.46	1	50	-0.02966
370900.8923	193109.3461	3.968249	0.459	1	50	-0.029864
370901.1432	193109.3667	4.003531	0.476	1	-50	-0.030258
370901.372	193109.3857	4.020068	0.5	1	-50	-0.031348
370901.5871	193109.4002	4.031707	0.507	1	-50	-0.032292
370901.7483	193109.4123	4.027861	0.494	1	-50	-0.032154
370901.9147	193109.4264	4.04547	0.49	1	-50	-0.031566
370902.076	193109.4356	4.042545	0.476	1	-50	-0.029568
370902.2378	193109.4466	4.02592	0.461	1	-87	-0.030451
370902.3973	193109.4581	4.024352	0.484	1	-130	-0.028915
370903.0548	193109.5138	4.002318	0.488	1	-154	-0.028194
370903.3215	193109.5361	4.006503	0.484	1	-135	-0.029321
370903.5616	193109.557	3.998829	0.49	1	-138	-0.030654
370903.804	193109.5802	3.999726	0.502	1	-150	-0.032956
370904.0403	193109.6	3.97456	0.512	1	-151	-0.032433
370904.2738	193109.6187	3.969985	0.55	1	-109	-0.030875
370904.4617	193109.6305	3.960675	0.506	1	-103	-0.029365
370904.6185	193109.6417	3.924034	0.497	1	-88	-0.025309
370904.7768	193109.6532	3.903015	0.494	1	-61	-0.02328
370904.9329	193109.6659	3.876132	0.478	1	-97	-0.02266
370905.0885	193109.6766	3.864966	0.479	1	-59	-0.020277
370905.3505	193109.6958	3.895446	0.451	1	-50	-0.019396
370905.9743	193109.743	3.943946	0.462	1	-50	-0.019775
370906.2212	193109.7655	4.003324	0.467	1	50	-0.022254
370906.4724	193109.7857	4.028225	0.476	1	50	-0.024494
370906.7089	193109.8007	4.040972	0.488	1	56	-0.023341
370906.9409	193109.8219	4.095123	0.526	1	51	-0.027655
370907.1683	193109.8427	4.137362	0.508	1	142	-0.02875
370907.3455	193109.8574	4.126441	0.503	1	126	-0.026864
370907.5064	193109.8682	4.076533	0.504	1	92	-0.021088
370907.6639	193109.876	4.023914	0.491	1	71	-0.018346
370907.8138	193109.8841	3.989327	0.49	1	132	-0.014696
370907.9732	193109.8935	4.005207	0.468	1	135	-0.016138
370908.5516	193109.936	4.076286	0.458	1	160	-0.020476
370908.8767	193109.9646	4.14859	0.445	1	135	-0.021743
370909.1179	193109.9857	4.201312	0.457	1	172	-0.023328
370909.359	193110.009	4.207373	0.478	1	121	-0.02554
370909.6075	193110.0306	4.237705	0.496	1	128	-0.026867
370909.8483	193110.0526	4.244322	0.502	1	96	-0.028827
370910.0645	193110.0703	4.204245	0.499	1	82	-0.027309
370910.2433	193110.0869	4.160979	0.481	1	126	-0.023901
370910.407	193110.099	4.125088	0.496	1	66	-0.02263
370910.5763	193110.1118	4.107484	0.462	1	58	-0.020136
370910.7324	193110.124	4.078073	0.453	1	50	-0.018789
370910.8892	193110.1341	4.06833	0.459	1	50	-0.016436
370911.2609	193110.1618	4.088563	0.459	1	55	-0.017825
370911.7793	193110.2028	4.137515	0.468	1	-50	-0.020087
370912.018	193110.2233	4.195921	0.486	1	-50	-0.021474
370912.2602	193110.2452	4.265184	0.502	1	-50	-0.021847
370912.4989	193110.2631	4.2818	0.505	1	-50	-0.023384
370912.7424	193110.2827	4.27119	0.513	1	-110	-0.022637
370912.9609	193110.2992	4.253658	0.506	1	-127	-0.021794
370913.129	193110.3103	4.233452	0.5	1	-114	-0.02239
370913.2914	193110.3228	4.214423	0.486	1	-113	-0.020141
370913.446	193110.3359	4.197298	0.495	1	-133	-0.020354
370913.6042	193110.349	4.178607	0.472	1	-145	-0.018307
370913.7652	193110.3625	4.159838	0.465	1	-139	-0.02162
370914.4047	193110.4157	4.147366	0.461	1	-151	-0.016707
370914.682	193110.4359	4.107668	0.477	1	-166	-0.014448
370914.9076	193110.4544	4.102009	0.49	1	-173	-0.015504
370915.1624	193110.477	4.083845	0.506	1	-158	-0.014373
370915.4005	193110.4936	4.094811	0.507	1	-145	-0.014645
370915.6342	193110.5138	4.095938	0.528	1	-782	-0.023772
370915.8504	193110.5338	4.163545	0.538	1	-546	-0.000148
370916.0109	193110.5538	5.207449	0.501	1	-650	0.006144
370916.1568	193110.5783	6.927899	0.447	1	-257	0.01196
370916.3066	193110.6121	8.938667	0.484	1	-172	0.002291
370916.4411	193110.6545	11.390577	0.502	1	-50	-0.01488
370916.5953	193110.7124	14.151298	0.471	1	181	-0.029503
370917.1919	193111.0244	16.96453	0.467	1	-131	-0.043937
370917.4099	193111.174	20.368387	0.506	1	-315	-0.063756
370917.6001	193111.3194	23.515147	0.548	1	-50	-0.077944
370917.7797	193111.4723	26.420521	0.577	1	144	-0.088418
370917.9546	193111.633	29.317652	0.566	1	-220	-0.096385
370918.1153	193111.8072	32.408192	0.502	1	76	-0.111946
370918.2817	193111.986	35.35339	0.515	0	-278	-0.115105
370918.4409	193112.1532	38.481877	0.532	0	-197	-0.121353
370918.5973	193112.3261	41.545461	0.453	0	-362	-0.126438
370918.7307	193112.5032	44.65943	0.494	0	-366	-0.139458
370918.8598	193112.7053	48.021415	0.442	0	-552	-0.15361
370918.9709	193112.9024	51.415209	0.386	0	-212	-0.176382
370919.0772	193113.1149	54.699941	0.493	0	-353	-0.191296
370919.1632	193113.3081	57.881997	0.607	0	-351	-0.197682
370919.2405	193113.521	61.211352	0.615	0	-389	-0.201387
370919.3039	193113.7572	64.828083	0.483	0	-400	-0.217324
370919.1732	193114.0801	68.702387	0.397	0	311	-0.24051
370919.0198	193114.3803	72.105922	0.454	0	50	-0.245486
370919.0104	193114.6099	75.739044	0.463	0	-142	-0.252218
370918.9876	193114.8441	79.208829	0.451	0	-54	-0.265176
370918.958	193115.0828	82.605502	0.463	0	773	-0.307066
370918.9365	193115.3102	86.125331	0.572	0	960	-0.352677
370918.9106	193115.5271	88.588252	0.557	0	1000	-0.38136
370918.8832	193115.7589	89.555895	0.487	0	817	-0.381933
370918.8691	193115.9945	88.955426	0.451	0	-50	-0.34525
370918.8659	193116.2229	87.887263	0.471	0	-1000	-0.292275
370918.8727	193116.4636	87.202583	0.479	0	-485	-0.234223
370918.8825	193116.7019	87.512642	0.453	0	-233	-0.206595
370918.8885	193116.9362	88.232662	0.466	0	-57	-0.187592
370918.8945	193117.1748	88.909314	0.506	0	87	-0.181031
370918.8958	193117.4175	89.653874	0.519	0	74	-0.175128
370918.8922	193117.6639	90.336569	0.521	0	156	-0.173019
370918.8834	193117.8993	90.778525	0.499	0	53	-0.168012
370918.8724	193118.1403	91.243777	0.507	0	50	-0.165384
370918.8617	193118.3823	91.589311	0.506	0	50	-0.160305
370918.8494	193118.6278	91.888442	0.51	0	300	-0.156731
370918.8347	193118.8734	91.927413	0.506	0	-50	-0.142937
370918.823	193119.1169	91.779556	0.493	0	-377	-0.125598
370918.8136	193119.3537	91.767357	0.467	0	-115	-0.109214
370918.8008	193119.6068	91.987951	0.484	0	50	-0.102122
370918.7863	193119.856	92.294167	0.497	0	50	-0.099208
370918.7699	193120.1027	92.589777	0.505	0	50	-0.095634
370918.7546	193120.3514	92.826488	0.483	0	-50	-0.090449
370918.7387	193120.5998	93.047623	0.498	0	231	-0.089611
370918.7224	193120.8481	93.104746	0.516	0	79	-0.081083
370918.7057	193121.1003	92.99879	0.515	0	-193	-0.072721
370918.6927	193121.3492	92.898592	0.51	0	-150	-0.059926
370918.6768	193121.6069	92.996218	0.473	0	-81	-0.052359
370918.66	193121.8574	93.162844	0.468	0	-50	-0.044271
370918.6456	193122.1024	93.318383	0.49	0	-50	-0.041007
370918.6289	193122.3473	93.521278	0.476	0	50	-0.036827
370918.6121	193122.595	93.699242	0.473	0	56	-0.036569
370918.5972	193122.8416	93.841188	0.486	0	50	-0.035469
370918.5787	193123.0895	93.901294	0.485	0	86	-0.030891
370918.5622	193123.345	93.929682	0.504	0	96	-0.026712
370918.5442	193123.5895	93.948525	0.486	0	106	-0.023527
370918.526	193123.8396	93.982673	0.475	0	111	-0.02234
370918.5096	193124.0952	93.982079	0.469	0	67	-0.017139
370918.4933	193124.3376	94.013804	0.49	0	50	-0.012775
370918.4769	193124.5928	94.076817	0.473	0	50	-0.010124
370918.462	193124.846	94.122727	0.479	0	63	-0.007908
370918.4465	193125.0939	94.22057	0.474	0	84	-0.00499
370918.4249	193125.3497	94.365841	0.478	0	119	-0.007507
370918.4028	193125.6017	94.532659	0.49	0	101	-0.009678
370918.3812	193125.8606	94.557484	0.494	0	148	-0.004441
370918.3612	193126.1149	94.528462	0.489	0	113	-0.000926
370918.3422	193126.3755	94.492358	0.484	0	119	0.003198
370918.3244	193126.6162	94.506041	0.497	0	80	0.005641
370918.3041	193126.8634	94.533742	0.491	0	60	0.008935
370918.284	193127.119	94.611614	0.491	0	67	0.009159
370918.2649	193127.3679	94.746486	0.476	0	102	0.006605
370918.2447	193127.6197	94.874896	0.48	0	132	0.005093
370918.2227	193127.8637	94.977295	0.452	0	98	0.003793
370918.1995	193128.1015	94.996246	0.457	0	63	0.003511
370918.1955	193128.222	94.916715	0.475	0	-50	0.007486
370918.1882	193128.3942	94.819705	0.488	0	50	0.011402
370918.1749	193128.6367	94.66134	0.488	0	-1000	0.032648
370918.155	193128.8814	95.59548	0.498	0	-713	0.044288
370918.1192	193129.1295	97.909354	0.529	0	-567	0.034636
370918.067	193129.3495	100.901495	0.438	0	-277	0.008253
370917.9862	193129.5856	104.213169	0.538	0	-108	-0.044719
370917.8926	193129.8144	107.475017	0.583	0	77	-0.077628
370917.7896	193130.0227	110.57592	0.46	0	1000	-0.122187
370917.6615	193130.2372	113.410892	0.534	0	239	-0.155814
370917.515	193130.4395	115.849069	0.489	0	-296	-0.167839
370917.3721	193130.6225	117.781295	0.451	0	-337	-0.170465
370917.0107	193130.5996	120.0154	0.458	0	-408	-0.160922
370916.8258	193130.7491	122.712931	0.481	0	-108	-0.171898
370916.6436	193130.8973	125.926999	0.54	0	-116	-0.178893
370916.4558	193131.0374	129.153241	0.544	0	50	-0.197721
370916.2669	193131.1691	132.525715	0.544	0	-194	-0.214286
370916.0727	193131.2965	136.905285	0.493	0	-191	-0.234835
370915.8763	193131.4187	140.518782	0.583	0	228	-0.246208
370915.6727	193131.5347	143.791807	0.579	0	594	-0.262477
370915.4579	193131.6383	147.17545	0.487	0	100	-0.265888
370915.237	193131.7309	150.207431	0.381	0	-133	-0.269627
370914.9937	193131.8183	152.904584	0.337	0	-64	-0.263992
370914.7714	193131.887	155.643606	0.425	0	-164	-0.264852
370914.5416	193131.9416	158.48778	0.557	0	-411	-0.2609
370914.3228	193131.9775	161.674819	0.59	0	-700	-0.268664
370914.0302	193131.8636	165.16492	0.571	0	-481	-0.277018
370913.7339	193131.6215	168.685951	0.498	0	190	-0.296073
370913.5018	193131.5836	173.084443	0.476	0	1000	-0.327922
370913.2828	193131.5389	177.004576	0.469	0	1000	-0.371934
370913.0457	193131.4895	179.885867	0.461	0	1000	-0.411344
370912.8169	193131.4589	181.30574	0.459	0	978	-0.413369
370912.5937	193131.4508	180.791857	0.457	0	242	-0.376827
370912.3625	193131.4629	178.816095	0.49	0	-1000	-0.298638
370912.1255	193131.4871	176.261216	0.485	0	-1000	-0.212027
370911.8886	193131.5212	175.441267	0.474	0	-671	-0.161534
370911.6614	193131.55	176.682092	0.513	0	-57	-0.146149
370911.4214	193131.5643	178.439753	0.493	0	290	-0.151791
370911.1939	193131.5648	180.071018	0.445	0	359	-0.167635
370910.9571	193131.5588	181.16065	0.485	0	210	-0.175591
370910.7205	193131.548	181.798042	0.468	1	269	-0.175015
370910.4857	193131.5379	181.966764	0.439	1	157	-0.163376
370910.2495	193131.5265	181.94158	0.473	1	50	-0.146252
370910.0112	193131.5181	181.816138	0.47	1	-88	-0.124168
370909.7723	193131.5126	181.782937	0.483	1	-59	-0.10461
370909.5356	193131.5058	181.87222	0.482	1	-60	-0.08752
370909.2914	193131.4959	182.096644	0.495	1	-50	-0.074887
370909.0517	193131.4852	182.321656	0.489	1	-50	-0.066188
370908.8089	193131.4744	182.572097	0.487	1	-50	-0.057269
370908.5713	193131.4629	182.792662	0.49	1	50	-0.049533
370908.3348	193131.451	182.999955	0.49	1	-50	-0.041867
370908.1003	193131.4371	183.231389	0.483	1	71	-0.034253
370907.8575	193131.4251	183.397629	0.482	1	50	-0.028782
370907.6311	193131.4103	183.571449	0.461	1	-50	-0.024243
370907.3957	193131.3946	183.736172	0.479	1	50	-0.021322
370907.1565	193131.3783	183.904795	0.497	1	63	-0.015644
370906.9242	193131.3619	183.980803	0.504	1	-107	-0.010052
370906.6887	193131.3474	184.023435	0.498	1	-165	-0.002567
370906.4546	193131.3343	184.046983	0.513	1	-188	0.004972
370906.2196	193131.3208	184.186745	0.519	1	-80	0.011141
370905.9878	193131.3047	184.308572	0.526	1	-67	0.014865
370905.7498	193131.29	184.440888	0.505	1	-50	0.01785
370905.5137	193131.2749	184.571981	0.503	1	-50	0.021702
370905.2854	193131.2586	184.722813	0.479	1	-50	0.022842
370905.055	193131.2447	184.759931	0.471	1	-56	0.027967
370904.8168	193131.2289	184.809458	0.469	1	-58	0.030003
370904.5884	193131.2112	184.854989	0.464	1	-76	0.033458
370904.3593	193131.193	184.894824	0.479	1	-50	0.033832
370904.1215	193131.175	184.909717	0.472	1	-71	0.036447
370903.8562	193131.1613	184.937629	0.487	1	-51	0.040362
370903.4181	193131.1528	184.984558	0.511	1	-50	0.040098
370903.1662	193131.139	185.001334	0.49	1	0	0.043325
370902.9393	193131.1199	185.04721	0.502	1	62	0.04492
370902.7064	193131.0992	185.158109	0.497	1	120	0.045316
370902.4837	193131.0778	185.267305	0.485	1	164	0.044586
370902.2544	193131.0562	185.344354	0.48	1	149	0.045202
370902.03	193131.0352	185.37666	0.486	1	147	0.046146
370901.8043	193131.0181	185.377285	0.466	1	80	0.04864
370901.5792	193131.0013	185.388444	0.453	1	128	0.050708
370901.3533	193130.9841	185.383367	0.449	1	153	0.051133
370901.1293	193130.9672	185.38692	0.479	1	89	0.051755
370900.9023	193130.9479	185.441283	0.477	1	118	0.051562
370900.6797	193130.9303	185.482991	0.496	1	105	0.050834
370900.4467	193130.9124	185.522341	0.483	1	162	0.049935
370900.226	193130.8926	185.556834	0.484	1	104	0.048921
370899.9928	193130.872	185.586863	0.486	1	126	0.050789
370899.7664	193130.8521	185.615212	0.468	1	122	0.048303
370899.5367	193130.8332	185.628717	0.44	1	91	0.050357
370899.3033	193130.8135	185.616548	0.439	1	92	0.051601
370898.8417	193130.8017	185.599264	0.45	1	57	0.052281
370898.5525	193130.786	185.577407	0.458	1	-50	0.054299
370898.3215	193130.7656	185.553765	0.469	1	-50	0.055859
370898.1004	193130.7465	185.56817	0.482	1	-77	0.055405
370897.8794	193130.7271	185.622292	0.498	1	-70	0.056827
370897.6574	193130.7084	185.665662	0.501	1	-50	0.056029
370897.43	193130.6892	185.702139	0.499	1	-50	0.05666
370897.2067	193130.6685	185.747361	0.496	1	-50	0.056338
370896.9836	193130.6481	185.760443	0.496	1	-81	0.054275
370896.7682	193130.6293	185.768462	0.473	1	-74	0.056036
370896.5457	193130.6089	185.769564	0.48	1	-133	0.056336
370896.3189	193130.5909	185.729342	0.465	1	-140	0.058611
370896.0874	193130.5719	185.696355	0.471	1	-173	0.060026
370895.8625	193130.5535	185.634219	0.479	1	-180	0.060986
370895.6346	193130.5362	185.575372	0.503	1	-158	0.063364
370895.4086	193130.5191	185.576818	0.501	1	-159	0.064427
370895.1783	193130.5011	185.598898	0.504	1	-138	0.063371
370894.9383	193130.4821	185.621387	0.507	1	-113	0.063293
370894.6791	193130.4617	185.679093	0.509	1	-58	0.063226
370894.227	193130.445	185.75795	0.5	1	-50	0.061858
370893.968	193130.4262	185.765028	0.499	1	-50	0.062829
370893.7485	193130.4072	185.758174	0.493	1	50	0.063448
370893.5209	193130.3868	185.758486	0.473	1	50	0.062688
370893.2981	193130.3663	185.763565	0.459	1	-50	0.064474
370893.0686	193130.3461	185.733219	0.468	1	-50	0.066095
370892.8424	193130.3265	185.720277	0.458	1	50	0.064673
370892.621	193130.3077	185.700724	0.463	1	50	0.067985
370892.3901	193130.2885	185.673182	0.464	1	0	0.068061
370892.1648	193130.2703	185.665204	0.483	1	88	0.071033
370891.939	193130.2499	185.710865	0.485	1	103	0.071165
370891.7147	193130.2321	185.74176	0.492	1	108	0.073836
370891.484	193130.2144	185.750971	0.503	1	95	0.074203
370891.2533	193130.1956	185.820534	0.48	1	191	0.070293
370891.023	193130.1757	185.900718	0.457	1	204	0.067814
370890.7912	193130.1552	185.947988	0.455	1	124	0.066886
370890.5537	193130.1343	185.965091	0.472	1	125	0.066621
370890.3164	193130.1129	185.969467	0.476	1	107	0.064603
370890.0766	193130.0925	185.95373	0.485	1	107	0.064599
370889.8365	193130.0696	185.918487	0.495	1	53	0.062599
370889.6056	193130.0498	185.902479	0.49	1	84	0.06504
370889.2876	193130.0339	185.877458	0.505	1	50	0.063607
370888.9407	193130.0217	185.864316	0.503	1	50	0.062981
370888.6901	193130.0038	185.818677	0.509	1	50	0.06565
370888.4506	193129.9828	185.797983	0.508	1	50	0.068066
370888.2237	193129.9625	185.794015	0.485	1	50	0.067297
370887.9924	193129.9411	185.826295	0.463	1	50	0.069625
370887.7638	193129.9246	185.836452	0.455	1	50	0.068009
370887.5321	193129.9061	185.878572	0.473	1	50	0.070616
370887.3008	193129.8821	185.996426	0.462	1	65	0.064393
370887.0698	193129.8619	186.003586	0.467	1	-50	0.064386
370886.8342	193129.8414	185.98347	0.49	1	-106	0.065642
370886.6066	193129.8225	185.967805	0.492	1	-137	0.065185
370886.3726	193129.8032	185.93054	0.486	1	-156	0.065192
370886.1312	193129.7824	185.892256	0.498	1	-145	0.066687
370885.8961	193129.7627	185.871867	0.506	1	-127	0.068144
370885.6655	193129.7442	185.849549	0.508	1	-112	0.070963
370885.4306	193129.7236	185.822308	0.496	1	-106	0.074539
370885.1965	193129.7054	185.776324	0.474	1	-151	0.076679
370884.9639	193129.6871	185.800763	0.49	1	-96	0.07642
370884.7308	193129.6661	185.85739	0.467	1	-128	0.076037
370884.4937	193129.6443	185.90448	0.476	1	-123	0.072071
370884.2639	193129.6241	185.93681	0.484	1	-106	0.070714
370884.0308	193129.6022	185.952734	0.489	1	-71	0.068847
370883.7998	193129.5823	185.973689	0.492	1	-50	0.069785
370883.5626	193129.5594	185.952172	0.509	1	-50	0.070488
370883.3279	193129.5401	185.926961	0.512	1	-50	0.071742
370882.9297	193129.5395	185.896829	0.504	1	50	0.073367
370882.6246	193129.5269	185.892734	0.501	1	-50	0.075053
370882.3926	193129.5072	185.87867	0.501	1	50	0.074638
370882.1491	193129.4857	185.894213	0.462	1	50	0.076449
370881.9254	193129.467	185.89169	0.456	1	122	0.076741
370881.6927	193129.449	185.888142	0.456	1	109	0.077249
370881.4591	193129.4297	185.881379	0.461	1	135	0.075335
370881.2296	193129.4108	185.903748	0.478	1	129	0.074794
370880.994	193129.3909	185.933073	0.482	1	95	0.072531
370880.7637	193129.3703	185.935814	0.478	1	115	0.073044
370880.5342	193129.3491	185.949041	0.479	1	122	0.073722
370880.2995	193129.3268	185.984866	0.489	1	123	0.072259
370880.068	193129.3061	186.00648	0.499	1	99	0.073099
370879.844	193129.2861	186.024261	0.481	1	86	0.074052
370879.6094	193129.266	186.015558	0.48	1	94	0.075016
370879.3806	193129.2442	186.043728	0.46	1	86	0.074797
370879.148	193129.2237	186.034377	0.432	1	75	0.075435
370878.9175	193129.2037	186.023827	0.467	1	69	0.07642
370878.6877	193129.183	186.032473	0.475	1	64	0.074579
370878.4635	193129.164	186.037631	0.47	1	77	0.073779
370878.231	193129.1431	186.039501	0.477	1	50	0.073738
370877.9922	193129.1216	186.030819	0.486	1	-50	0.074142
370877.7544	193129.1004	186.036375	0.489	1	-50	0.074218
370877.5081	193129.0809	186.022414	0.502	1	-50	0.074725
370877.0939	193129.0844	185.994578	0.496	1	-50	0.076705
370876.801	193129.0719	186.01453	0.486	1	-50	0.076698
370876.5669	193129.0521	186.060818	0.466	1	50	0.074146
370876.3292	193129.0312	186.072924	0.459	1	-50	0.076169
370876.0961	193129.0101	186.095573	0.462	1	-70	0.075373
370875.8531	193128.9897	186.107514	0.466	1	-50	0.074022
370875.6245	193128.9695	186.111605	0.467	1	-81	0.071892
370875.3943	193128.9475	186.146922	0.467	1	-99	0.072216
370875.1617	193128.9257	186.109703	0.468	1	-124	0.073014
370874.9249	193128.905	186.065824	0.497	1	-108	0.074303
370874.6931	193128.8837	186.063142	0.515	1	-138	0.074377
370874.4637	193128.8638	186.021848	0.506	1	-138	0.077827
370874.2266	193128.8423	185.972366	0.503	1	-135	0.081461
370873.9838	193128.821	185.934188	0.494	1	-158	0.082775
370873.7507	193128.8021	185.91809	0.498	1	-149	0.084223
370873.5131	193128.7788	185.93721	0.489	1	-129	0.083618
370873.2744	193128.7581	185.97972	0.484	1	-93	0.083679
370873.0341	193128.7369	186.028007	0.472	1	-52	0.080705
370872.7963	193128.7122	186.107031	0.486	1	50	0.078419
370872.56	193128.6909	186.106057	0.495	1	50	0.078129
370872.3249	193128.6696	186.126795	0.499	1	-50	0.079317
370872.0853	193128.6487	186.131387	0.494	1	50	0.078372
370871.8434	193128.6293	186.111014	0.496	1	67	0.078123
370871.6123	193128.6088	186.09787	0.508	1	93	0.078725
370871.3751	193128.5894	186.083218	0.493	1	101	0.079128
370871.1426	193128.5704	186.060448	0.488	1	50	0.081655
370870.9023	193128.551	186.039593	0.469	1	59	0.08096
370870.6626	193128.5332	186.020806	0.446	1	94	0.082112
370870.428	193128.5141	185.987541	0.456	1	63	0.084339
370870.1963	193128.4959	185.977675	0.468	1	70	0.085699
370869.963	193128.4775	186.000008	0.469	1	122	0.081764
370869.7244	193128.459	186.032948	0.487	1	163	0.083129
370869.4902	193128.438	186.088931	0.491	1	142	0.0814
370869.2576	193128.4166	186.146485	0.494	1	158	0.07889
370869.0218	193128.3949	186.185737	0.498	1	143	0.075063
370868.7876	193128.3745	186.197521	0.489	1	107	0.071796
370868.5517	193128.354	186.160954	0.487	1	60	0.073594
370868.3222	193128.3321	186.148083	0.476	1	87	0.073928
370868.0475	193128.3196	186.13578	0.466	1	85	0.073235
370867.6755	193128.3269	186.127558	0.459	1	53	0.073755
370867.4064	193128.3103	186.119631	0.449	1	66	0.074873
370867.1625	193128.2912	186.066714	0.455	1	-50	0.076402
370866.9336	193128.2738	186.031629	0.463	1	-50	0.07769
370866.7025	193128.2561	186.022074	0.473	1	-50	0.079681
370866.4738	193128.2383	186.014484	0.481	1	-50	0.080742
370866.2441	193128.2172	186.050969	0.491	1	-50	0.078368
370866.0096	193128.1972	186.085471	0.494	1	50	0.075745
370865.7862	193128.1783	186.11173	0.487	1	50	0.07608
370865.5552	193128.1582	186.139268	0.493	1	-50	0.075465
370865.3242	193128.1381	186.177044	0.488	1	-50	0.073765
370865.1025	193128.1191	186.185227	0.481	1	-50	0.074754
370864.873	193128.0976	186.185622	0.455	1	-84	0.075237
370864.6449	193128.0759	186.174288	0.456	1	-117	0.075947
370864.4116	193128.0536	186.166178	0.467	1	-136	0.077024
370864.1836	193128.0332	186.132738	0.477	1	-131	0.076555
370863.9619	193128.0132	186.075498	0.476	1	-132	0.079271
370863.7227	193127.9908	186.00416	0.5	1	-141	0.080558
370863.4902	193127.971	185.963417	0.493	1	-139	0.081054
370863.2619	193127.9536	185.950774	0.502	1	-97	0.082795
370862.8673	193127.952	185.949544	0.497	1	-138	0.083998
370862.5373	193127.9403	185.973794	0.483	1	-99	0.082831
370862.3029	193127.9195	186.017706	0.465	1	-50	0.082985
370862.0815	193127.8991	186.066312	0.456	1	-50	0.082224
370861.8541	193127.8788	186.103628	0.469	1	50	0.081267
370861.6338	193127.858	186.129432	0.478	1	-50	0.081463
370861.4058	193127.8379	186.138351	0.471	1	-50	0.080558
370861.1837	193127.8169	186.140998	0.492	1	50	0.081075
370860.9657	193127.7985	186.124694	0.477	1	77	0.08302
370860.7407	193127.779	186.143267	0.499	1	101	0.081908
370860.5193	193127.7574	186.128041	0.513	1	52	0.082581
370860.296	193127.7386	186.088662	0.506	1	50	0.084167
370860.0767	193127.7197	186.069895	0.486	1	101	0.08277
370859.8537	193127.7	186.055134	0.475	1	77	0.084399
370859.6381	193127.6805	186.034408	0.469	1	59	0.086521
370859.4226	193127.6618	186.027479	0.462	1	96	0.087137
370859.1972	193127.6434	186.065068	0.471	1	77	0.088574
370858.681	193127.6372	186.108499	0.479	1	-139	0.087744
370858.4081	193127.6164	186.226382	0.474	1	-438	0.096198
370858.1885	193127.5913	186.828276	0.483	1	50	0.109939
370857.9821	193127.5524	188.002453	0.492	1	-425	0.116457
370857.7873	193127.5143	189.430498	0.482	1	-374	0.124061
370857.5816	193127.4631	191.220436	0.482	1	-115	0.122065
370857.3952	193127.4067	193.440319	0.482	1	-273	0.121863
370857.2062	193127.3371	196.00763	0.514	1	-148	0.121193
370857.0245	193127.2621	198.718336	0.527	1	-232	0.115644
370856.8522	193127.1775	201.230039	0.496	1	-295	0.109681
370856.6728	193127.0773	204.075462	0.51	1	-91	0.100591
370856.4081	193126.8386	207.129563	0.507	1	-260	0.088899
370856.1035	193126.4903	210.28347	0.487	1	156	0.076892
370855.952	193126.3139	213.351471	0.454	0	-586	0.060998
370855.8099	193126.13	216.435943	0.389	0	-771	0.046508
370855.6895	193125.9468	219.825653	0.437	0	-1000	0.027721
370855.5861	193125.7855	223.277192	0.415	0	-883	-0.004127
370855.4824	193125.6246	226.53908	0.572	0	-657	-0.018346
370855.3498	193125.4221	229.824269	0.628	0	-434	-0.042681
370855.2313	193125.2067	233.904389	0.539	0	-414	-0.060652
370855.1306	193124.9866	237.599197	0.379	0	-500	-0.084798
370855.0381	193124.7517	241.237276	0.377	0	-98	-0.105245
370854.9734	193124.5279	245.352651	0.467	0	-109	-0.119891
370854.9191	193124.2982	248.489467	0.496	0	156	-0.146489
370854.8763	193124.0619	250.701358	0.469	0	-97	-0.154348
370854.8358	193123.8235	253.083601	0.472	0	-162	-0.163854
370854.8379	193123.5822	256.470801	0.572	0	-445	-0.167496
370855.1444	193123.2419	259.317049	0.623	0	50	-0.190571
370855.1905	193123.0059	262.441191	0.495	0	441	-0.220961
370855.2439	193122.769	265.824003	0.377	0	1000	-0.270451
370855.281	193122.5288	268.751073	0.367	0	1000	-0.327506
370855.3249	193122.3019	272.826698	0.499	0	1000	-0.367989
370855.3605	193122.0876	273.159037	0.548	0	862	-0.363722
370855.3756	193121.8668	271.632163	0.442	0	-422	-0.314725
370855.3702	193121.6394	268.866835	0.483	0	-1000	-0.225231
370855.3497	193121.4067	266.991436	0.454	0	-918	-0.15741
370855.3235	193121.1798	266.38123	0.476	0	-582	-0.113435
370855.305	193120.9513	267.753879	0.494	0	50	-0.115063
370855.3023	193120.7121	269.553499	0.464	0	460	-0.132943
370855.3072	193120.4708	271.005349	0.459	0	185	-0.157291
370855.3193	193120.229	272.030974	0.494	0	508	-0.165814
370855.334	193120.0039	272.302164	0.453	0	187	-0.15954
370855.3447	193119.7747	272.006318	0.485	0	-234	-0.138072
370855.3529	193119.5549	271.580435	0.489	0	-319	-0.10914
370855.3564	193119.3372	271.384706	0.476	0	-237	-0.087685
370855.3608	193119.1184	271.680995	0.484	0	-106	-0.073677
370855.367	193118.9101	272.031524	0.49	0	-50	-0.064096
370855.3757	193118.7035	272.379014	0.503	0	50	-0.063064
370855.3851	193118.4923	272.709422	0.492	0	50	-0.061911
370855.3965	193118.2867	273.0072	0.486	0	50	-0.055151
370855.4102	193118.0857	273.219939	0.486	0	50	-0.055991
370855.4364	193117.709	273.404853	0.488	0	50	-0.052504
370855.4696	193117.2593	273.571362	0.49	0	155	-0.051115
370855.4861	193117.0171	273.71208	0.484	0	224	-0.047896
370855.4995	193116.7826	273.718125	0.477	0	50	-0.038109
370855.5095	193116.5632	273.603234	0.485	0	75	-0.03024
370855.5201	193116.3642	273.609561	0.488	0	50	-0.02066
370855.5312	193116.1692	273.695342	0.465	0	50	-0.014501
370855.5425	193115.9895	273.819117	0.461	0	50	-0.009366
370855.5546	193115.7983	273.996803	0.479	0	54	-0.006278
370855.5665	193115.6171	274.195777	0.463	0	107	-0.004929
370855.5774	193115.4379	274.381429	0.479	0	126	-0.003638
370855.591	193115.2376	274.503264	0.471	0	97	-0.001606
370855.629	193114.5932	274.574774	0.473	0	78	0.001188
370855.6433	193114.3565	274.599733	0.48	0	66	0.004204
370855.6612	193114.1135	274.620997	0.474	0	69	0.004979
370855.6778	193113.8659	274.657856	0.484	0	73	0.008694
370855.691	193113.6371	274.710345	0.47	0	70	0.012068
370855.7025	193113.4267	274.778363	0.479	0	-50	0.015143
370855.7164	193113.2514	274.85438	0.476	0	-54	0.019106
370855.7293	193113.0776	274.962737	0.469	0	50	0.019754
370855.7424	193112.91	275.037722	0.464	0	-50	0.020799
370855.7561	193112.7327	275.029028	0.475	0	-101	0.024449
370855.7694	193112.5623	275.020129	0.486	0	-147	0.025432
370855.7885	193112.318	275.015709	0.488	0	-190	0.030953
370855.8248	193111.6842	274.968302	0.482	0	-196	0.034695
370855.8431	193111.4562	274.987028	0.488	0	-157	0.037625
370855.8669	193111.1985	275.105151	0.491	0	-50	0.034003
370855.8826	193110.9631	275.227377	0.487	0	64	0.03488
370855.9058	193110.7203	275.392997	0.494	0	55	0.031978
370855.9223	193110.5107	275.384851	0.487	0	-73	0.032806
370855.9352	193110.3412	275.305284	0.479	0	-196	0.037284
370855.9448	193110.1801	275.202907	0.475	0	-247	0.041569
370855.9542	193110.0259	275.068506	0.466	0	-250	0.04918
370855.9626	193109.8763	275.040162	0.472	0	-238	0.052049
370855.9725	193109.7155	275.205618	0.487	0	-122	0.050159
370856.02	193109.0399	275.469571	0.502	0	50	0.047057
370856.0455	193108.7879	275.638702	0.489	0	73	0.04008
370856.0597	193108.5547	275.613899	0.488	0	50	0.042818
370856.0758	193108.3125	275.53411	0.483	0	50	0.048899
370856.0924	193108.0688	275.421612	0.467	0	-77	0.049589
370856.1072	193107.8508	275.304492	0.471	0	-73	0.054238
370856.1187	193107.6765	275.268745	0.463	0	-50	0.056688
370856.1286	193107.5379	275.355208	0.454	0	-247	0.058214
370856.1469	193107.3945	276.081107	0.478	0	-765	0.056514
370856.1641	193107.2696	277.487171	0.453	0	-408	0.050127
370856.1981	193107.1037	279.558606	0.454	0	-395	0.032593
370856.3806	193106.4357	282.219891	0.492	0	-50	0.003939
370856.5005	193106.2204	285.156502	0.48	0	235	-0.03128
370856.6273	193106.0177	287.710874	0.493	0	-166	-0.071798
370856.7632	193105.8123	290.193384	0.465	0	-471	-0.100017
370856.9259	193105.599	293.225537	0.46	0	115	-0.129603
370857.0769	193105.4056	296.09163	0.574	0	50	-0.152154
370857.2176	193105.2152	298.955905	0.599	0	-297	-0.1613
370857.3492	193105.0398	301.578292	0.564	0	-485	-0.163837
370857.498	193104.856	303.902317	0.501	0	50	-0.171742
370857.6615	193104.6694	306.613803	0.471	0	-196	-0.167625
370857.8224	193104.5026	309.513068	0.446	0	-272	-0.168449
370858.003	193104.349	312.619254	0.418	0	-102	-0.178861
370858.1844	193104.212	315.81699	0.451	0	-247	-0.189019
370858.3698	193104.0849	318.923008	0.506	0	-283	-0.198251
370858.5772	193103.9625	322.09234	0.497	0	-150	-0.21616
370858.7912	193103.8581	325.486085	0.458	0	-247	-0.225841
370859.0099	193103.7694	328.941686	0.527	0	-75	-0.237303
370859.3744	193103.9249	332.113195	0.662	0	50	-0.243774
370859.6535	193103.9685	335.171112	0.591	0	-257	-0.249815
370859.9104	193103.9606	338.637612	0.395	0	-50	-0.273038
370860.1626	193103.9464	341.986996	0.296	0	94	-0.283586
370860.3892	193103.9245	345.888527	0.403	0	104	-0.293382
370860.5993	193103.9205	349.744695	0.536	0	227	-0.308559
370860.8228	193103.9337	353.661808	0.607	0	665	-0.346289
370861.063	193103.9589	356.65653	0.519	0	588	-0.378464
370861.3088	193103.9865	358.278609	0.452	0	1000	-0.39288
370861.5338	193104.0088	358.723023	0.491	0	291	-0.376178
370861.748	193104.0202	358.033401	0.484	0	-858	-0.325501
370861.9718	193104.0187	357.11046	0.502	0	-538	-0.273901
370862.2152	193104.014	357.349361	0.524	0	50	-0.24153
370862.4434	193104.0123	357.874384	0.544	0	158	-0.220145
370862.68	193104.0121	358.547213	0.524	0	88	-0.211102
370862.9101	193104.0135	359.148924	0.505	0	50	-0.202666
370863.1449	193104.0221	359.751323	0.491	0	80	-0.197009
370863.3689	193104.0274	0.062286	0.483	0	50	-0.190275
370863.596	193104.0376	0.526704	0.487	1	122	-0.182852
370863.8154	193104.0491	0.523143	0.511	1	-61	-0.172173
370864.0385	193104.0598	0.758021	0.513	1	50	-0.163987
370864.2607	193104.0711	1.029216	0.516	1	-50	-0.152259
370864.4749	193104.0816	0.731969	0.49	1	-50	-0.140243
370864.6947	193104.0924	1.107549	0.494	1	-50	-0.131067
370864.9094	193104.1044	1.278833	0.48	1	-55	-0.121221
370865.1253	193104.1158	1.234339	0.505	1	-50	-0.115033
370865.3389	193104.1273	1.514881	0.471	1	50	-0.103297
370865.7894	193104.192	1.651497	0.469	1	50	-0.096956
370866.1165	193104.2251	1.91271	0.471	1	104	-0.09308
370866.3698	193104.2407	2.202388	0.503	1	114	-0.093473
370866.5881	193104.2527	2.446174	0.508	1	134	-0.092498
370866.7961	193104.2649	2.631215	0.51	1	122	-0.091008
370867.0067	193104.2781	2.766925	0.49	1	85	-0.09009
370867.2088	193104.2909	2.850894	0.481	1	113	-0.085679
370867.4139	193104.3042	2.89558	0.467	1	96	-0.082775
370867.6176	193104.3163	2.932924	0.468	1	60	-0.077864
370867.832	193104.3302	2.945992	0.465	1	50	-0.07361
370868.0366	193104.3435	2.953199	0.456	1	50	-0.068672
370868.2381	193104.3559	2.97091	0.468	1	-50	-0.062416
370868.577	193104.3832	3.022979	0.48	1	-50	-0.058131
370869.0435	193104.4185	3.080333	0.48	1	-50	-0.055272
370869.2843	193104.4366	3.195056	0.505	1	50	-0.054473
370869.521	193104.4574	3.319344	0.508	1	50	-0.054026
370869.7457	193104.4723	3.458835	0.517	1	50	-0.052797
370869.9465	193104.4868	3.591484	0.504	1	50	-0.05407
370870.1525	193104.5026	3.627496	0.486	1	-50	-0.053262
370870.349	193104.5181	3.657622	0.502	1	-145	-0.051072
370870.5436	193104.5333	3.643777	0.487	1	-121	-0.049583
370870.7358	193104.546	3.604462	0.469	1	-155	-0.045909
370870.9387	193104.5584	3.564614	0.492	1	-214	-0.040381
370871.1368	193104.5697	3.541372	0.484	1	-193	-0.03549
370871.3361	193104.582	3.571983	0.519	1	-93	-0.036073
370871.9406	193104.6272	3.615205	0.531	1	-123	-0.031311
370872.1898	193104.6429	3.674472	0.515	1	-114	-0.028631
370872.4302	193104.6614	3.732355	0.505	1	-103	-0.028302
370872.6603	193104.6792	3.816812	0.501	1	-104	-0.029117
370872.8743	193104.6949	3.888192	0.489	1	-68	-0.029011
370873.059	193104.709	3.970411	0.474	1	-72	-0.030399
370873.2497	193104.7248	4.027514	0.476	1	-85	-0.031227
370873.4441	193104.7403	4.012872	0.463	1	-50	-0.030258
370873.6363	193104.7562	3.979956	0.464	1	-87	-0.027963
370873.821	193104.7704	3.954697	0.469	1	-50	-0.026281
370874.0067	193104.7841	3.922178	0.474	1	-50	-0.020112
370874.2047	193104.7976	3.864342	0.477	1	-50	-0.016031
370874.8375	193104.8389	3.831244	0.488	1	50	-0.015175
370875.0872	193104.8578	3.886574	0.48	1	108	-0.015858
370875.3069	193104.8734	3.947022	0.483	1	93	-0.013286
370875.5543	193104.8938	4.011598	0.489	1	62	-0.01466
370875.7889	193104.9134	4.058633	0.472	1	120	-0.016497
370875.9741	193104.9265	4.114625	0.492	1	128	-0.015177
370876.1652	193104.9424	4.18198	0.482	1	87	-0.017736
370876.3419	193104.9558	4.234681	0.477	1	147	-0.022034
370876.524	193104.97	4.231643	0.483	1	112	-0.02219
370876.7031	193104.9854	4.190508	0.461	1	83	-0.020383
370876.8841	193104.9971	4.134212	0.482	1	84	-0.016817
370877.1015	193105.0133	4.11804	0.503	1	124	-0.0157
370877.7495	193105.0632	4.137632	0.531	1	157	-0.015061
370877.9721	193105.0804	4.172529	0.518	1	50	-0.014535
370878.2371	193105.1081	4.176409	0.508	1	101	-0.018827
370878.4717	193105.1268	4.178072	0.499	1	61	-0.018292
370878.7032	193105.1482	4.204565	0.491	1	-50	-0.02082
370878.8861	193105.1627	4.237576	0.484	1	50	-0.021831
370879.0701	193105.1783	4.250634	0.476	1	-50	-0.022316
370879.2448	193105.1925	4.241724	0.488	1	-50	-0.022622
370879.4238	193105.2072	4.240462	0.469	1	-89	-0.020951
370879.5989	193105.2211	4.248151	0.462	1	-96	-0.021361
370879.777	193105.235	4.235802	0.493	1	-66	-0.021274
370880.0854	193105.2622	4.25125	0.499	1	-50	-0.020197
370880.6468	193105.3114	4.254365	0.498	1	-101	-0.020105
370880.8913	193105.3314	4.222943	0.525	1	-103	-0.021784
370881.1301	193105.3449	4.191933	0.492	1	-177	-0.017028
370881.3655	193105.3665	4.184029	0.483	1	-173	-0.020631
370881.6186	193105.3811	4.119694	0.49	1	-188	-0.013409
370881.8113	193105.392	4.070746	0.492	1	-139	-0.013598
370881.9858	193105.4046	4.091714	0.485	1	-117	-0.012522
370882.159	193105.4189	4.143052	0.5	1	-50	-0.013032
370882.3369	193105.4317	4.169398	0.491	1	-50	-0.013023
370882.5093	193105.446	4.186453	0.486	1	-50	-0.013885
370882.6872	193105.4574	4.198338	0.498	1	50	-0.011878
370883.3125	193105.5125	4.260731	0.506	1	-50	-0.014644
370883.5763	193105.538	4.291473	0.504	1	82	-0.01849
370883.8123	193105.5534	4.25719	0.488	1	-50	-0.016296
370884.058	193105.5755	4.227787	0.487	1	50	-0.014727
370884.2935	193105.5979	4.187444	0.463	1	50	-0.017106
370884.5112	193105.6157	4.144159	0.465	1	50	-0.014957
370884.6919	193105.63	4.1007	0.477	1	81	-0.016186
370884.8575	193105.6431	4.076846	0.473	1	58	-0.012793
370885.0282	193105.6567	4.09904	0.457	1	103	-0.014075
370885.1992	193105.667	4.080973	0.491	1	152	-0.010724
370885.369	193105.6788	4.117215	0.509	1	197	-0.013378
370885.603	193105.6928	4.160064	0.509	1	216	-0.012162
370886.2365	193105.745	4.209891	0.496	1	140	-0.011878
370886.4757	193105.7674	4.238204	0.494	1	125	-0.016317
370886.7197	193105.7865	4.26198	0.471	1	123	-0.021478
370886.9654	193105.8069	4.256508	0.478	1	94	-0.018854
370887.1891	193105.8254	4.272882	0.475	1	97	-0.019508
370887.3962	193105.8405	4.269191	0.488	1	127	-0.02046
370887.5596	193105.8546	4.291253	0.486	1	67	-0.020643
370887.7252	193105.8656	4.286891	0.472	1	50	-0.022432
370887.8908	193105.8784	4.28379	0.478	1	60	-0.020104
370888.0579	193105.8943	4.293305	0.506	1	50	-0.019721
370888.2278	193105.9102	4.306027	0.497	1	50	-0.022766
370888.8833	193105.9639	4.239378	0.489	1	50	-0.022084
370889.1677	193105.988	4.174913	0.477	1	-155	-0.01906
370889.4036	193106.0075	4.125911	0.484	1	-135	-0.019569
370889.649	193106.0253	4.071875	0.493	1	-235	-0.014537
370889.8842	193106.0406	4.050915	0.489	1	-175	-0.010237
370890.1049	193106.0585	4.088932	0.482	1	-118	-0.012505
370890.2746	193106.0706	4.141973	0.501	1	-136	-0.013369
370890.4412	193106.0828	4.190079	0.491	1	-144	-0.009417
370890.6008	193106.0948	4.259846	0.496	1	-108	-0.011354
370890.7663	193106.1051	4.281311	0.512	1	-110	-0.011042
370890.9212	193106.1169	4.308768	0.536	1	-53	-0.012873
370891.4808	193106.1647	4.324815	0.518	1	-50	-0.015631
370891.8255	193106.1966	4.310061	0.52	1	-50	-0.018139
370892.0693	193106.2152	4.258577	0.501	1	-124	-0.015405
370892.3013	193106.2335	4.205407	0.487	1	-117	-0.014755
370892.5202	193106.2505	4.130734	0.494	1	-81	-0.0152
370892.778	193106.2663	4.065705	0.481	1	-50	-0.011433
370892.9741	193106.2824	4.032488	0.463	1	50	-0.012194
370893.1375	193106.2948	4.050122	0.459	1	50	-0.013183
370893.2998	193106.3085	4.103457	0.459	1	64	-0.01212
370893.4615	193106.3194	4.121968	0.464	1	60	-0.012683
370893.6197	193106.3313	4.168128	0.472	1	103	-0.012245
370893.8184	193106.3496	4.246531	0.481	1	187	-0.020612
370894.5045	193106.4065	4.253136	0.484	1	131	-0.020485
370894.7601	193106.4279	4.258337	0.509	1	78	-0.020658
370894.988	193106.4456	4.238123	0.477	1	84	-0.018716
370895.2382	193106.4686	4.234501	0.471	1	98	-0.01873
370895.4635	193106.4847	4.233451	0.466	1	97	-0.019264
370895.6906	193106.5043	4.231106	0.468	1	89	-0.019742
370895.858	193106.5161	4.186531	0.468	1	50	-0.019279
370896.0267	193106.5304	4.13524	0.484	1	75	-0.018001
370896.1781	193106.5422	4.104527	0.5	1	50	-0.01822
370896.3411	193106.5534	4.127455	0.481	1	-50	-0.01833
370896.5076	193106.5666	4.150707	0.505	1	65	-0.021034
370897.1337	193106.6227	4.178123	0.512	1	57	-0.024642
370897.4181	193106.6445	4.238754	0.489	1	-50	-0.024658
370897.6641	193106.6651	4.255666	0.495	1	-50	-0.024673
370897.8773	193106.6823	4.23712	0.513	1	-60	-0.026152
370898.1343	193106.703	4.211423	0.461	1	-53	-0.027327
370898.3708	193106.7229	4.173573	0.472	1	-88	-0.026589
370898.5506	193106.739	4.155715	0.505	1	-101	-0.028549
370898.7293	193106.754	4.12199	0.473	1	-169	-0.025797
370898.9062	193106.7679	4.110581	0.505	1	-150	-0.025516
370899.0943	193106.784	4.101963	0.487	1	-106	-0.023199
370899.2708	193106.7969	4.062143	0.484	1	-125	-0.021676
370899.4452	193106.8082	4.011349	0.535	1	-143	-0.018219
370899.8341	193106.8404	4.020061	0.518	1	-156	-0.019909
370900.3115	193106.8802	4.039295	0.495	1	-179	-0.019897
370900.5564	193106.9002	4.047584	0.482	1	-202	-0.01966
370900.7907	193106.9202	4.051544	0.474	1	-152	-0.020907
370901.0303	193106.9356	4.050335	0.478	1	-119	-0.019406
370901.2585	193106.9551	4.091611	0.478	1	-86	-0.019021
370901.4617	193106.9683	4.080944	0.469	1	-102	-0.021167
370901.6278	193106.9799	4.071215	0.47	1	-50	-0.019909
370901.7906	193106.9909	4.089527	0.483	1	-50	-0.018994
370901.9613	193107.0041	4.094179	0.5	1	50	-0.019896
370902.1371	193107.0179	4.08755	0.506	1	50	-0.02158
370902.2943	193107.0299	4.093426	0.514	1	50	-0.021214
370902.946	193107.089	4.132508	0.49	1	76	-0.025482
370903.2042	193107.1081	4.097683	0.499	1	50	-0.024621
370903.4455	193107.1283	4.053835	0.493	1	-50	-0.024042
370903.685	193107.1449	3.990196	0.484	1	51	-0.022452
370903.9242	193107.1621	3.926069	0.465	1	50	-0.02021
370904.1563	193107.1826	3.872361	0.454	1	109	-0.021652
370904.3405	193107.1952	3.819815	0.492	1	78	-0.018901
370904.4995	193107.2071	3.867471	0.494	1	131	-0.02203
370904.6603	193107.2175	3.934208	0.485	1	201	-0.023894
370904.8208	193107.2349	4.010041	0.479	1	171	-0.026428
370904.9846	193107.2509	4.082447	0.497	1	233	-0.031052
370905.2716	193107.2768	4.082717	0.483	1	162	-0.031754
370905.8628	193107.3279	4.049773	0.497	1	87	-0.030369
370906.1157	193107.3464	4.043685	0.508	1	54	-0.029576
370906.3456	193107.3634	4.034021	0.476	1	50	-0.028455
370906.5895	193107.3841	4.023543	0.476	1	50	-0.028995
370906.8193	193107.401	3.979192	0.467	1	91	-0.02807
370907.0274	193107.4143	3.981936	0.46	1	90	-0.030997
370907.1887	193107.4296	4.046341	0.473	1	82	-0.033779
370907.3414	193107.4412	4.082114	0.47	1	65	-0.034423
370907.5016	193107.4542	4.093954	0.479	1	50	-0.035544
370907.6529	193107.4675	4.09408	0.488	1	50	-0.034662
370907.8256	193107.4837	4.092829	0.487	1	50	-0.035325
370908.5237	193107.5451	4.062142	0.481	1	-57	-0.034456
370908.7682	193107.564	3.987314	0.5	1	-99	-0.033326
370908.9995	193107.5798	3.950665	0.493	1	-139	-0.030226
370909.2564	193107.6007	3.886436	0.489	1	-167	-0.029658
370909.4899	193107.6163	3.857705	0.472	1	-198	-0.027249
370909.7056	193107.635	3.873425	0.484	1	-125	-0.029371
370909.868	193107.65	3.909589	0.483	1	-143	-0.033704
370910.0239	193107.6645	3.948142	0.501	1	-113	-0.032007
370910.1812	193107.6764	3.996609	0.505	1	-136	-0.032431
370910.3384	193107.6867	4.015	0.505	1	-115	-0.031309
370910.4978	193107.6995	4.024512	0.518	1	-75	-0.032779
370911.1719	193107.7569	4.008427	0.515	1	-111	-0.032707
370911.4204	193107.7757	3.964881	0.504	1	-101	-0.030608
370911.6647	193107.7916	3.898598	0.487	1	-108	-0.029485
370911.9353	193107.8083	3.835139	0.496	1	50	-0.027826
370912.1827	193107.8272	3.835593	0.488	1	73	-0.026927
370912.3996	193107.8469	3.877186	0.475	1	92	-0.029016
370912.5681	193107.8603	3.911173	0.472	1	138	-0.030065
370912.7235	193107.8728	3.963997	0.481	1	95	-0.028598
370912.8698	193107.8852	3.963321	0.483	1	135	-0.029538
370913.0147	193107.8977	3.978451	0.499	1	173	-0.028774
370913.1671	193107.9102	3.95604	0.494	1	147	-0.028389
370913.8547	193107.9651	3.893369	0.501	1	107	-0.029507
370914.11	193107.985	3.861109	0.504	1	83	-0.028663
370914.3583	193108.0063	3.862408	0.486	1	71	-0.030202
370914.5936	193108.0251	3.883586	0.469	1	108	-0.030352
370914.8341	193108.046	3.910497	0.454	1	134	-0.031013
370915.0723	193108.0665	3.920139	0.473	1	75	-0.031123
370915.279	193108.083	3.948915	0.481	1	68	-0.029834
370915.4423	193108.0962	3.944385	0.489	1	141	-0.032538
370915.5866	193108.1066	3.951073	0.485	1	102	-0.034423
370915.7333	193108.1179	3.960123	0.508	1	-546	-0.024475
370915.8807	193108.1303	4.54936	0.485	1	-311	-0.007076
370916.0607	193108.1554	6.037003	0.479	1	-467	-0.007457
370916.7336	193108.2915	8.299349	0.528	1	-402	-0.01161
370916.9522	193108.3926	10.584272	0.47	1	127	-0.020256
370917.1508	193108.4971	13.502188	0.501	1	-113	-0.0418
370917.3641	193108.6181	16.126831	0.498	1	-165	-0.051176
370917.5625	193108.7446	19.089666	0.555	1	-149	-0.063709
370917.747	193108.8843	22.090622	0.561	1	-164	-0.083425
370917.8806	193109.0003	26.886458	0.512	1	189	-0.100579
370918.0012	193109.1102	30.221203	0.466	1	104	-0.120467
370918.1414	193109.2322	32.909499	0.461	1	269	-0.128625
370918.3326	193109.3904	35.240415	0.497	0	-629	-0.111477
370918.5332	193109.5761	37.477201	0.414	0	-375	-0.103517
370918.7172	193109.7656	40.643818	0.388	0	-568	-0.112864
370918.8787	193109.959	44.046817	0.448	0	-771	-0.118212
370919.0202	193110.149	47.487997	0.599	0	-662	-0.133583
370919.1544	193110.3433	50.88683	0.616	0	-83	-0.143754
370919.2506	193110.5553	54.185378	0.497	0	-359	-0.151579
370919.1707	193110.9812	57.496783	0.34	0	-408	-0.160191
370919.2279	193111.2316	60.737307	0.352	0	-388	-0.167593
370919.2973	193111.4665	63.906578	0.503	0	-373	-0.175615
370919.3504	193111.6842	67.014043	0.567	0	-214	-0.187681
370919.3889	193111.8989	70.376341	0.524	0	-659	-0.192493
370919.414	193112.1294	73.798229	0.481	0	-485	-0.206577
370919.4251	193112.3588	77.817054	0.508	0	60	-0.223758
370919.4249	193112.5824	81.35867	0.524	0	609	-0.242059
370919.4083	193112.8126	84.747576	0.456	0	627	-0.273862
370919.3795	193113.0659	88.129224	0.359	0	559	-0.320327
370919.3379	193113.3135	89.93161	0.388	0	1000	-0.347976
370919.0537	193113.5646	90.504383	0.456	0	454	-0.342393
370919.0341	193113.7873	89.575162	0.479	0	-323	-0.296802
370919.0674	193114.0404	88.341	0.491	0	-719	-0.233809
370919.0958	193114.2715	87.993678	0.504	0	-168	-0.1888
370919.1073	193114.5067	88.387362	0.519	0	-54	-0.166162
370919.1078	193114.7557	89.204784	0.503	0	50	-0.160679
370919.1031	193115.0118	90.087468	0.447	0	252	-0.159912
370919.0976	193115.2465	90.567796	0.452	0	82	-0.151897
370919.0863	193115.4911	91.103178	0.478	0	110	-0.150728
370919.0766	193115.7234	91.46157	0.494	0	99	-0.140964
370919.064	193115.9697	91.796706	0.485	0	50	-0.134191
370919.05	193116.2025	92.160532	0.486	0	328	-0.130872
370919.0353	193116.4416	92.428154	0.47	0	236	-0.126757
370919.0194	193116.6792	92.453669	0.473	0	-183	-0.1142
370919.0076	193116.9208	92.243918	0.49	0	-107	-0.096873
370918.9985	193117.1599	92.203636	0.479	0	-86	-0.077836
370918.9884	193117.4001	92.336838	0.487	0	50	-0.070479
370918.9806	193117.6405	92.562061	0.454	0	110	-0.065509
370918.9676	193117.8851	92.78348	0.49	0	120	-0.060894
370918.9514	193118.1247	93.078541	0.487	0	199	-0.062047
370918.9365	193118.368	93.296063	0.477	0	94	-0.05908
370918.9192	193118.6087	93.460935	0.474	0	146	-0.054702
370918.9036	193118.8564	93.591551	0.488	0	73	-0.052078
370918.8866	193119.0886	93.748071	0.491	0	173	-0.04826
370918.8687	193119.3333	93.805517	0.489	0	55	-0.046389
370918.85	193119.5747	93.813426	0.489	0	-69	-0.039144
370918.8325	193119.8136	93.802015	0.496	0	-96	-0.03246
370918.8157	193120.0491	93.815019	0.475	0	-92	-0.02928
370918.7991	193120.2911	93.845183	0.489	0	-88	-0.021285
370918.7844	193120.5331	93.920557	0.492	0	-60	-0.01818
370918.7682	193120.7713	94.02942	0.498	0	-50	-0.01301
370918.7504	193121.0101	94.175593	0.504	0	-50	-0.015109
370918.7338	193121.2455	94.304127	0.502	0	78	-0.011987
370918.7152	193121.491	94.426479	0.49	0	-50	-0.01207
370918.6937	193121.7278	94.491279	0.504	0	-61	-0.009397
370918.6739	193121.9676	94.475734	0.482	0	-111	-0.007885
370918.6543	193122.2104	94.411625	0.482	0	-179	0.000318
370918.638	193122.4542	94.325131	0.492	0	-251	0.005695
370918.6239	193122.6858	94.352532	0.493	0	-242	0.010075
370918.6049	193122.9245	94.56072	0.51	0	-50	0.00395
370918.5864	193123.1637	94.725848	0.506	0	-50	0.005645
370918.5676	193123.4025	94.837685	0.516	0	50	0.004726
370918.5481	193123.6445	94.880011	0.511	0	-50	0.005157
370918.5264	193123.8921	94.862146	0.496	0	-50	0.006454
370918.5098	193124.127	94.762953	0.5	0	-128	0.016861
370918.4951	193124.3603	94.654493	0.499	0	-204	0.02254
370918.4831	193124.6099	94.659527	0.479	0	-50	0.024405
370918.4687	193124.8493	94.740221	0.468	0	-61	0.025968
370918.4488	193125.1185	94.97704	0.483	0	131	0.018014
370918.4285	193125.353	95.254385	0.508	0	83	0.01018
370918.409	193125.5919	95.25199	0.496	0	169	0.008123
370918.39	193125.828	95.112757	0.509	0	54	0.01075
370918.3725	193126.0712	94.922615	0.504	0	-1000	0.035242
370918.3571	193126.3026	95.388928	0.5	0	-974	0.057538
370918.3258	193126.5358	97.376489	0.501	0	-809	0.055803
370918.284	193126.7525	100.340908	0.436	0	-254	0.024272
370918.2315	193126.9642	103.781024	0.557	0	-50	-0.014755
370918.1594	193127.1631	106.836127	0.504	0	137	-0.055949
370918.0682	193127.3664	109.86911	0.355	0	-99	-0.101023
370917.9525	193127.5829	113.226425	0.479	0	328	-0.14395
370917.8334	193127.7826	116.178143	0.617	0	409	-0.172314
370917.655	193127.9815	118.285929	0.606	0	-322	-0.183446
370917.204	193128.1476	120.469155	0.525	0	-795	-0.181196
370917.0331	193128.3176	123.210063	0.477	0	-50	-0.188918
370916.8539	193128.4854	126.222605	0.538	0	-50	-0.189006
370916.6758	193128.6312	129.441191	0.527	0	-180	-0.205102
370916.5025	193128.7761	132.706834	0.483	0	-77	-0.215275
370916.3152	193128.9157	136.028985	0.489	0	-50	-0.227729
370916.1175	193129.0437	139.250366	0.473	0	-214	-0.239172
370915.9071	193129.1582	142.710088	0.408	0	80	-0.257022
370915.6877	193129.2667	146.46877	0.459	0	50	-0.271298
370915.4524	193129.3609	149.773697	0.475	0	50	-0.281159
370915.2372	193129.4319	152.868613	0.562	0	-117	-0.27977
370915.0096	193129.4915	156.012539	0.547	0	-369	-0.279968
370914.7743	193129.5416	159.016651	0.512	0	-498	-0.277325
370914.4908	193129.4477	161.140873	0.509	0	-609	-0.273932
370914.1857	193129.2524	164.448929	0.528	0	0	-0.285097
370913.9487	193129.2272	167.896881	0.499	0	264	-0.295786
370913.6963	193129.1964	171.36899	0.398	0	591	-0.329703
370913.4611	193129.166	176.28309	0.36	0	817	-0.375646
370913.2413	193129.1316	179.416986	0.405	0	1000	-0.414462
370913.026	193129.0993	181.148824	0.457	0	1000	-0.427488
370912.7958	193129.08	180.647055	0.438	0	192	-0.3902
370912.5774	193129.0813	178.711625	0.47	0	-630	-0.320455
370912.3487	193129.0981	176.816742	0.467	0	-869	-0.244009
370912.1197	193129.1204	176.05138	0.496	0	-509	-0.19032
370911.8775	193129.1447	175.859808	0.513	0	-185	-0.166339
370911.6424	193129.1572	177.567427	0.44	0	276	-0.169706
370911.39	193129.1611	179.369148	0.464	0	409	-0.18013
370911.1555	193129.1554	180.583323	0.507	0	147	-0.187136
370910.9132	193129.1477	181.701558	0.482	1	261	-0.186499
370910.6795	193129.1325	182.196759	0.467	1	50	-0.178227
370910.444	193129.1184	182.392737	0.474	1	0	-0.165899
370910.2113	193129.1046	182.150382	0.474	1	-89	-0.141203
370909.9741	193129.0963	181.708256	0.46	1	-206	-0.115284
370909.7361	193129.0876	181.561471	0.463	1	-170	-0.096082
370909.507	193129.0826	181.576669	0.463	1	-68	-0.078032
370909.272	193129.0756	181.800633	0.485	1	50	-0.06852
370909.0482	193129.0689	182.091633	0.508	1	75	-0.058591
370908.8084	193129.0583	182.436326	0.505	1	86	-0.051997
370908.5808	193129.0466	182.791401	0.506	1	144	-0.047709
370908.3476	193129.0338	183.052622	0.504	1	67	-0.041864
370908.1173	193129.0209	183.245971	0.494	1	120	-0.038237
370907.892	193129.0097	183.411495	0.49	1	74	-0.029443
370907.6605	193128.9958	183.584161	0.482	1	134	-0.023974
370907.4313	193128.9815	183.745662	0.462	1	74	-0.019841
370907.1976	193128.9683	183.884244	0.464	1	84	-0.015439
370906.9631	193128.9551	184.000399	0.482	1	74	-0.0107
370906.7418	193128.9422	184.084447	0.497	1	92	-0.005752
370906.5127	193128.9279	184.189231	0.506	1	102	0.000942
370906.291	193128.912	184.3121	0.495	1	129	0.002587
370906.0398	193128.8955	184.425591	0.491	1	78	0.006757
370905.5664	193128.8801	184.52165	0.486	1	50	0.013465
370905.3076	193128.8645	184.608912	0.489	1	50	0.014693
370905.0795	193128.85	184.681068	0.475	1	-50	0.019542
370904.8596	193128.8324	184.771959	0.48	1	-50	0.023941
370904.6408	193128.8149	184.830743	0.46	1	-50	0.022791
370904.4169	193128.7957	184.912539	0.451	1	-97	0.029451
370904.1923	193128.7762	184.989438	0.458	1	-50	0.028214
370903.9653	193128.7602	185.012431	0.47	1	-114	0.033555
370903.7465	193128.7409	185.079294	0.496	1	-116	0.038287
370903.5228	193128.7206	185.140284	0.51	1	-99	0.037044
370903.2996	193128.7018	185.145431	0.502	1	-100	0.045147
370903.0753	193128.6839	185.15558	0.499	1	-157	0.049016
370902.8558	193128.6705	185.185156	0.504	1	-171	0.04905
370902.6317	193128.6577	185.21309	0.489	1	-183	0.054211
370902.4195	193128.6411	185.316992	0.5	1	-134	0.054381
370902.2029	193128.6251	185.395329	0.493	1	-105	0.052651
370901.7983	193128.6103	185.496752	0.493	1	-85	0.053557
370901.4327	193128.591	185.551258	0.484	1	-111	0.053606
370901.208	193128.5745	185.536769	0.494	1	-118	0.055502
370900.9969	193128.557	185.537083	0.499	1	-77	0.057889
370900.7816	193128.5396	185.524554	0.494	1	-68	0.061471
370900.5451	193128.5221	185.521192	0.49	1	50	0.065972
370900.3344	193128.5043	185.54213	0.483	1	51	0.068245
370900.1174	193128.4871	185.584589	0.47	1	84	0.06679
370899.9076	193128.4697	185.606547	0.47	1	78	0.067035
370899.6962	193128.4506	185.629822	0.463	1	77	0.067217
370899.4884	193128.4338	185.660187	0.461	1	111	0.06809
370899.2805	193128.4162	185.707248	0.453	1	134	0.067469
370899.0626	193128.3984	185.753784	0.464	1	169	0.064036
370898.5084	193128.3725	185.820405	0.456	1	162	0.063697
370898.2734	193128.3527	185.873692	0.474	1	165	0.065951
370898.0359	193128.3332	185.908932	0.483	1	138	0.06386
370897.8095	193128.3169	185.871216	0.49	1	157	0.067597
370897.5973	193128.2973	185.854699	0.499	1	104	0.067816
370897.3994	193128.2833	185.838151	0.481	1	96	0.066981
370897.1928	193128.2673	185.828737	0.446	1	57	0.069093
370896.9933	193128.2508	185.827915	0.454	1	50	0.067156
370896.7939	193128.2334	185.822923	0.472	1	50	0.065108
370896.5997	193128.2168	185.840434	0.487	1	55	0.064055
370896.3995	193128.1994	185.854142	0.481	1	50	0.065626
370896.1999	193128.1804	185.900682	0.472	1	50	0.062705
370895.67	193128.1466	185.931165	0.461	1	70	0.061358
370895.3323	193128.1209	185.949555	0.488	1	-50	0.065164
370895.0879	193128.1012	185.93781	0.495	1	-92	0.069513
370894.8529	193128.0862	185.940101	0.49	1	-164	0.070759
370894.6389	193128.0692	185.917689	0.481	1	-153	0.070559
370894.4462	193128.0527	185.889742	0.487	1	-180	0.071953
370894.2515	193128.0356	185.872889	0.496	1	-212	0.072336
370894.0565	193128.0193	185.85556	0.494	1	-208	0.074287
370893.8681	193128.002	185.862196	0.492	1	-185	0.073367
370893.6785	193127.9851	185.891818	0.487	1	-145	0.073775
370893.4847	193127.969	185.870657	0.506	1	-147	0.077385
370893.2569	193127.9514	185.892205	0.493	1	-50	0.078536
370892.6556	193127.9184	185.90762	0.486	1	87	0.077905
370892.4006	193127.9007	185.910831	0.478	1	50	0.077511
370892.1795	193127.8832	185.915073	0.475	1	50	0.077932
370891.9206	193127.8645	185.923713	0.48	1	81	0.075893
370891.6927	193127.8457	185.912112	0.472	1	63	0.075888
370891.5023	193127.8288	185.912563	0.47	1	92	0.075743
370891.3096	193127.8114	185.920014	0.47	1	103	0.077214
370891.1269	193127.7967	185.950344	0.467	1	110	0.075306
370890.944	193127.7808	185.962274	0.473	1	112	0.077344
370890.764	193127.7644	186.000172	0.481	1	128	0.077494
370890.5776	193127.7492	186.026361	0.507	1	160	0.077683
370890.3908	193127.7313	186.043457	0.488	1	210	0.07556
370889.7495	193127.6958	186.026248	0.483	1	117	0.076751
370889.5022	193127.6745	186.035279	0.488	1	184	0.075736
370889.2643	193127.6518	186.025946	0.475	1	85	0.071399
370889.022	193127.6321	186.02022	0.47	1	83	0.072955
370888.7963	193127.614	185.998293	0.462	1	58	0.072314
370888.5788	193127.5951	185.966928	0.455	1	-50	0.075065
370888.3994	193127.5769	185.950548	0.453	1	50	0.072979
370888.2219	193127.563	185.932239	0.459	1	50	0.075715
370888.0386	193127.5497	185.926314	0.463	1	140	0.075521
370887.8619	193127.5332	185.970465	0.473	1	72	0.076316
370887.6855	193127.5171	186.036523	0.486	1	59	0.074026
370887.4977	193127.5034	186.084722	0.477	1	50	0.072466
370886.8354	193127.4545	186.108536	0.481	1	-50	0.070866
370886.5927	193127.434	186.133026	0.485	1	-64	0.06934
370886.3632	193127.4166	186.128236	0.474	1	-105	0.069884
370886.1391	193127.3973	186.099466	0.485	1	-100	0.070448
370885.8805	193127.3773	186.045909	0.484	1	-137	0.070491
370885.6771	193127.362	186.013231	0.475	1	-134	0.071603
370885.4869	193127.3477	185.956535	0.492	1	-140	0.080675
370885.3172	193127.3354	185.927421	0.498	1	-112	0.083517
370885.1463	193127.3208	185.915396	0.517	1	-110	0.084451
370884.9744	193127.3049	185.961649	0.506	1	-51	0.081167
370884.8062	193127.2906	185.996947	0.504	1	-50	0.080364
370884.1901	193127.2472	186.014509	0.508	1	-65	0.08031
370883.9068	193127.2228	186.057827	0.493	1	-56	0.077696
370883.6704	193127.2026	186.096747	0.501	1	-72	0.077271
370883.4289	193127.1846	186.100353	0.49	1	-50	0.078152
370883.1972	193127.1643	186.061609	0.488	1	-50	0.077048
370882.9674	193127.147	186.024101	0.479	1	-50	0.078497
370882.7668	193127.1299	185.990667	0.476	1	50	0.078417
370882.5946	193127.1194	185.945888	0.478	1	-50	0.084258
370882.4244	193127.1074	185.958547	0.488	1	76	0.086408
370882.2473	193127.0951	185.95016	0.486	1	120	0.087601
370882.0727	193127.0819	185.976178	0.481	1	152	0.087194
370881.8942	193127.0663	186.013881	0.478	1	169	0.08502
370881.2593	193127.0234	186.08117	0.468	1	168	0.083627
370881.0007	193127.001	186.151511	0.471	1	157	0.082169
370880.7627	193126.9842	186.184577	0.464	1	117	0.083672
370880.5239	193126.9624	186.170103	0.462	1	106	0.080298
370880.2857	193126.9442	186.15412	0.464	1	51	0.081324
370880.0933	193126.9242	186.154185	0.471	1	119	0.079304
370879.9221	193126.9087	186.144777	0.467	1	132	0.079685
370879.7579	193126.8932	186.135082	0.479	1	160	0.079375
370879.5939	193126.8783	186.135693	0.472	1	156	0.081244
370879.4229	193126.8637	186.133681	0.472	1	153	0.080777
370879.2455	193126.849	186.130031	0.48	1	136	0.081982
370878.6331	193126.8082	186.11786	0.475	1	50	0.081929
370878.35	193126.7884	186.125031	0.462	1	50	0.083578
370878.1044	193126.7672	186.128976	0.468	1	50	0.083073
370877.8644	193126.7505	186.12973	0.466	1	-50	0.083141
370877.6253	193126.7311	186.14967	0.492	1	-85	0.081072
370877.3974	193126.7139	186.182688	0.482	1	-50	0.081079
370877.2124	193126.6979	186.210818	0.484	1	-50	0.080759
370877.0407	193126.6823	186.219521	0.476	1	-88	0.079618
370876.8607	193126.6671	186.21804	0.471	1	-85	0.077883
370876.6905	193126.6514	186.218186	0.478	1	-83	0.076802
370876.5162	193126.6349	186.207318	0.492	1	-85	0.077135
370876.3366	193126.6191	186.19439	0.506	1	-79	0.078827
370875.721	193126.5764	186.185538	0.485	1	-125	0.08026
370875.4312	193126.5566	186.136548	0.487	1	-194	0.082009
370875.1905	193126.5387	186.086446	0.474	1	-224	0.083301
370874.9509	193126.5225	186.034864	0.47	1	-235	0.087252
370874.7105	193126.5013	186.010013	0.475	1	-151	0.084137
370874.4943	193126.4814	186.000709	0.487	1	-140	0.084595
370874.3064	193126.4653	186.005436	0.489	1	-132	0.087244
370874.1264	193126.4498	186.041059	0.485	1	-73	0.086418
370873.9569	193126.4328	186.055146	0.487	1	-50	0.081401
370873.7726	193126.4171	186.066451	0.503	1	0	0.080715
370873.5912	193126.4055	186.053089	0.497	1	71	0.081746
370873.4184	193126.3907	186.070817	0.497	1	100	0.083032
370872.7994	193126.3471	186.085625	0.485	1	50	0.083321
370872.5419	193126.3276	186.093137	0.474	1	50	0.084377
370872.2982	193126.3144	186.091733	0.474	1	82	0.08428
370872.058	193126.2951	186.091986	0.472	1	50	0.086052
370871.8426	193126.277	186.05273	0.465	1	55	0.084092
370871.6097	193126.2563	186.035807	0.464	1	69	0.084983
370871.4311	193126.2422	186.022873	0.469	1	84	0.08576
370871.243	193126.2282	186.037729	0.478	1	140	0.086086
370871.0652	193126.2116	186.076352	0.472	1	155	0.084488
370870.8787	193126.195	186.118082	0.481	1	156	0.084614
370870.6876	193126.1748	186.192295	0.491	1	187	0.083099
370870.5001	193126.1586	186.217819	0.486	1	143	0.082677
370869.9084	193126.1191	186.228827	0.479	1	186	0.080036
370869.6341	193126.0955	186.240618	0.47	1	102	0.079014
370869.403	193126.0765	186.248287	0.488	1	98	0.079395
370869.1517	193126.0573	186.23345	0.467	1	50	0.078139
370868.92	193126.0395	186.197031	0.47	1	67	0.080284
370868.7183	193126.0217	186.164524	0.474	1	50	0.081325
370868.532	193126.0064	186.126336	0.483	1	50	0.083346
370868.3311	193125.9905	186.078583	0.475	1	50	0.087354
370868.1228	193125.9725	186.073577	0.499	1	-50	0.086099
370867.9403	193125.9589	186.098641	0.507	1	-52	0.087277
370867.7499	193125.9438	186.125981	0.495	1	-68	0.086216
370867.5666	193125.9262	186.190395	0.492	1	-50	0.083393
370867.1379	193125.9013	186.185207	0.484	1	-148	0.084886
370866.712	193125.8659	186.224057	0.491	1	-223	0.084307
370866.4701	193125.8459	186.231391	0.493	1	-156	0.0799
370866.2408	193125.8303	186.231641	0.485	1	-168	0.083174
370865.9996	193125.8031	186.236422	0.491	1	-167	0.079049
370865.7786	193125.7878	186.201625	0.486	1	-113	0.079706
370865.5704	193125.7701	186.167939	0.499	1	-50	0.081947
370865.3814	193125.7543	186.158753	0.494	1	50	0.083302
370865.1983	193125.737	186.130295	0.484	1	-50	0.085251
370865.0123	193125.7199	186.113092	0.475	1	-50	0.086214
370864.8279	193125.7035	186.06933	0.481	1	-73	0.08773
370864.6382	193125.6893	186.017869	0.466	1	-88	0.091383
370864.3912	193125.6719	186.002086	0.473	1	-50	0.089389
370863.7843	193125.64	186.055452	0.459	1	78	0.08807
370863.547	193125.6189	186.10866	0.483	1	58	0.088089
370863.3079	193125.5993	186.149509	0.47	1	162	0.086508
370863.0707	193125.5816	186.167977	0.483	1	115	0.086906
370862.8375	193125.5639	186.174597	0.48	1	69	0.089081
370862.6391	193125.548	186.179086	0.487	1	156	0.089594
370862.4413	193125.5294	186.191945	0.483	1	153	0.088104
370862.2498	193125.5117	186.203831	0.476	1	159	0.087305
370862.0589	193125.4946	186.192694	0.467	1	127	0.089168
370861.8702	193125.4774	186.209329	0.467	1	113	0.088072
370861.6651	193125.4606	186.212459	0.474	1	120	0.08763
370861.4721	193125.442	186.172805	0.479	1	72	0.088254
370861.1087	193125.4186	186.168031	0.469	1	50	0.087603
370860.6461	193125.3924	186.166135	0.454	1	82	0.088916
370860.411	193125.3735	186.149552	0.479	1	113	0.088389
370860.1653	193125.3542	186.154871	0.471	1	94	0.088667
370859.9294	193125.3344	186.177692	0.481	1	113	0.08891
370859.7266	193125.3149	186.266049	0.468	1	179	0.086471
370859.5301	193125.2966	186.323078	0.466	1	143	0.087698
370859.3358	193125.2764	186.364349	0.48	1	65	0.079744
370859.1345	193125.2558	186.391795	0.481	1	-215	0.076543
370858.9274	193125.2336	186.388066	0.478	1	-218	0.082603
370858.726	193125.2142	186.5554	0.459	1	-375	0.101071
370858.5325	193125.1917	187.532022	0.463	1	-50	0.099997
370858.3193	193125.1601	188.747185	0.472	1	-50	0.113855
370857.958	193125.0884	190.296858	0.498	1	-308	0.126059
370857.5603	193124.9815	192.507681	0.483	1	-310	0.13552
370857.3399	193124.8802	194.680906	0.524	1	-66	0.130555
370857.1241	193124.7602	197.490838	0.5	1	69	0.117445
370856.9418	193124.6483	200.154418	0.436	1	-102	0.112234
370856.7844	193124.554	202.793282	0.467	1	-139	0.106021
370856.6261	193124.4472	205.737047	0.479	1	-199	0.096184
370856.4808	193124.3308	208.940186	0.465	1	-144	0.07883
370856.3508	193124.2138	212.16466	0.435	0	-855	0.053155
370856.2234	193124.0936	215.345237	0.536	0	-779	0.037983
370856.1013	193123.9651	218.38756	0.469	0	-462	0.025837
370855.9054	193123.6549	221.502731	0.503	0	-662	0.007144
370855.7127	193123.2047	224.884854	0.339	0	-550	-0.021395
370855.6149	193122.9727	229.235565	0.345	0	-530	-0.048884
370855.5358	193122.771	232.429772	0.496	0	-286	-0.065466
370855.4685	193122.5716	235.63599	0.612	0	-511	-0.087021
370855.4047	193122.3638	238.956928	0.593	0	-50	-0.118163
370855.3284	193122.1409	242.448921	0.499	0	150	-0.142237
370855.262	193121.923	245.898891	0.478	0	161	-0.153394
370855.2123	193121.7094	249.302051	0.44	0	50	-0.16943
370855.1761	193121.4778	252.367415	0.372	0	-274	-0.189909
370855.1547	193121.2298	255.589516	0.414	0	-517	-0.199435
370855.1445	193120.9932	258.926319	0.521	0	52	-0.215692
370855.1471	193120.7862	261.690616	0.601	0	397	-0.245007
370855.1611	193120.5602	265.067879	0.587	0	846	-0.288493
370855.192	193120.3152	268.370364	0.475	0	1000	-0.338993
370855.5611	193120.0352	270.447487	0.452	0	1000	-0.373483
370855.6072	193119.7954	271.375457	0.44	0	613	-0.368556
370855.5946	193119.5571	270.57151	0.443	0	-173	-0.327777
370855.5615	193119.3261	268.71551	0.474	0	-1000	-0.262783
370855.5269	193119.0922	267.375855	0.472	0	-713	-0.19874
370855.5027	193118.869	267.332902	0.467	0	-313	-0.161065
370855.4899	193118.6254	268.192897	0.493	0	187	-0.15144
370855.4873	193118.4037	269.232034	0.514	0	223	-0.146635
370855.4914	193118.1804	270.235203	0.505	0	255	-0.154353
370855.5007	193117.9554	270.855167	0.492	0	72	-0.153352
370855.5113	193117.734	271.356473	0.481	0	119	-0.151361
370855.5218	193117.52	271.71777	0.491	0	76	-0.146406
370855.5345	193117.2986	272.073673	0.474	0	350	-0.145593
370855.5498	193117.0932	272.043051	0.478	0	50	-0.133777
370855.559	193116.8807	271.737472	0.492	0	-289	-0.116828
370855.5672	193116.6682	271.690666	0.504	0	-72	-0.099558
370855.5754	193116.4636	271.895033	0.5	0	100	-0.091842
370855.5858	193116.247	272.267055	0.473	0	160	-0.085666
370855.6005	193116.0358	272.623922	0.463	0	181	-0.083154
370855.6546	193115.479	272.907601	0.449	0	87	-0.082494
370855.669	193115.2328	273.097761	0.465	0	186	-0.078371
370855.6822	193115.0046	273.232826	0.468	0	66	-0.074952
370855.6951	193114.7949	273.263745	0.467	0	60	-0.067755
370855.7049	193114.5974	273.25775	0.49	0	-129	-0.059461
370855.7154	193114.4018	273.235766	0.492	0	-50	-0.051221
370855.7236	193114.2129	273.30928	0.501	0	50	-0.046993
370855.7333	193114.0246	273.463658	0.49	0	-50	-0.042916
370855.7453	193113.8386	273.607323	0.494	0	61	-0.041835
370855.7582	193113.6451	273.726065	0.471	0	50	-0.034395
370855.7762	193113.3553	273.870306	0.466	0	52	-0.034047
370855.8124	193112.8033	273.980291	0.462	0	63	-0.030931
370855.8268	193112.5706	274.05594	0.463	0	-50	-0.028491
370855.8422	193112.3261	274.068808	0.475	0	-149	-0.021084
370855.8547	193112.0884	274.053194	0.476	0	-215	-0.017913
370855.8657	193111.8732	274.053189	0.488	0	-154	-0.012745
370855.8795	193111.686	274.095385	0.484	0	-174	-0.014797
370855.8914	193111.4958	274.162495	0.489	0	-104	-0.012578
370855.9053	193111.3222	274.272223	0.516	0	-91	-0.008714
370855.9172	193111.146	274.331142	0.498	0	-50	-0.004661
370855.9309	193110.9701	274.373316	0.495	0	-50	-0.002104
370855.945	193110.7946	274.415441	0.486	0	-60	0.001057
370855.9874	193110.1332	274.434603	0.484	0	-50	0.004898
370856.0046	193109.8823	274.454099	0.454	0	-105	0.007744
370856.0233	193109.6395	274.468981	0.442	0	-61	0.007354
370856.0378	193109.4026	274.472013	0.476	0	-87	0.013171
370856.0551	193109.1649	274.512168	0.483	0	-101	0.014954
370856.0708	193108.9603	274.592465	0.478	0	-50	0.013424
370856.0836	193108.7911	274.698061	0.483	0	50	0.014388
370856.0973	193108.6199	274.83976	0.478	0	75	0.011763
370856.1095	193108.4566	274.903665	0.492	0	99	0.012351
370856.1216	193108.2893	274.878786	0.485	0	97	0.014779
370856.1336	193108.1343	274.836846	0.479	0	91	0.019076
370856.174	193107.5038	274.793688	0.456	0	86	0.020257
370856.1907	193107.2293	274.748204	0.451	0	79	0.023728
370856.206	193106.9863	274.792463	0.453	0	125	0.024458
370856.2233	193106.7505	274.905124	0.462	0	153	0.026365
370856.241	193106.5363	275.010922	0.456	0	223	0.024126
370856.2659	193106.2718	275.101964	0.464	0	158	0.021464
370856.2828	193106.0839	275.13531	0.487	0	133	0.019562
370856.2971	193105.9287	275.125902	0.504	0	149	0.018727
370856.3111	193105.7768	275.046003	0.501	0	92	0.022289
370856.3243	193105.6142	274.960561	0.495	0	76	0.025326
370856.3346	193105.4585	274.876112	0.475	0	-328	0.034433
370856.3685	193104.9428	275.198655	0.485	0	-561	0.033611
370856.416	193104.5717	276.288181	0.476	0	-768	0.031229
370856.4796	193104.343	278.154966	0.485	0	-66	0.023985
370856.5652	193104.1203	280.62993	0.444	0	-149	-0.003925
370856.6651	193103.9244	283.744624	0.549	0	-50	-0.044032
370856.7853	193103.7236	286.345199	0.511	0	-172	-0.08026
370856.8879	193103.5521	288.991527	0.527	0	163	-0.107271
370856.9702	193103.4275	291.639422	0.428	0	-50	-0.128806
370857.0555	193103.3026	294.108286	0.39	0	-350	-0.143138
370857.1716	193103.1265	296.30631	0.426	0	89	-0.157075
370857.3249	193102.8828	298.684555	0.488	0	-300	-0.156053
370857.4868	193102.6564	301.48703	0.511	0	-310	-0.154454
370857.6486	193102.4602	305.057634	0.518	0	-188	-0.163347
370857.8177	193102.2791	308.417692	0.503	0	-226	-0.180468
370858.004	193102.1079	311.645874	0.508	0	-304	-0.195297
370858.4058	193102.0044	314.93812	0.506	0	226	-0.21803
370858.6476	193101.8975	318.004345	0.505	0	165	-0.223752
370858.8467	193101.7809	321.027425	0.521	0	57	-0.230999
370859.0459	193101.6775	324.234097	0.512	0	-123	-0.245982
370859.2586	193101.5853	327.54483	0.423	0	-182	-0.254892
370859.4872	193101.4993	331.083772	0.367	0	-297	-0.266347
370859.6979	193101.4313	334.343343	0.452	0	69	-0.284807
370859.9255	193101.3735	337.606068	0.62	0	50	-0.288859
370860.1442	193101.3378	340.899123	0.658	0	-210	-0.299087
370860.3933	193101.3039	344.228071	0.507	0	-361	-0.302265
370860.6382	193101.2923	347.565498	0.415	0	198	-0.320593
370860.9475	193101.6262	352.404513	0.454	0	1000	-0.357354
370861.174	193101.7066	355.795756	0.476	0	821	-0.39216
370861.4068	193101.7594	357.780416	0.471	0	1000	-0.423222
370861.6496	193101.7907	358.605645	0.473	0	635	-0.420302
370861.8793	193101.7901	358.056644	0.412	0	-275	-0.382224
370862.1091	193101.7646	356.96844	0.477	0	-907	-0.322024
370862.3491	193101.739	356.637514	0.501	0	-208	-0.269058
370862.5825	193101.7241	357.042783	0.506	0	-78	-0.243635
370862.8212	193101.708	357.71573	0.46	0	-50	-0.228041
370863.0561	193101.7003	358.413394	0.471	0	53	-0.21335
370863.2854	193101.6979	359.128211	0.486	0	50	-0.207782
370863.5246	193101.7003	359.779671	0.47	0	90	-0.203355
370863.7495	193101.703	0.228461	0.469	1	136	-0.19632
370863.9879	193101.7105	0.708819	0.476	1	75	-0.193718
370864.2213	193101.7177	0.798232	0.457	1	50	-0.18006
370864.4516	193101.7258	0.761912	0.459	1	50	-0.169037
370864.6769	193101.7341	1.01759	0.482	1	50	-0.155379
370864.91	193101.7424	1.177265	0.481	1	50	-0.141629
370865.1348	193101.75	1.120251	0.488	1	-50	-0.128336
370865.361	193101.7574	1.231576	0.473	1	74	-0.119019
370865.5815	193101.7658	1.716064	0.494	1	89	-0.114587
370865.8003	193101.7755	1.894947	0.503	1	91	-0.11109
370866.0312	193101.7866	2.052297	0.495	1	80	-0.105569
370866.254	193101.7998	2.231191	0.51	1	-50	-0.1012
370866.4716	193101.8123	2.363776	0.474	1	50	-0.095199
370866.6957	193101.825	2.474978	0.474	1	-84	-0.087703
370866.9168	193101.8394	2.598847	0.482	1	-75	-0.083692
370867.2007	193101.864	2.733184	0.468	1	-50	-0.078502
370867.6786	193101.9194	2.833648	0.489	1	50	-0.073365
370867.9214	193101.9345	2.92489	0.506	1	50	-0.066588
370868.139	193101.9467	3.022908	0.509	1	-64	-0.063689
370868.3571	193101.9593	3.099388	0.502	1	-50	-0.05946
370868.5723	193101.9737	3.164326	0.494	1	-81	-0.056932
370868.783	193101.9865	3.218548	0.488	1	-137	-0.05119
370869.0051	193102.0011	3.284396	0.492	1	-135	-0.048217
370869.22	193102.0158	3.35558	0.493	1	-147	-0.045487
370869.4266	193102.0283	3.423587	0.484	1	-142	-0.041289
370869.6485	193102.042	3.474604	0.485	1	-100	-0.035432
370869.8557	193102.0547	3.518792	0.487	1	-102	-0.032322
370870.0732	193102.0682	3.588598	0.497	1	-101	-0.032152
370870.2881	193102.0821	3.669753	0.516	1	50	-0.027386
370870.5104	193102.0962	3.746744	0.513	1	50	-0.029092
370871.0587	193102.1441	3.838921	0.498	1	-50	-0.028329
370871.2954	193102.1623	3.888116	0.492	1	-50	-0.028352
370871.533	193102.1808	3.947881	0.48	1	-50	-0.028526
370871.7461	193102.1961	3.986076	0.477	1	-86	-0.024944
370871.9581	193102.2122	3.99538	0.487	1	-54	-0.025193
370872.171	193102.2291	3.994144	0.485	1	-50	-0.022322
370872.3838	193102.2448	3.965322	0.475	1	-50	-0.018313
370872.5885	193102.259	3.955484	0.46	1	50	-0.018249
370872.8019	193102.2737	3.986967	0.464	1	50	-0.015519
370873.0127	193102.2885	4.047581	0.477	1	129	-0.014518
370873.2279	193102.3033	4.099379	0.488	1	172	-0.011845
370873.4427	193102.3213	4.173928	0.499	1	178	-0.010865
370873.6588	193102.3376	4.224092	0.487	1	177	-0.012691
370874.1145	193102.3694	4.273702	0.498	1	153	-0.01218
370874.4428	193102.3961	4.320296	0.496	1	128	-0.013381
370874.6806	193102.4172	4.360059	0.48	1	99	-0.013825
370874.9048	193102.4356	4.341203	0.496	1	50	-0.012192
370875.1187	193102.4518	4.314268	0.491	1	115	-0.01081
370875.343	193102.468	4.302856	0.482	1	50	-0.008611
370875.5508	193102.4827	4.302263	0.499	1	50	-0.005538
370875.7678	193102.4974	4.317137	0.504	1	50	-0.004824
370875.9796	193102.5113	4.363269	0.508	1	55	-0.005206
370876.1876	193102.5261	4.438549	0.488	1	50	-0.006613
370876.4056	193102.5419	4.518504	0.486	1	50	-0.008166
370876.6137	193102.5567	4.525047	0.491	1	-54	-0.009025
370876.8245	193102.5745	4.557329	0.486	1	-50	-0.009165
370877.0625	193102.5959	4.510984	0.468	1	-158	-0.008098
370877.6159	193102.6429	4.460619	0.488	1	-177	-0.005927
370877.8626	193102.6584	4.399611	0.499	1	-163	-0.002686
370878.0988	193102.677	4.337595	0.5	1	-142	-1.2E-05
370878.3105	193102.6943	4.338416	0.5	1	-164	0.000146
370878.5169	193102.7103	4.344048	0.495	1	-108	0.002848
370878.7252	193102.7249	4.34344	0.497	1	-95	0.003785
370878.9252	193102.7388	4.345934	0.501	1	-103	0.004017
370879.1257	193102.7547	4.360185	0.516	1	-127	0.003259
370879.3271	193102.7705	4.392255	0.521	1	-94	0.001389
370879.5261	193102.7873	4.431132	0.515	1	-101	-0.001138
370879.7231	193102.8041	4.473906	0.501	1	-148	-0.003118
370879.9303	193102.8233	4.507943	0.493	1	-50	-0.005158
370880.5368	193102.877	4.511102	0.478	1	-50	-0.006357
370880.7815	193102.8957	4.473453	0.477	1	50	-0.007184
370881.0186	193102.9121	4.423109	0.479	1	50	-0.005128
370881.2448	193102.9287	4.373914	0.48	1	78	-0.004974
370881.4472	193102.9465	4.366059	0.483	1	105	-0.004811
370881.6476	193102.9627	4.397704	0.489	1	166	-0.003133
370881.844	193102.9783	4.418367	0.474	1	159	-0.006524
370882.0356	193102.9946	4.418013	0.481	1	83	-0.006515
370882.2344	193103.0099	4.441268	0.482	1	129	-0.006257
370882.4269	193103.0261	4.430345	0.489	1	108	-0.00816
370882.6195	193103.0382	4.413915	0.495	1	101	-0.006189
370882.826	193103.0586	4.438336	0.494	1	120	-0.008052
370883.4329	193103.1098	4.443266	0.498	1	127	-0.010243
370883.6868	193103.1323	4.44829	0.491	1	134	-0.009804
370883.9075	193103.1507	4.427021	0.482	1	182	-0.010483
370884.1623	193103.1692	4.38362	0.473	1	187	-0.00864
370884.3808	193103.1882	4.380478	0.473	1	222	-0.007065
370884.5765	193103.2032	4.386199	0.476	1	148	-0.009453
370884.7696	193103.218	4.43892	0.501	1	82	-0.007951
370884.964	193103.2328	4.450518	0.497	1	50	-0.010796
370885.1513	193103.2471	4.415875	0.489	1	50	-0.007783
370885.3411	193103.264	4.408861	0.49	1	-54	-0.006936
370885.5324	193103.2778	4.410032	0.477	1	-50	-0.00894
370885.7239	193103.2923	4.422789	0.493	1	-68	-0.009944
370886.0838	193103.323	4.437089	0.48	1	-50	-0.011847
370886.5654	193103.3671	4.465653	0.486	1	50	-0.013128
370886.8104	193103.3809	4.446325	0.5	1	50	-0.012366
370887.0668	193103.4047	4.439292	0.477	1	50	-0.012468
370887.299	193103.4272	4.421426	0.492	1	-50	-0.016624
370887.5251	193103.4453	4.42597	0.481	1	-82	-0.014629
370887.7215	193103.4603	4.396625	0.487	1	-133	-0.014339
370887.911	193103.4749	4.348411	0.482	1	-124	-0.014599
370888.0982	193103.4892	4.28426	0.496	1	-187	-0.008668
370888.2832	193103.5042	4.256162	0.491	1	-207	-0.008293
370888.4687	193103.5177	4.259751	0.515	1	-141	-0.009026
370888.6554	193103.5321	4.242595	0.502	1	-201	-0.00802
370888.8497	193103.5468	4.252562	0.502	1	-138	-0.009068
370889.4318	193103.5985	4.276062	0.5	1	-107	-0.009536
370889.7154	193103.6226	4.312193	0.512	1	-55	-0.010696
370889.968	193103.6404	4.295611	0.502	1	-60	-0.008914
370890.2001	193103.6583	4.297834	0.489	1	-50	-0.010089
370890.4419	193103.6807	4.308824	0.476	1	50	-0.011596
370890.6585	193103.6943	4.291098	0.488	1	-87	-0.0097
370890.8505	193103.7117	4.281896	0.483	1	-80	-0.011813
370891.0468	193103.725	4.259824	0.488	1	-52	-0.011536
370891.2379	193103.7367	4.235184	0.476	1	-81	-0.010568
370891.4274	193103.7529	4.204456	0.489	1	-50	-0.013847
370891.6215	193103.7664	4.185885	0.501	1	92	-0.017959
370891.8054	193103.7811	4.179708	0.498	1	76	-0.010107
370891.9902	193103.7959	4.181318	0.495	1	50	-0.009718
370892.5805	193103.8434	4.186576	0.482	1	101	-0.011156
370892.8638	193103.8646	4.185192	0.481	1	149	-0.009918
370893.1031	193103.8868	4.221167	0.485	1	201	-0.011941
370893.3403	193103.9056	4.226866	0.479	1	189	-0.012443
370893.5714	193103.9265	4.26782	0.487	1	148	-0.012782
370893.7882	193103.9456	4.289605	0.471	1	116	-0.015566
370893.9697	193103.9614	4.300622	0.475	1	96	-0.015706
370894.1484	193103.9772	4.324731	0.489	1	105	-0.018648
370894.3277	193103.9923	4.322418	0.487	1	129	-0.018959
370894.5087	193104.0057	4.281912	0.479	1	90	-0.018242
370894.6838	193104.0204	4.265129	0.479	1	126	-0.019112
370894.8663	193104.035	4.22485	0.488	1	137	-0.019822
370895.4843	193104.0837	4.203627	0.494	1	138	-0.017997
370895.7603	193104.1046	4.171734	0.498	1	129	-0.017528
370896.0037	193104.1242	4.177076	0.486	1	112	-0.018065
370896.2387	193104.1441	4.161464	0.483	1	50	-0.019809
370896.474	193104.163	4.191934	0.486	1	52	-0.019407
370896.7127	193104.183	4.204318	0.49	1	50	-0.021634
370896.9128	193104.1984	4.243597	0.499	1	-50	-0.021746
370897.0887	193104.216	4.284533	0.497	1	-50	-0.02506
370897.266	193104.2297	4.245904	0.5	1	-83	-0.023659
370897.447	193104.2454	4.213578	0.503	1	-109	-0.025512
370897.6146	193104.2586	4.193948	0.495	1	-92	-0.025088
370897.7837	193104.273	4.185583	0.493	1	-81	-0.025134
370898.1693	193104.3082	4.159807	0.508	1	-113	-0.023036
370898.6595	193104.349	4.122765	0.502	1	-130	-0.021557
370898.9081	193104.3694	4.098322	0.499	1	-129	-0.019725
370899.145	193104.3866	4.06971	0.498	1	-161	-0.02003
370899.3817	193104.4054	4.026288	0.508	1	-203	-0.016923
370899.6242	193104.4239	4.019427	0.506	1	-172	-0.016933
370899.8421	193104.4395	3.998753	0.503	1	-193	-0.017469
370900.0208	193104.4544	4.01276	0.498	1	-216	-0.01851
370900.1849	193104.4662	4.079217	0.506	1	-168	-0.020647
370900.3536	193104.4792	4.136709	0.5	1	-126	-0.017312
370900.5162	193104.4914	4.157079	0.493	1	-72	-0.019714
370900.6905	193104.5041	4.140592	0.488	1	-50	-0.017782
370900.9144	193104.5232	4.124985	0.489	1	50	-0.019162
370901.5712	193104.5807	4.127103	0.495	1	50	-0.021244
370901.8184	193104.5986	4.109396	0.49	1	50	-0.021815
370902.0637	193104.6181	4.082863	0.482	1	50	-0.020953
370902.2976	193104.6363	4.051878	0.472	1	-50	-0.022108
370902.5472	193104.6531	3.995687	0.484	1	-50	-0.019044
370902.7739	193104.6722	3.941347	0.477	1	-50	-0.019811
370902.9599	193104.6866	3.914474	0.505	1	50	-0.019174
370903.1163	193104.6983	3.937109	0.475	1	62	-0.018687
370903.2827	193104.7117	3.97101	0.479	1	120	-0.019524
370903.4365	193104.7249	4.006692	0.513	1	157	-0.023767
370903.5977	193104.7394	4.028428	0.498	1	122	-0.022194
370903.7791	193104.7535	4.043418	0.496	1	175	-0.021722
370904.471	193104.8119	4.06496	0.479	1	167	-0.0236
370904.7085	193104.8315	4.102922	0.488	1	202	-0.024521
370904.952	193104.8539	4.119318	0.498	1	162	-0.028511
370905.1849	193104.874	4.087125	0.5	1	105	-0.028307
370905.4365	193104.8954	4.051323	0.481	1	72	-0.029151
370905.661	193104.9102	3.996708	0.489	1	50	-0.027629
370905.8452	193104.9237	3.928858	0.485	1	50	-0.028742
370906.0027	193104.9371	3.885384	0.489	1	50	-0.030335
370906.1628	193104.9504	3.888752	0.505	1	94	-0.028804
370906.3157	193104.9603	3.88536	0.508	1	50	-0.029637
370906.4739	193104.9714	3.916615	0.487	1	152	-0.030049
370906.7229	193104.9906	3.966796	0.486	1	157	-0.03239
370907.3695	193105.0439	4.014973	0.498	1	133	-0.034412
370907.6127	193105.0703	4.048983	0.485	1	50	-0.037257
370907.8465	193105.0913	4.047285	0.47	1	-50	-0.041584
370908.089	193105.1127	4.004651	0.481	1	-50	-0.039258
370908.3186	193105.1282	3.942415	0.498	1	-109	-0.037292
370908.5662	193105.146	3.899332	0.492	1	-156	-0.035104
370908.7523	193105.159	3.838415	0.493	1	-174	-0.032657
370908.9081	193105.1708	3.821697	0.495	1	-208	-0.032235
370909.0701	193105.1824	3.789109	0.504	1	-165	-0.031011
370909.2283	193105.1938	3.776653	0.489	1	-121	-0.028211
370909.3827	193105.2043	3.789801	0.5	1	-80	-0.028824
370909.8196	193105.2421	3.820697	0.489	1	-94	-0.029928
370910.2816	193105.2799	3.842881	0.495	1	-91	-0.030784
370910.5143	193105.2976	3.848801	0.493	1	-142	-0.030353
370910.7346	193105.316	3.873539	0.493	1	-113	-0.03342
370910.9901	193105.3356	3.869101	0.501	1	-143	-0.03211
370911.2195	193105.3549	3.879909	0.492	1	-143	-0.034431
370911.455	193105.3748	3.873888	0.494	1	-135	-0.032245
370911.6371	193105.3888	3.838977	0.497	1	-152	-0.033148
370911.7937	193105.3999	3.801723	0.5	1	-87	-0.030892
370911.9381	193105.4106	3.78862	0.491	1	-59	-0.032309
370912.0886	193105.4222	3.773994	0.5	1	50	-0.031969
370912.2448	193105.4348	3.757522	0.5	1	85	-0.032917
370912.9173	193105.4907	3.795524	0.489	1	71	-0.033251
370913.1816	193105.5128	3.816076	0.482	1	139	-0.032541
370913.4153	193105.5317	3.82992	0.482	1	78	-0.032418
370913.656	193105.5508	3.822504	0.494	1	98	-0.032695
370913.8961	193105.5704	3.805438	0.481	1	75	-0.032573
370914.1312	193105.5932	3.785164	0.469	1	73	-0.036727
370914.3473	193105.6108	3.781558	0.487	1	79	-0.035451
370914.5056	193105.6236	3.776791	0.483	1	94	-0.035734
370914.6573	193105.6356	3.768696	0.475	1	131	-0.036642
370914.8111	193105.6478	3.772059	0.483	1	157	-0.038662
370914.9625	193105.6607	3.79207	0.471	1	189	-0.038079
370915.1225	193105.6725	3.809868	0.485	1	219	-0.038757
370915.841	193105.7341	3.836782	0.475	1	189	-0.042947
370916.0767	193105.7524	3.866458	0.468	1	-463	-0.050235
370916.3174	193105.7696	3.858065	0.487	1	-449	-0.021085
370916.5545	193105.8027	4.784755	0.479	1	-198	-0.006594
370916.8095	193105.8727	6.700522	0.49	1	-151	-0.008522
370917.002	193105.9394	9.155289	0.496	1	-372	-0.013336
370917.1527	193106.0069	11.792813	0.534	1	-204	-0.029119
370917.2832	193106.0683	14.530928	0.573	1	-376	-0.051213
370917.4127	193106.1358	17.362254	0.567	1	50	-0.050425
370917.5347	193106.2101	20.302415	0.531	1	-50	-0.076726
370917.664	193106.2967	23.426119	0.498	1	-208	-0.096349
370918.194	193106.7513	28.562586	0.501	1	414	-0.120544
370918.3725	193106.9368	31.497567	0.568	1	351	-0.131451
370918.538	193107.1056	34.24985	0.565	0	-562	-0.126197
370918.6947	193107.2775	36.814679	0.471	0	-746	-0.114704
370918.8356	193107.4703	39.596626	0.412	0	-397	-0.123167
370918.9696	193107.6738	42.701925	0.444	0	-323	-0.124884
370919.0904	193107.8745	45.741352	0.388	0	-459	-0.139246
370919.203	193108.0468	49.213408	0.488	0	-476	-0.148066
370919.3163	193108.2408	52.422225	0.58	0	-553	-0.153748
370919.4102	193108.4415	55.76086	0.612	0	-188	-0.171022
370919.4984	193108.6594	59.144464	0.509	0	-169	-0.180201
370919.5766	193108.8935	62.365085	0.385	0	-52	-0.186552
370919.6395	193109.1138	65.443281	0.391	0	-363	-0.189593
370919.6867	193109.3413	68.569838	0.426	0	-594	-0.189516
370919.7163	193109.5753	72.042437	0.466	0	-703	-0.20162
370919.7366	193109.8049	75.551822	0.544	0	-216	-0.222795
370919.5126	193110.0849	79.766943	0.597	0	228	-0.235303
370919.3491	193110.3431	83.164508	0.582	0	638	-0.270378
370919.2929	193110.5684	86.623453	0.531	0	739	-0.313531
370919.2287	193110.8059	89.37321	0.424	0	1000	-0.35794
370919.2001	193111.0535	90.82153	0.45	0	934	-0.367598
370919.1966	193111.2843	90.418247	0.429	0	-50	-0.332612
370919.2049	193111.5049	89.038804	0.511	0	-970	-0.275399
370919.227	193111.7345	87.894824	0.478	0	-590	-0.214822
370919.2479	193111.9662	87.762726	0.522	0	-316	-0.17277
370919.2647	193112.2043	88.364698	0.522	0	50	-0.152957
370919.272	193112.4421	89.282543	0.482	0	162	-0.148155
370919.2714	193112.6813	90.216189	0.505	0	174	-0.149814
370919.2701	193112.9217	90.80461	0.464	0	73	-0.14103
370919.264	193113.1588	91.373419	0.476	0	50	-0.136169
370919.2536	193113.3934	91.745356	0.476	0	54	-0.130174
370919.2387	193113.632	92.111802	0.488	0	50	-0.124369
370919.225	193113.8708	92.40012	0.505	0	270	-0.117693
370919.2082	193114.1166	92.574274	0.503	0	21	-0.110244
370919.196	193114.3482	92.512765	0.486	0	-170	-0.096043
370919.1868	193114.5837	92.373303	0.492	0	-106	-0.076422
370919.1767	193114.8194	92.440326	0.502	0	50	-0.065902
370919.1664	193115.061	92.630506	0.507	0	50	-0.053793
370919.1541	193115.3	92.891986	0.492	0	101	-0.050193
370919.1405	193115.533	93.201875	0.474	0	92	-0.043621
370919.1268	193115.7689	93.452691	0.467	0	115	-0.040602
370919.113	193116.0061	93.636469	0.468	0	50	-0.036488
370919.0983	193116.249	93.775024	0.475	0	60	-0.034688
370919.0844	193116.4868	93.858223	0.489	0	50	-0.029944
370919.0669	193116.7301	94.001021	0.487	0	68	-0.027023
370919.0572	193116.9655	94.065456	0.465	0	-5	-0.020853
370919.0384	193117.2139	94.107462	0.498	0	50	-0.015117
370919.0249	193117.4526	94.144684	0.52	0	-50	-0.008588
370919.0107	193117.6955	94.182379	0.498	0	-50	-0.003454
370918.9937	193117.9375	94.312725	0.475	0	50	-0.00167
370918.9754	193118.1863	94.482375	0.477	0	87	-0.000502
370918.9552	193118.4298	94.629473	0.473	0	91	0.000129
370918.9353	193118.6724	94.726738	0.466	0	-50	0.002556
370918.9134	193118.9215	94.798235	0.458	0	-50	0.005762
370918.8939	193119.1646	94.760797	0.47	0	-156	0.008702
370918.8703	193119.4379	94.72433	0.494	0	-154	0.011271
370918.8494	193119.6766	94.718599	0.49	0	-163	0.015155
370918.8301	193119.9231	94.754372	0.509	0	-166	0.021607
370918.811	193120.1638	94.848543	0.508	0	-126	0.026833
370918.7914	193120.4086	94.984448	0.498	0	-100	0.025143
370918.7725	193120.651	95.128332	0.517	0	-50	0.025433
370918.7532	193120.8929	95.19278	0.506	0	-50	0.02584
370918.7358	193121.133	95.182736	0.495	0	-88	0.02693
370918.7153	193121.3757	95.201134	0.487	0	-74	0.027739
370918.6955	193121.6208	95.155859	0.497	0	-105	0.030699
370918.6772	193121.8652	95.083694	0.487	0	-199	0.036113
370918.6613	193122.1073	95.063595	0.479	0	-198	0.044231
370918.6445	193122.3523	95.203962	0.496	0	50	0.042675
370918.6265	193122.5915	95.405647	0.497	0	121	0.040313
370918.6076	193122.8352	95.565851	0.501	0	107	0.034957
370918.5874	193123.0836	95.577485	0.491	0	116	0.037038
370918.5677	193123.3285	95.486164	0.487	0	50	0.041087
370918.5465	193123.5697	95.406648	0.478	0	-1000	0.036553
370918.5296	193123.813	95.345556	0.467	0	-987	0.067242
370918.505	193124.0531	96.595484	0.501	0	-810	0.076006
370918.4725	193124.2771	99.125505	0.501	0	-252	0.055706
370918.4292	193124.5018	102.326206	0.503	0	50	0.011377
370918.3724	193124.7112	105.279897	0.443	0	85	-0.022327
370918.292	193124.9195	108.558352	0.398	0	50	-0.061264
370918.1933	193125.1202	111.699259	0.389	0	240	-0.116089
370918.0843	193125.3261	114.96126	0.518	0	962	-0.15814
370917.9711	193125.5129	117.329874	0.564	0	182	-0.176731
370917.8303	193125.7092	119.291426	0.486	0	-565	-0.173342
370917.6677	193125.9033	121.06591	0.42	0	-768	-0.157038
370917.1961	193126.001	123.114251	0.482	0	-699	-0.140165
370917.0023	193126.1626	125.965532	0.504	0	-105	-0.148532
370916.8161	193126.2899	129.185963	0.522	0	-217	-0.16437
370916.6285	193126.4134	132.499136	0.517	0	-50	-0.17355
370916.4416	193126.5325	135.620144	0.392	0	-126	-0.183511
370916.234	193126.6625	139.043954	0.353	0	-458	-0.192008
370916.0282	193126.7751	142.422518	0.427	0	-569	-0.204676
370915.824	193126.8765	145.754512	0.592	0	-146	-0.226303
370915.6247	193126.9613	148.98911	0.649	0	-52	-0.234134
370915.4086	193127.0356	152.355383	0.546	0	-157	-0.240722
370915.1833	193127.0973	155.599081	0.401	0	-199	-0.24917
370914.9466	193127.1468	158.72306	0.397	0	-205	-0.260458
370914.7046	193127.1867	161.867299	0.445	0	-252	-0.26322
370914.475	193127.1975	164.959311	0.464	0	-134	-0.279743
370914.137	193126.8298	168.28965	0.451	0	-74	-0.298066
370913.9135	193126.78	171.766518	0.505	0	640	-0.339964
370913.6956	193126.7221	175.506609	0.627	0	962	-0.388319
370913.4802	193126.6849	179.34114	0.549	0	1000	-0.422043
370913.2455	193126.6561	180.354353	0.438	0	967	-0.427902
370913.0093	193126.6466	180.160808	0.418	0	255	-0.402272
370912.7834	193126.6581	178.188998	0.469	0	-1000	-0.339488
370912.5566	193126.6827	176.058567	0.475	0	-1000	-0.259852
370912.3237	193126.7107	174.992824	0.468	0	-948	-0.203534
370912.0857	193126.741	175.555094	0.451	0	-50	-0.179217
370911.8455	193126.7557	177.244672	0.532	0	262	-0.186279
370911.607	193126.7576	179.07678	0.525	0	368	-0.203761
370911.3733	193126.75	180.280239	0.498	0	259	-0.21771
370911.148	193126.7393	181.029303	0.48	1	284	-0.223264
370910.9304	193126.7255	181.287724	0.486	1	121	-0.217609
370910.7071	193126.7121	181.422884	0.476	1	-50	-0.200401
370910.4925	193126.7006	181.507576	0.463	1	-130	-0.182518
370910.2798	193126.692	181.144838	0.461	1	-190	-0.159557
370910.0669	193126.6841	180.974496	0.473	1	-143	-0.137971
370909.8573	193126.6796	180.928962	0.48	1	-184	-0.12001
370909.6517	193126.6728	181.099399	0.485	1	-88	-0.106238
370909.4443	193126.6651	181.433647	0.505	1	50	-0.098021
370909.2411	193126.6582	181.775613	0.501	1	50	-0.093416
370908.8034	193126.6236	182.151994	0.49	1	62	-0.092308
370908.4305	193126.5944	182.421755	0.501	1	-50	-0.087978
370908.187	193126.5829	182.614193	0.494	1	-50	-0.081099
370907.9641	193126.5726	182.717784	0.483	1	-92	-0.075004
370907.7511	193126.5609	182.792834	0.476	1	-107	-0.069167
370907.5561	193126.5519	182.841516	0.483	1	-114	-0.061441
370907.3526	193126.5404	182.920182	0.481	1	-141	-0.056088
370907.1558	193126.5284	182.98876	0.488	1	-68	-0.049302
370906.9548	193126.5158	183.089418	0.485	1	-50	-0.041648
370906.7598	193126.5043	183.148211	0.476	1	-50	-0.034889
370906.5737	193126.4939	183.247548	0.493	1	-50	-0.028477
370906.3836	193126.4825	183.34634	0.504	1	50	-0.023478
370905.7749	193126.447	183.526624	0.479	1	62	-0.02336
370905.5179	193126.4278	183.689514	0.478	1	67	-0.021492
370905.2789	193126.4091	183.833682	0.472	1	77	-0.021919
370905.0423	193126.3879	183.966463	0.465	1	97	-0.023673
370904.8219	193126.3687	184.02899	0.455	1	95	-0.023615
370904.6222	193126.3516	184.084677	0.488	1	127	-0.021736
370904.4424	193126.3383	184.105389	0.484	1	63	-0.018474
370904.2726	193126.3268	184.089159	0.483	1	93	-0.013925
370904.0948	193126.3151	184.084827	0.484	1	134	-0.006944
370903.9234	193126.3072	184.094141	0.47	1	106	0.001654
370903.7503	193126.2999	184.148807	0.477	1	141	0.001164
370903.3327	193126.2816	184.262236	0.471	1	222	0.001734
370902.8653	193126.2512	184.405003	0.484	1	239	-0.002762
370902.624	193126.2272	184.537567	0.463	1	164	-0.005776
370902.3812	193126.2106	184.606166	0.469	1	109	-0.0059
370902.1426	193126.1893	184.63614	0.471	1	50	-0.006285
370901.9091	193126.1699	184.630529	0.5	1	50	-0.006554
370901.7051	193126.155	184.584621	0.498	1	-50	-0.002477
370901.5328	193126.1413	184.543319	0.492	1	-51	-0.001685
370901.3619	193126.13	184.501468	0.482	1	-50	0.00323
370901.1823	193126.1183	184.484885	0.489	1	-50	0.007384
370901.0066	193126.1044	184.484797	0.5	1	-61	0.010547
370900.831	193126.0931	184.514796	0.488	1	-50	0.012125
370900.5994	193126.0776	184.607025	0.48	1	50	0.014427
370899.9533	193126.0289	184.717672	0.488	1	-50	0.012472
370899.7217	193126.01	184.809537	0.477	1	-50	0.011701
370899.472	193125.9912	184.851405	0.482	1	-97	0.011797
370899.2341	193125.9725	184.848879	0.486	1	-163	0.012102
370899.0026	193125.9504	184.833404	0.482	1	-182	0.008046
370898.7972	193125.9364	184.797416	0.491	1	-183	0.00838
370898.6234	193125.9241	184.764576	0.493	1	-147	0.012148
370898.4508	193125.913	184.733814	0.499	1	-110	0.012397
370898.2781	193125.901	184.68972	0.503	1	-87	0.017651
370898.1119	193125.8887	184.672169	0.501	1	-125	0.019344
370897.9411	193125.8755	184.688658	0.493	1	-50	0.019344
370897.6748	193125.8553	184.723283	0.486	1	-78	0.020341
370897.0561	193125.8076	184.722859	0.477	1	-60	0.019671
370896.8184	193125.7881	184.763636	0.461	1	-81	0.019793
370896.5747	193125.7685	184.790542	0.471	1	-87	0.020153
370896.3324	193125.7464	184.807517	0.461	1	-50	0.01865
370896.0951	193125.7254	184.824324	0.471	1	-50	0.016677
370895.8812	193125.7069	184.838134	0.478	1	50	0.017894
370895.6935	193125.6912	184.842184	0.493	1	50	0.018761
370895.5275	193125.6768	184.844347	0.487	1	75	0.018683
370895.3482	193125.6627	184.853824	0.468	1	124	0.018728
370895.1849	193125.6494	184.846642	0.473	1	127	0.019386
370895.0191	193125.6364	184.843352	0.473	1	154	0.019867
370894.8016	193125.6206	184.843752	0.456	1	101	0.020068
370894.1571	193125.5766	184.842561	0.475	1	126	0.022747
370893.9162	193125.5593	184.846392	0.471	1	76	0.023407
370893.6854	193125.5401	184.831743	0.479	1	76	0.022807
370893.437	193125.5227	184.83155	0.488	1	68	0.02226
370893.2104	193125.5054	184.817189	0.493	1	63	0.022063
370892.9809	193125.4851	184.867232	0.492	1	68	0.019866
370892.8136	193125.4697	184.909224	0.49	1	109	0.01987
370892.6352	193125.454	184.950561	0.492	1	153	0.018538
370892.4696	193125.4391	184.993246	0.484	1	182	0.016909
370892.2969	193125.4226	185.021322	0.491	1	130	0.014611
370892.1295	193125.4078	185.007246	0.476	1	91	0.016057
370891.8454	193125.3841	184.974091	0.46	1	66	0.017205
370891.2621	193125.3392	184.920816	0.486	1	56	0.016437
370891.0169	193125.321	184.913332	0.49	1	50	0.016296
370890.7749	193125.2978	184.918693	0.473	1	-50	0.016295
370890.5375	193125.2759	184.905472	0.499	1	-51	0.013395
370890.3119	193125.2611	184.888256	0.469	1	-130	0.015124
370890.0902	193125.2428	184.892496	0.494	1	-91	0.015169
370889.9231	193125.2279	184.921256	0.513	1	-50	0.014293
370889.7465	193125.2146	184.934924	0.499	1	-50	0.014296
370889.5729	193125.1993	184.948904	0.497	1	-63	0.01541
370889.3925	193125.1845	184.945485	0.49	1	-74	0.01477
370889.2162	193125.1712	184.927803	0.477	1	-191	0.017126
370889.026	193125.1571	184.909412	0.49	1	-149	0.01889
370888.3482	193125.1088	184.87788	0.479	1	-158	0.019464
370888.1055	193125.0818	184.910484	0.474	1	-179	0.018422
370887.8754	193125.0621	184.886685	0.499	1	-185	0.020009
370887.6348	193125.052	184.835373	0.481	1	-189	0.022986
370887.4018	193125.0347	184.807989	0.484	1	-153	0.022662
370887.1949	193125.0186	184.806541	0.49	1	-119	0.023482
370887.0108	193125.0024	184.85983	0.488	1	-50	0.019968
370886.8375	193124.9864	184.909484	0.475	1	-50	0.01944
370886.6664	193124.9694	184.941032	0.501	1	50	0.019004
370886.4884	193124.9555	184.952452	0.469	1	-50	0.021605
370886.3185	193124.9424	184.934802	0.466	1	-50	0.021782
370886.1313	193124.9281	184.890092	0.449	1	-50	0.023166
370885.459	193124.8813	184.871182	0.474	1	50	0.02283
370885.2213	193124.8622	184.839448	0.462	1	50	0.025739
370884.9772	193124.844	184.825125	0.464	1	50	0.024699
370884.7348	193124.8256	184.815017	0.462	1	50	0.025642
370884.4968	193124.808	184.817353	0.477	1	56	0.026314
370884.2678	193124.7894	184.849943	0.49	1	132	0.027301
370884.0842	193124.7732	184.89653	0.496	1	120	0.02678
370883.9103	193124.759	184.950149	0.491	1	88	0.02483
370883.7355	193124.745	184.990334	0.485	1	182	0.024809
370883.5637	193124.7315	185.028308	0.466	1	191	0.021508
370883.3866	193124.7171	185.051505	0.46	1	226	0.019194
370883.2058	193124.7002	185.06256	0.467	1	151	0.019815
370882.5568	193124.6477	185.061277	0.478	1	98	0.016909
370882.3099	193124.6285	185.031255	0.484	1	50	0.016913
370882.0612	193124.6072	184.982225	0.493	1	60	0.017869
370881.8216	193124.5882	184.907707	0.497	1	-50	0.017929
370881.5832	193124.5702	184.851954	0.49	1	50	0.020525
370881.3723	193124.5539	184.801279	0.498	1	-50	0.021501
370881.1991	193124.5395	184.793854	0.491	1	58	0.022668
370881.0214	193124.5231	184.845409	0.484	1	50	0.021279
370880.8479	193124.5086	184.901992	0.494	1	80	0.020866
370880.6794	193124.4957	184.96341	0.472	1	70	0.019944
370880.5032	193124.4808	184.991433	0.474	1	50	0.016952
370880.282	193124.4633	185.031455	0.459	1	50	0.017586
370879.6458	193124.4072	185.064233	0.452	1	-50	0.013556
370879.4125	193124.3879	185.069011	0.471	1	-56	0.014283
370879.1651	193124.3688	185.023178	0.467	1	-63	0.014354
370878.9234	193124.3515	184.973259	0.49	1	-172	0.016173
370878.6906	193124.3348	184.937885	0.511	1	-170	0.017887
370878.4854	193124.3225	184.886532	0.515	1	-121	0.01826
370878.3135	193124.3098	184.854092	0.5	1	-115	0.019611
370878.1471	193124.296	184.84128	0.507	1	-108	0.02128
370877.9732	193124.281	184.84118	0.478	1	-97	0.021101
370877.8032	193124.2671	184.846743	0.475	1	-127	0.021213
370877.6384	193124.2535	184.864547	0.481	1	-120	0.022377
370877.0621	193124.2052	184.926259	0.481	1	-104	0.02012
370876.7493	193124.1783	184.950955	0.479	1	-70	0.017353
370876.5064	193124.1589	184.971314	0.479	1	-88	0.017356
370876.2673	193124.1396	184.93206	0.497	1	-121	0.016438
370876.0253	193124.1211	184.93687	0.503	1	-85	0.017198
370875.8039	193124.1035	184.904636	0.486	1	-120	0.021241
370875.6071	193124.0879	184.880955	0.486	1	-50	0.021346
370875.4439	193124.0741	184.911077	0.464	1	83	0.020488
370875.2793	193124.0608	184.910689	0.457	1	54	0.0202
370875.1164	193124.0471	184.907162	0.46	1	50	0.019809
370874.947	193124.0339	184.889154	0.453	1	50	0.021314
370874.7657	193124.0218	184.873278	0.469	1	50	0.02373
370874.0837	193123.9751	184.859196	0.456	1	50	0.025188
370873.8412	193123.9565	184.847147	0.454	1	75	0.023271
370873.5902	193123.9339	184.869779	0.472	1	59	0.023442
370873.3613	193123.9121	184.928048	0.481	1	67	0.021911
370873.1188	193123.9028	184.903046	0.492	1	62	0.024293
370872.895	193123.8872	184.924237	0.506	1	116	0.024229
370872.7233	193123.8696	184.950777	0.5	1	184	0.021243
370872.5581	193123.8529	185.019081	0.494	1	185	0.019381
370872.3922	193123.8364	185.023722	0.487	1	115	0.017345
370872.2312	193123.8212	185.008329	0.477	1	97	0.018406
370872.0661	193123.807	184.974396	0.476	1	54	0.020507
370871.8345	193123.7896	184.924582	0.482	1	50	0.02325
370871.1827	193123.7465	184.88609	0.464	1	52	0.025164
370870.9654	193123.7267	184.88783	0.452	1	50	0.024861
370870.6979	193123.7063	184.898288	0.475	1	50	0.024816
370870.463	193123.6828	184.908502	0.482	1	50	0.021722
370870.2236	193123.664	184.93399	0.478	1	63	0.022346
370869.9933	193123.6427	184.963029	0.494	1	50	0.019567
370869.8235	193123.6265	185.022815	0.504	1	51	0.018757
370869.6585	193123.6125	185.041386	0.516	1	73	0.017101
370869.4981	193123.5973	185.066308	0.482	1	-50	0.018347
370869.3298	193123.5839	185.061894	0.467	1	-56	0.017126
370869.1555	193123.5707	185.026457	0.465	1	-100	0.020999
370868.8114	193123.5458	184.963415	0.485	1	-82	0.021558
370868.2869	193123.5094	184.917232	0.497	1	-219	0.024236
370868.0503	193123.4896	184.899926	0.494	1	-143	0.023522
370867.7999	193123.4676	184.897536	0.481	1	-186	0.021106
370867.5595	193123.4483	184.914714	0.505	1	-194	0.022339
370867.321	193123.429	184.94898	0.512	1	-131	0.026374
370867.1022	193123.4107	184.967888	0.505	1	-128	0.023975
370866.927	193123.3974	184.94965	0.482	1	-95	0.023702
370866.763	193123.383	184.925834	0.469	1	-76	0.025379
370866.5933	193123.3708	184.925721	0.472	1	-91	0.025908
370866.4313	193123.3567	184.919133	0.498	1	-83	0.025009
370866.2633	193123.3434	184.896668	0.466	1	-136	0.027703
370865.7739	193123.3081	184.872921	0.471	1	-90	0.028346
370865.3878	193123.2766	184.899688	0.474	1	-83	0.027054
370865.1295	193123.2545	184.923311	0.471	1	-50	0.023477
370864.8895	193123.235	184.938782	0.484	1	-50	0.02374
370864.6541	193123.2148	184.968556	0.485	1	-51	0.023176
370864.4345	193123.1987	184.998544	0.479	1	-50	0.024133
370864.2225	193123.1798	184.999631	0.468	1	88	0.022539
370864.0532	193123.1662	184.998914	0.474	1	69	0.022926
370863.8953	193123.1538	185.019334	0.477	1	89	0.023073
370863.7343	193123.1426	185.010827	0.476	1	115	0.026902
370863.5623	193123.1315	184.989563	0.461	1	50	0.029332
370863.3993	193123.1192	184.994084	0.467	1	92	0.029292
370862.7145	193123.0734	184.998591	0.458	1	114	0.03044
370862.4772	193123.0528	185.010027	0.455	1	122	0.028811
370862.2272	193123.0326	184.989726	0.466	1	77	0.028811
370861.9884	193123.013	184.97448	0.479	1	50	0.028176
370861.757	193122.9952	184.99536	0.476	1	120	0.02847
370861.5175	193122.9763	185.012088	0.48	1	123	0.028937
370861.3253	193122.9583	185.044644	0.489	1	109	0.028778
370861.1665	193122.9438	185.083903	0.487	1	169	0.027678
370861.0038	193122.9288	185.122487	0.472	1	167	0.026063
370860.8395	193122.9138	185.148132	0.467	1	98	0.024457
370860.6749	193122.8998	185.155647	0.469	1	68	0.024758
370860.5069	193122.8846	185.161102	0.467	1	77	0.024332
370859.8351	193122.8323	185.169772	0.48	1	50	0.023249
370859.5857	193122.81	185.125548	0.489	1	50	0.022152
370859.3382	193122.7898	185.086259	0.492	1	-50	0.020678
370859.0985	193122.7714	185.054595	0.492	1	-286	0.022835
370858.8605	193122.7558	185.064852	0.515	1	-657	0.031964
370858.6278	193122.7333	185.587929	0.518	1	-60	0.047075
370858.4384	193122.7032	186.746497	0.486	1	-234	0.051536
370858.2841	193122.6659	188.618664	0.458	1	-300	0.04683
370858.1364	193122.6259	190.844418	0.452	1	-156	0.04118
370857.9879	193122.5768	193.177493	0.555	1	-279	0.035544
370857.8437	193122.5184	196.071446	0.514	1	171	0.019494
370857.6974	193122.4445	198.775272	0.457	1	50	0.007619
370857.0995	193122.07	201.561285	0.478	1	-65	-0.006925
370856.9133	193121.9241	204.471404	0.472	1	-119	-0.020902
370856.7393	193121.7627	207.427418	0.434	1	-201	-0.033796
370856.5742	193121.5905	210.562109	0.487	0	-915	-0.054658
370856.4204	193121.4172	213.656264	0.586	0	-459	-0.061449
370856.2798	193121.2515	216.698933	0.572	0	-397	-0.074246
370856.1213	193121.0635	219.957631	0.501	0	-524	-0.094591
370855.9705	193120.8743	223.178054	0.37	0	-319	-0.115329
370855.8356	193120.6805	226.514294	0.346	0	-216	-0.13492
370855.717	193120.4907	230.052401	0.462	0	-380	-0.150702
370855.6081	193120.2859	233.910087	0.559	0	-334	-0.169157
370855.5228	193120.0893	237.545938	0.559	0	-50	-0.193583
370855.4455	193119.8743	240.946649	0.516	0	-57	-0.213213
370855.3762	193119.6544	244.219253	0.544	0	299	-0.230917
370855.3201	193119.4277	248.081297	0.5	0	311	-0.240168
370855.2791	193119.1931	250.700211	0.376	0	-251	-0.244707
370855.5465	193118.8143	253.794217	0.303	0	96	-0.26091
370855.5908	193118.5453	256.630984	0.402	0	-226	-0.249975
370855.6144	193118.3003	259.830033	0.498	0	158	-0.270094
370855.6436	193118.0812	263.352024	0.59	0	794	-0.311169
370855.6749	193117.8597	266.378995	0.574	0	699	-0.355162
370855.7084	193117.6313	268.546098	0.468	0	1000	-0.388304
370855.7362	193117.3947	270.198049	0.448	0	815	-0.396566
370855.7551	193117.1813	270.05478	0.472	0	50	-0.369664
370855.7591	193116.959	268.461794	0.485	0	-1000	-0.308766
370855.7485	193116.7285	267.185521	0.474	0	-723	-0.24034
370855.7327	193116.5048	266.912715	0.462	0	-296	-0.199519
370855.7163	193116.2578	267.571189	0.39	0	-100	-0.18053
370855.7062	193116.0388	268.410449	0.475	0	173	-0.174238
370855.7037	193115.8076	269.370154	0.509	0	207	-0.173789
370855.7082	193115.5888	270.113507	0.507	0	186	-0.175563
370855.7141	193115.3706	270.61001	0.503	0	56	-0.172967
370855.7216	193115.1706	271.08576	0.512	0	53	-0.170312
370855.7304	193114.9709	271.443619	0.487	0	95	-0.162351
370855.7402	193114.7796	271.761222	0.469	0	330	-0.161538
370855.7528	193114.5896	271.817677	0.448	0	158	-0.147179
370855.7635	193114.4025	271.572078	0.445	0	-258	-0.131533
370855.812	193113.8242	271.508562	0.447	0	-50	-0.114254
370855.8222	193113.5501	271.615467	0.467	0	50	-0.102163
370855.8342	193113.3186	271.92265	0.498	0	148	-0.098526
370855.8481	193113.091	272.274291	0.504	0	93	-0.095636
370855.8674	193112.8614	272.608749	0.488	0	120	-0.093714
370855.8793	193112.6801	272.851992	0.49	0	289	-0.0918
370855.891	193112.5156	273.015905	0.504	0	169	-0.089471
370855.9025	193112.3493	273.001169	0.508	0	-139	-0.08096
370855.9089	193112.1997	272.907236	0.478	0	-95	-0.069866
370855.9139	193112.0524	272.900089	0.47	0	-98	-0.061359
370855.9324	193111.6282	273.00912	0.467	0	50	-0.05457
370855.9615	193111.1428	273.195848	0.458	0	-50	-0.053228
370855.9747	193110.9083	273.311794	0.438	0	-65	-0.048912
370855.9912	193110.684	273.469018	0.461	0	-80	-0.050359
370856.0108	193110.4255	273.652387	0.475	0	50	-0.048242
370856.0264	193110.1901	273.772112	0.474	0	50	-0.046508
370856.041	193109.979	273.828795	0.481	0	50	-0.043813
370856.048	193109.8349	273.794865	0.496	0	-196	-0.037181
370856.0567	193109.7014	273.737751	0.495	0	-192	-0.030151
370856.0639	193109.5847	273.706951	0.503	0	-197	-0.026141
370856.0703	193109.4639	273.755987	0.512	0	-100	-0.022096
370856.1162	193108.7458	273.840403	0.523	0	-186	-0.018264
370856.1332	193108.4843	273.948155	0.489	0	-107	-0.016164
370856.152	193108.2509	274.089249	0.471	0	-50	-0.016295
370856.1663	193108.0025	274.187376	0.47	0	-76	-0.009548
370856.1856	193107.7671	274.247768	0.479	0	-79	-0.010266
370856.2017	193107.5347	274.288535	0.471	0	-50	-0.007511
370856.2163	193107.2995	274.309505	0.479	0	-50	-0.003027
370856.2275	193107.1299	274.329251	0.485	0	-50	0.002528
370856.2344	193107.0034	274.322895	0.485	0	-50	0.005584
370856.2415	193106.8824	274.323902	0.497	0	-50	0.008741
370856.2495	193106.7446	274.381552	0.47	0	-50	0.010505
370856.2772	193106.3426	274.489891	0.46	0	-50	0.00936
370856.315	193105.8336	274.623833	0.46	0	50	0.007399
370856.3361	193105.5948	274.727704	0.456	0	50	0.004869
370856.3531	193105.3531	274.730549	0.461	0	50	0.006199
370856.3733	193105.1178	274.703418	0.472	0	74	0.006115
370856.3891	193104.8705	274.635298	0.476	0	98	0.007825
370856.4042	193104.6386	274.579436	0.477	0	69	0.011398
370856.4181	193104.4585	274.537426	0.49	0	75	0.016979
370856.4266	193104.3358	274.605736	0.491	0	134	0.017954
370856.4369	193104.2148	274.720172	0.486	0	136	0.02014
370856.4463	193104.0908	274.832576	0.484	0	218	0.019742
370856.4593	193103.9429	274.937241	0.479	0	199	0.01607
370856.5179	193103.1777	275.017002	0.475	0	138	0.013733
370856.5375	193102.9291	275.01389	0.449	0	99	0.015815
370856.5596	193102.6857	274.979461	0.461	0	-321	0.016791
370856.5747	193102.4509	274.98886	0.456	0	-753	0.021009
370856.6056	193102.2122	275.808645	0.519	0	-239	0.03144
370856.6677	193101.9776	277.630702	0.511	0	-407	0.018171
370856.7453	193101.7686	280.098209	0.43	0	-104	-0.008343
370856.8015	193101.6504	282.633238	0.524	0	-142	-0.040115
370856.8496	193101.5485	285.658307	0.598	0	-462	-0.082133
370856.9096	193101.4443	288.393509	0.517	0	155	-0.101697
370857.008	193101.2517	291.049258	0.42	0	-50	-0.133734
370857.1567	193100.9741	293.645301	0.354	0	116	-0.156913
370857.5149	193100.5431	296.104496	0.427	0	-184	-0.164078
370857.6691	193100.3631	298.983144	0.465	0	-106	-0.167654
370857.8443	193100.177	302.066293	0.495	0	-251	-0.169072
370858.0157	193100.0144	304.718403	0.504	0	-383	-0.165052
370858.1934	193099.8752	307.958313	0.496	0	-272	-0.171422
370858.406	193099.7195	311.096595	0.56	0	-448	-0.180248
370858.5985	193099.5806	314.270331	0.557	0	-83	-0.197541
370858.7929	193099.4495	317.539701	0.513	0	-161	-0.204766
370858.9859	193099.3381	320.770396	0.541	0	-50	-0.213261
370859.1844	193099.2311	323.863353	0.475	0	128	-0.22282
370859.4088	193099.1324	327.116887	0.382	0	-315	-0.233142
370859.6339	193099.0513	330.388097	0.34	0	-564	-0.244878
370859.8538	193098.9814	333.852959	0.499	0	96	-0.262858
370860.0678	193098.9274	337.090973	0.597	0	91	-0.264663
370860.2873	193098.887	340.440113	0.591	0	-158	-0.275651
370860.5273	193098.871	343.995519	0.465	0	-354	-0.288666
370860.8717	193099.2019	347.951527	0.462	0	152	-0.30503
370861.1105	193099.2415	351.355696	0.569	0	800	-0.324519
370861.3174	193099.2826	354.941291	0.544	0	743	-0.354579
370861.5604	193099.326	357.651285	0.45	0	1000	-0.379769
370861.805	193099.3457	359.082839	0.467	0	969	-0.386482
370862.0381	193099.3544	359.344004	0.454	0	50	-0.364597
370862.2663	193099.3427	358.135571	0.497	0	-894	-0.306655
370862.4903	193099.3211	357.064468	0.5	0	-460	-0.246037
370862.7265	193099.3013	357.063343	0.505	0	-296	-0.204272
370862.9657	193099.2831	357.653609	0.511	0	50	-0.18362
370863.1982	193099.2725	358.488285	0.491	0	52	-0.176028
370863.4324	193099.2674	359.438212	0.453	0	132	-0.171114
370863.6649	193099.2673	0.214451	0.443	0	127	-0.164623
370863.8945	193099.2723	0.520612	0.461	0	109	-0.159577
370864.1392	193099.2776	0.711759	0.471	1	174	-0.149299
370864.3708	193099.2842	0.883722	0.466	1	81	-0.138444
370864.6005	193099.2906	1.260146	0.462	1	130	-0.129844
370864.8372	193099.2997	1.703127	0.475	1	112	-0.120921
370865.0726	193099.3098	1.796397	0.476	1	50	-0.11118
370865.3087	193099.3189	1.727222	0.49	1	-51	-0.099578
370865.5411	193099.3283	1.745939	0.473	1	50	-0.090323
370865.7754	193099.339	1.845553	0.495	1	-57	-0.08135
370866.0115	193099.351	2.127815	0.516	1	-50	-0.07455
370866.2447	193099.3629	2.375293	0.501	1	-50	-0.067138
370866.4788	193099.3743	2.605508	0.486	1	130	-0.063048
370866.7197	193099.3895	2.87416	0.482	1	81	-0.059021
370866.9525	193099.4047	3.069802	0.477	1	98	-0.057599
370867.1977	193099.4216	3.151458	0.482	1	50	-0.058329
370867.4316	193099.4368	3.232471	0.469	1	-50	-0.054098
370867.6673	193099.4534	3.288414	0.471	1	-50	-0.05015
370867.9062	193099.4708	3.319916	0.475	1	-105	-0.045341
370868.1377	193099.4879	3.377502	0.478	1	-112	-0.043472
370868.3712	193099.5041	3.433672	0.474	1	-135	-0.040994
370868.602	193099.5219	3.460504	0.501	1	-185	-0.037408
370868.8337	193099.5377	3.488831	0.502	1	-200	-0.033762
370869.0626	193099.5519	3.533846	0.51	1	-98	-0.030434
370869.2923	193099.5674	3.620261	0.515	1	-72	-0.028783
370869.5249	193099.586	3.699394	0.502	1	-106	-0.027389
370869.7677	193099.6053	3.781763	0.496	1	-83	-0.02776
370870.1595	193099.649	3.84421	0.495	1	-88	-0.025264
370870.4542	193099.6742	3.915411	0.483	1	-79	-0.025146
370870.7015	193099.6926	3.978352	0.468	1	-113	-0.024715
370870.9203	193099.7095	3.980442	0.474	1	-76	-0.022782
370871.1513	193099.7255	3.978711	0.468	1	-56	-0.019351
370871.3795	193099.743	3.995582	0.489	1	-81	-0.017991
370871.6053	193099.7596	3.987278	0.51	1	-89	-0.015908
370871.8242	193099.7753	3.992504	0.506	1	-50	-0.014059
370872.0461	193099.7913	4.014912	0.506	1	50	-0.013869
370872.2685	193099.8085	4.053995	0.504	1	55	-0.012781
370872.4941	193099.8269	4.098917	0.484	1	165	-0.012778
370872.7128	193099.8438	4.141197	0.467	1	140	-0.012559
370872.9344	193099.8615	4.192929	0.464	1	129	-0.012675
370873.1594	193099.8798	4.214175	0.476	1	107	-0.014463
370873.3816	193099.8972	4.229094	0.489	1	90	-0.013555
370873.6022	193099.9139	4.241359	0.486	1	115	-0.010766
370873.8547	193099.9321	4.254605	0.493	1	111	-0.012226
370874.3398	193099.9735	4.295005	0.492	1	136	-0.013374
370874.5916	193099.994	4.314288	0.514	1	119	-0.012511
370874.826	193100.0134	4.346797	0.502	1	121	-0.01341
370875.0349	193100.0286	4.358169	0.52	1	135	-0.010471
370875.2511	193100.0457	4.375022	0.506	1	76	-0.012314
370875.472	193100.061	4.400001	0.489	1	137	-0.012704
370875.6858	193100.0764	4.397935	0.488	1	158	-0.0116
370875.9102	193100.0934	4.404527	0.473	1	137	-0.01079
370876.1351	193100.1114	4.416039	0.457	1	59	-0.010346
370876.3578	193100.1253	4.411813	0.461	1	50	-0.007751
370876.5804	193100.1417	4.389766	0.479	1	50	-0.005848
370876.8023	193100.1605	4.406205	0.466	1	-50	-0.007326
370877.0278	193100.1765	4.361071	0.476	1	-60	-0.005278
370877.255	193100.1964	4.391241	0.489	1	-50	-0.005262
370877.4758	193100.2134	4.407338	0.506	1	50	-0.005295
370877.7065	193100.2314	4.410524	0.517	1	-52	-0.003246
370878.1803	193100.2708	4.44942	0.5	1	-50	-0.005127
370878.4673	193100.292	4.476164	0.499	1	-57	-0.005738
370878.6962	193100.312	4.512919	0.48	1	-89	-0.003798
370878.915	193100.3282	4.532603	0.477	1	-110	-0.007302
370879.1335	193100.3446	4.527228	0.465	1	-135	-0.007114
370879.3513	193100.3645	4.555437	0.449	1	-75	-0.007622
370879.5646	193100.3834	4.51798	0.458	1	-168	-0.005551
370879.7826	193100.4005	4.458335	0.464	1	-198	-0.004396
370880.0096	193100.4181	4.415314	0.495	1	-179	-0.002905
370880.2374	193100.4334	4.390179	0.501	1	-162	-0.002344
370880.4635	193100.4501	4.392471	0.5	1	-127	-0.000374
370880.6857	193100.4666	4.402193	0.499	1	-68	9.8E-05
370880.9105	193100.4832	4.440123	0.518	1	-50	-0.000831
370881.1361	193100.5015	4.475536	0.524	1	-50	-0.000943
370881.3743	193100.5196	4.46304	0.48	1	-65	-0.002343
370881.5961	193100.5393	4.501616	0.49	1	50	-0.004513
370881.8292	193100.5581	4.509866	0.464	1	-50	-0.005071
370882.2465	193100.5955	4.478155	0.491	1	-62	-0.003424
370882.5764	193100.6234	4.465108	0.491	1	-50	-0.000986
370882.8057	193100.6402	4.447684	0.495	1	-50	-0.000468
370883.0348	193100.6566	4.423939	0.501	1	-50	0.001177
370883.2567	193100.6749	4.387366	0.518	1	50	0.004121
370883.4787	193100.6907	4.389202	0.517	1	68	0.004221
370883.7042	193100.7072	4.422697	0.506	1	103	0.004214
370883.9311	193100.7243	4.432814	0.494	1	121	0.003414
370884.1495	193100.7399	4.454323	0.478	1	176	0.000795
370884.3673	193100.7593	4.499409	0.47	1	173	0.000729
370884.5956	193100.7773	4.547582	0.461	1	162	-0.002047
370884.8204	193100.7954	4.598524	0.458	1	177	-0.003869
370885.0425	193100.812	4.584835	0.468	1	96	-0.003167
370885.259	193100.8289	4.598171	0.474	1	149	-0.001602
370885.4755	193100.8475	4.584724	0.491	1	164	-0.005881
370885.6995	193100.8645	4.528083	0.496	1	76	-0.002573
370885.9216	193100.8838	4.489281	0.506	1	78	-0.001832
370886.2379	193100.9096	4.462506	0.491	1	53	-0.003064
370886.7115	193100.9465	4.412355	0.484	1	50	-0.002231
370886.9541	193100.9659	4.398206	0.467	1	50	-0.000625
370887.1834	193100.9842	4.412235	0.461	1	50	-6.6E-05
370887.3965	193101.0009	4.468441	0.457	1	-50	-0.004355
370887.6076	193101.0188	4.511376	0.482	1	-50	-0.005988
370887.8284	193101.039	4.548228	0.476	1	-50	-0.006041
370888.0378	193101.0581	4.559085	0.492	1	-133	-0.0079
370888.2501	193101.0764	4.542314	0.481	1	-160	-0.008173
370888.4687	193101.095	4.539742	0.523	1	-176	-0.005302
370888.6783	193101.1095	4.475745	0.522	1	-151	-0.005796
370888.8933	193101.1251	4.423182	0.514	1	-153	-0.003925
370889.1068	193101.1425	4.371978	0.491	1	-163	-0.002166
370889.3191	193101.1573	4.335814	0.484	1	-100	-0.000615
370889.5394	193101.1735	4.323429	0.474	1	-140	0.00135
370890.0833	193101.2188	4.37322	0.483	1	-81	-0.001618
370890.339	193101.241	4.438853	0.479	1	-92	-0.00491
370890.5749	193101.2632	4.459516	0.491	1	-106	-0.006047
370890.8014	193101.279	4.456726	0.489	1	-91	-0.006113
370891.0207	193101.2971	4.412828	0.478	1	-133	-0.006387
370891.2339	193101.3139	4.360981	0.499	1	-164	-0.006675
370891.4532	193101.3311	4.32172	0.513	1	-121	-0.00362
370891.6599	193101.3509	4.326787	0.526	1	50	-0.004828
370891.8801	193101.3722	4.336916	0.526	1	-50	-0.002887
370892.0862	193101.3864	4.320332	0.532	1	-50	0.000987
370892.3026	193101.4007	4.332353	0.522	1	64	-0.002583
370892.5133	193101.4188	4.387878	0.486	1	113	-0.003661
370892.7348	193101.4377	4.431164	0.465	1	137	-0.003464
370892.9451	193101.456	4.449746	0.47	1	79	-0.006554
370893.1585	193101.4716	4.457199	0.461	1	64	-0.00418
370893.6074	193101.5092	4.457037	0.451	1	72	-0.003864
370893.9518	193101.5363	4.453014	0.463	1	98	-0.005594
370894.1858	193101.5509	4.411019	0.49	1	91	0.000695
370894.4188	193101.5699	4.40083	0.505	1	106	-0.001226
370894.637	193101.5848	4.368803	0.497	1	50	0.000865
370894.8455	193101.6009	4.381497	0.497	1	119	0.003302
370895.0574	193101.615	4.384732	0.487	1	174	-0.003101
370895.2668	193101.6309	4.41613	0.462	1	159	-0.003899
370895.4859	193101.6522	4.504079	0.466	1	192	-0.009497
370895.7018	193101.6699	4.533162	0.453	1	100	-0.013904
370895.9082	193101.6883	4.563103	0.46	1	98	-0.011794
370896.1198	193101.7068	4.553245	0.463	1	97	-0.013441
370896.3375	193101.726	4.509628	0.466	1	50	-0.013222
370896.5551	193101.7446	4.439847	0.486	1	-50	-0.012583
370896.9739	193101.7775	4.35042	0.509	1	-50	-0.009302
370897.359	193101.8069	4.304967	0.513	1	-50	-0.009004
370897.5966	193101.825	4.297455	0.51	1	-50	-0.006534
370897.824	193101.8428	4.306834	0.502	1	-50	-0.004023
370898.0509	193101.8604	4.351569	0.489	1	-50	-0.005477
370898.2523	193101.8774	4.41159	0.484	1	-50	-0.007266
370898.4591	193101.8941	4.444123	0.467	1	-60	-0.006859
370898.6785	193101.9108	4.491008	0.451	1	-50	-0.007666
370898.8911	193101.9296	4.519682	0.443	1	-116	-0.01246
370899.0931	193101.949	4.521941	0.46	1	-102	-0.014516
370899.3061	193101.9665	4.443415	0.475	1	-169	-0.012754
370899.518	193101.9832	4.389018	0.485	1	-118	-0.011731
370899.7303	193101.9991	4.340803	0.523	1	-177	-0.008682
370899.943	193102.0136	4.300273	0.498	1	-171	-0.004828
370900.2782	193102.0399	4.267311	0.519	1	-106	-0.005301
370900.7319	193102.0759	4.262542	0.512	1	-118	-0.004533
370900.9786	193102.0957	4.273521	0.52	1	-109	-0.002956
370901.2041	193102.1169	4.301304	0.508	1	-110	-0.004352
370901.4182	193102.1332	4.333371	0.489	1	-83	-0.004268
370901.6559	193102.1524	4.38299	0.489	1	-50	-0.004529
370901.8603	193102.169	4.393787	0.482	1	50	-0.008975
370902.078	193102.1868	4.413107	0.494	1	63	-0.010091
370902.2779	193102.2048	4.432993	0.491	1	136	-0.010294
370902.4863	193102.2226	4.414329	0.501	1	98	-0.011935
370902.7021	193102.2408	4.389139	0.512	1	141	-0.00951
370902.919	193102.2592	4.361902	0.506	1	123	-0.007833
370903.1294	193102.2755	4.355208	0.521	1	97	-0.0073
370903.3427	193102.2918	4.35161	0.492	1	101	-0.00723
370903.8867	193102.3329	4.31267	0.494	1	111	-0.007528
370904.149	193102.353	4.3368	0.472	1	173	-0.006593
370904.3766	193102.3735	4.388936	0.481	1	163	-0.006526
370904.6059	193102.3935	4.410544	0.462	1	158	-0.008138
370904.8126	193102.408	4.401573	0.471	1	142	-0.006676
370905.0187	193102.4238	4.42583	0.468	1	112	-0.006233
370905.2253	193102.4393	4.426325	0.486	1	67	-0.007225
370905.4301	193102.4539	4.385666	0.504	1	107	-0.007573
370905.6332	193102.4701	4.359039	0.489	1	104	-0.008791
370905.8401	193102.4858	4.377519	0.494	1	133	-0.009051
370906.0455	193102.503	4.42405	0.472	1	109	-0.00935
370906.247	193102.5177	4.420268	0.459	1	50	-0.009676
370906.4777	193102.5373	4.442625	0.452	1	50	-0.011104
370907.0357	193102.5904	4.472195	0.434	1	-50	-0.012726
370907.2887	193102.613	4.452715	0.46	1	-59	-0.00947
370907.5266	193102.6308	4.41829	0.486	1	-74	-0.012751
370907.7502	193102.6478	4.366313	0.476	1	-109	-0.006814
370907.9557	193102.6639	4.303494	0.495	1	-172	-0.004079
370908.1619	193102.6792	4.289277	0.528	1	-147	-0.003827
370908.3609	193102.6937	4.293473	0.519	1	-125	-0.003554
370908.5575	193102.707	4.333898	0.521	1	-118	-0.005896
370908.7554	193102.7223	4.380867	0.519	1	-108	-0.004973
370908.9546	193102.7383	4.437677	0.504	1	-86	-0.008774
370909.1522	193102.7542	4.455144	0.484	1	-137	-0.009521
370909.3519	193102.7703	4.45958	0.466	1	-86	-0.007542
370909.8777	193102.8191	4.433093	0.475	1	-122	-0.009166
370910.1902	193102.8423	4.381207	0.491	1	-123	-0.008207
370910.4224	193102.8604	4.344814	0.492	1	-164	-0.008325
370910.6604	193102.8832	4.345516	0.488	1	-97	-0.011058
370910.876	193102.8994	4.303357	0.516	1	-92	-0.008985
370911.0774	193102.9164	4.288659	0.508	1	-87	-0.008474
370911.2792	193102.9324	4.293152	0.535	1	-79	-0.009026
370911.4796	193102.9502	4.295851	0.506	1	-50	-0.009068
370911.6786	193102.967	4.272695	0.522	1	-50	-0.008973
370911.8787	193102.984	4.267133	0.49	1	-52	-0.006362
370912.0831	193103.0013	4.251539	0.491	1	-50	-0.007871
370912.2835	193103.017	4.221913	0.467	1	50	-0.005138
370912.4952	193103.0332	4.218499	0.484	1	50	-0.003793
370913.0633	193103.0775	4.225699	0.472	1	81	-0.0035
370913.3273	193103.0991	4.252461	0.468	1	62	-0.004903
370913.5668	193103.116	4.302108	0.495	1	74	-0.00232
370913.8056	193103.1358	4.321939	0.494	1	126	-0.004419
370914.0179	193103.1541	4.38269	0.491	1	117	-0.005653
370914.2156	193103.1714	4.414573	0.487	1	122	-0.007553
370914.419	193103.1888	4.430423	0.507	1	168	-0.011816
370914.6202	193103.2047	4.432373	0.528	1	107	-0.009886
370914.8221	193103.2206	4.41744	0.493	1	128	-0.012883
370915.0237	193103.2363	4.385929	0.467	1	138	-0.013398
370915.2198	193103.2518	4.360822	0.461	1	101	-0.013396
370915.4305	193103.2694	4.335331	0.473	1	89	-0.013832
370915.6694	193103.2906	4.305659	0.489	1	69	-0.012322
370916.2267	193103.3338	4.264158	0.477	1	63	-0.013486
370916.4696	193103.3534	4.215116	0.47	1	-585	0.005131
370916.7096	193103.3825	4.977694	0.469	1	-132	0.020001
370916.9254	193103.4282	6.63567	0.479	1	-371	0.019191
370917.1208	193103.4805	8.94112	0.505	1	-366	0.014898
370917.2983	193103.5399	11.222068	0.535	1	-204	0.000358
370917.4828	193103.608	14.180419	0.523	1	-50	-0.015131
370917.6657	193103.6907	17.235299	0.482	1	-98	-0.028206
370917.8352	193103.778	20.485522	0.499	1	-223	-0.048703
370918.0089	193103.8817	23.456328	0.523	1	-153	-0.067553
370918.1764	193103.9941	26.876201	0.524	1	252	-0.080823
370918.3629	193104.1673	30.000442	0.514	1	78	-0.098292
370918.6685	193104.6102	33.20252	0.513	1	398	-0.112402
370918.8214	193104.7883	35.94699	0.484	0	-341	-0.110251
370918.9688	193104.984	39.090006	0.415	0	-135	-0.115405
370919.0905	193105.1751	42.246024	0.397	0	-480	-0.126602
370919.2057	193105.3618	45.49231	0.471	0	-629	-0.14142
370919.3287	193105.5467	48.693976	0.629	0	-502	-0.156088
370919.4427	193105.7474	51.937568	0.64	0	-80	-0.173661
370919.5451	193105.9551	55.26955	0.482	0	-261	-0.180914
370919.6399	193106.1795	58.621354	0.335	0	-249	-0.197787
370919.7237	193106.4121	61.95332	0.417	0	-266	-0.208759
370919.7843	193106.6337	65.083728	0.491	0	-321	-0.214455
370919.8384	193106.8627	68.374805	0.506	0	-580	-0.223346
370919.8739	193107.0983	71.745445	0.475	0	-238	-0.241797
370919.8744	193107.3303	75.231764	0.519	0	-243	-0.261191
370919.5336	193107.6622	79.795744	0.593	0	319	-0.278499
370919.4893	193107.8781	83.237257	0.541	0	879	-0.307751
370919.4423	193108.1078	86.036783	0.446	0	631	-0.338599
370919.3905	193108.3665	88.60807	0.453	0	1000	-0.375175
370919.376	193108.5993	89.815787	0.477	0	855	-0.381295
370919.3764	193108.8364	89.347718	0.461	0	-114	-0.34107
370919.3835	193109.0597	88.044464	0.496	0	-991	-0.27874
370919.4035	193109.2921	87.174614	0.502	0	-350	-0.243798
370919.4242	193109.5272	87.359879	0.511	0	-196	-0.19567
370919.4382	193109.7622	88.159913	0.528	0	104	-0.17842
370919.4456	193110.0056	89.072279	0.488	0	241	-0.179293
370919.4461	193110.2431	89.965082	0.469	0	135	-0.176574
370919.4416	193110.4878	90.56176	0.474	0	98	-0.170074
370919.4358	193110.7215	91.060044	0.478	0	50	-0.164833
370919.428	193110.9666	91.500048	0.509	0	70	-0.160518
370919.4132	193111.2069	91.867138	0.517	0	266	-0.155103
370919.4	193111.4468	91.87024	0.499	0	-149	-0.140449
370919.3885	193111.6959	91.669557	0.491	0	-170	-0.119271
370919.38	193111.9307	91.684861	0.461	0	-107	-0.105197
370919.3692	193112.1758	91.981655	0.46	0	-50	-0.097727
370919.3554	193112.4235	92.316016	0.463	0	79	-0.092208
370919.3411	193112.668	92.623542	0.483	0	115	-0.084661
370919.3258	193112.9195	92.94576	0.487	0	115	-0.083748
370919.3126	193113.1664	93.183072	0.484	0	267	-0.080457
370919.2963	193113.4115	93.346131	0.478	0	237	-0.074451
370919.2805	193113.6609	93.330006	0.477	0	-50	-0.065887
370919.2653	193113.9156	93.203893	0.457	0	-52	-0.044714
370919.2514	193114.1605	93.234402	0.483	0	-50	-0.037246
370919.2393	193114.41	93.369544	0.494	0	-50	-0.026745
370919.2248	193114.6529	93.593685	0.491	0	57	-0.022396
370919.2101	193114.9045	93.888141	0.481	0	128	-0.022993
370919.1923	193115.1512	94.159628	0.465	0	50	-0.023387
370919.1723	193115.4062	94.375034	0.481	0	182	-0.023995
370919.1506	193115.6487	94.434019	0.473	0	-50	-0.019351
370919.131	193115.8882	94.375807	0.482	0	-51	-0.015475
370919.1115	193116.1466	94.257412	0.474	0	-112	-0.003418
370919.0942	193116.3824	94.214152	0.469	0	-126	0.006763
370919.0783	193116.6252	94.329588	0.462	0	-53	0.014568
370919.0609	193116.8741	94.515083	0.483	0	65	0.013419
370919.0422	193117.1282	94.789002	0.483	0	104	0.012293
370919.0247	193117.3669	94.977747	0.505	0	125	0.012346
370919.0065	193117.6094	95.044831	0.492	0	-50	0.012501
370918.9888	193117.8529	95.011058	0.503	0	-141	0.010976
370918.9685	193118.1084	94.941272	0.492	0	-122	0.015685
370918.9513	193118.3479	94.850108	0.499	0	-254	0.021216
370918.9331	193118.5892	94.808424	0.493	0	-202	0.02515
370918.9169	193118.8321	94.85234	0.505	0	-163	0.02916
370918.9008	193119.0665	94.999881	0.507	0	-72	0.028931
370918.8811	193119.3062	95.188278	0.499	0	0	0.028209
370918.8601	193119.5538	95.362785	0.492	0	50	0.024554
370918.8376	193119.7904	95.383497	0.491	0	-50	0.022854
370918.8143	193120.0298	95.329122	0.461	0	-51	0.024159
370918.7927	193120.262	95.226524	0.494	0	-158	0.0318
370918.7735	193120.5038	95.081495	0.488	0	-224	0.037488
370918.7552	193120.7462	95.019005	0.49	0	-176	0.041685
370918.7365	193120.9871	95.121871	0.479	0	-123	0.043683
370918.7171	193121.2261	95.304282	0.467	0	-50	0.043045
370918.6962	193121.4536	95.489278	0.493	0	-1000	0.053394
370918.6755	193121.6937	96.562814	0.511	0	-828	0.060721
370918.6399	193121.9122	98.953819	0.447	0	-256	0.043082
370918.5995	193122.1289	101.660285	0.467	0	-249	0.007153
370918.5425	193122.3263	104.768537	0.526	0	-156	-0.032753
370918.4692	193122.5337	107.807489	0.439	0	408	-0.067387
370918.3796	193122.7333	111.306268	0.464	0	697	-0.126114
370918.2835	193122.9109	114.034418	0.575	0	133	-0.154705
370918.1725	193123.0994	116.156909	0.506	0	-254	-0.159706
370918.0475	193123.2917	118.014334	0.475	0	-732	-0.147184
370917.8821	193123.4636	120.044816	0.472	0	-553	-0.13554
370917.4032	193123.5854	122.586166	0.47	0	50	-0.145954
370917.224	193123.737	125.64907	0.544	0	-226	-0.153824
370917.0296	193123.8684	128.925287	0.491	0	-79	-0.168641
370916.8295	193123.9973	132.293541	0.451	0	-50	-0.183877
370916.648	193124.1219	135.516605	0.439	0	-218	-0.200925
370916.4616	193124.2338	138.787308	0.432	0	-522	-0.211201
370916.2695	193124.3319	142.135213	0.483	0	-88	-0.238247
370916.0774	193124.428	145.532092	0.627	0	231	-0.248671
370915.8992	193124.5034	148.665954	0.583	0	50	-0.256113
370915.6778	193124.5779	151.993278	0.413	0	-134	-0.267957
370915.4272	193124.6528	155.481473	0.458	0	-106	-0.284264
370915.1822	193124.7063	158.865004	0.417	0	-50	-0.299173
370914.9508	193124.747	162.154881	0.478	0	394	-0.31256
370914.6217	193124.5352	165.364905	0.487	0	-50	-0.317274
370914.3396	193124.4054	168.629217	0.421	0	50	-0.329981
370914.0931	193124.3541	172.4156	0.4	0	846	-0.374881
370913.8288	193124.3022	176.368143	0.533	0	878	-0.424816
370913.6251	193124.2793	178.730533	0.6	0	1000	-0.446129
370913.3974	193124.2613	179.495082	0.53	0	780	-0.433611
370913.1681	193124.2578	178.707285	0.458	0	-212	-0.390383
370912.937	193124.2704	177.117466	0.47	0	-1000	-0.321766
370912.7064	193124.2955	176.065428	0.474	0	-599	-0.256708
370912.4755	193124.3183	176.281912	0.463	0	-220	-0.21741
370912.2233	193124.3392	177.056482	0.448	0	103	-0.201374
370911.9917	193124.3512	178.030211	0.52	0	174	-0.199777
370911.7556	193124.3531	178.993985	0.532	0	68	-0.199759
370911.5275	193124.352	179.664768	0.518	0	53	-0.199911
370911.299	193124.3434	180.264471	0.505	1	166	-0.19714
370911.0831	193124.3371	180.568066	0.481	1	50	-0.187721
370910.8714	193124.3271	180.792737	0.461	1	-50	-0.178515
370910.6688	193124.3211	180.886431	0.475	1	-50	-0.168267
370910.4708	193124.3147	180.960483	0.471	1	-69	-0.151203
370910.2801	193124.3073	181.036703	0.465	1	-97	-0.137183
370910.1018	193124.2997	181.19397	0.481	1	-73	-0.13015
370909.9152	193124.2922	181.335932	0.492	1	-64	-0.114079
370909.3442	193124.2405	181.487975	0.491	1	-74	-0.109904
370909.0674	193124.2246	181.724086	0.496	1	-50	-0.102824
370908.8217	193124.2133	181.963751	0.494	1	-50	-0.094512
370908.5895	193124.1992	182.207877	0.494	1	81	-0.08853
370908.3566	193124.1858	182.376766	0.488	1	-50	-0.08431
370908.175	193124.1745	182.522392	0.496	1	-50	-0.079426
370908.002	193124.1637	182.630127	0.494	1	0	-0.075058
370907.84	193124.1537	182.713593	0.48	1	51	-0.069502
370907.6747	193124.1448	182.779555	0.457	1	65	-0.065122
370907.5161	193124.1345	182.884704	0.45	1	50	-0.057953
370907.348	193124.1235	182.98575	0.478	1	50	-0.056635
370906.6391	193124.0836	183.045304	0.456	1	50	-0.05164
370906.3859	193124.0666	183.169988	0.498	1	65	-0.047412
370906.1373	193124.0498	183.305085	0.496	1	69	-0.045399
370905.8928	193124.033	183.443205	0.476	1	66	-0.042798
370905.6559	193124.0171	183.510384	0.49	1	50	-0.038958
370905.457	193124.0056	183.644541	0.487	1	88	-0.037883
370905.2942	193123.9927	183.754495	0.482	1	50	-0.036336
370905.1414	193123.9821	183.82482	0.471	1	50	-0.034842
370904.9817	193123.9701	183.871576	0.471	1	50	-0.03333
370904.8186	193123.9578	183.890003	0.471	1	-50	-0.029899
370904.6509	193123.9461	183.911629	0.47	1	-50	-0.026297
370903.9677	193123.8962	183.903795	0.472	1	-63	-0.024338
370903.7282	193123.8773	183.943763	0.485	1	-63	-0.022963
370903.4861	193123.8504	184.012557	0.496	1	-78	-0.022326
370903.2536	193123.8366	184.040145	0.497	1	-180	-0.018223
370903.0089	193123.8179	184.070919	0.507	1	-137	-0.019302
370902.7821	193123.8046	184.088648	0.496	1	-110	-0.017315
370902.5978	193123.7917	184.110846	0.499	1	-125	-0.012982
370902.4445	193123.7799	184.124698	0.505	1	-122	-0.011354
370902.2883	193123.7689	184.161886	0.497	1	-131	-0.008033
370902.1377	193123.7572	184.194537	0.477	1	-169	-0.006033
370901.9717	193123.7442	184.230603	0.457	1	-148	-0.004723
370901.3372	193123.6955	184.263016	0.469	1	-160	-0.003718
370901.0642	193123.6753	184.311537	0.482	1	-113	-0.002445
370900.8352	193123.6542	184.363644	0.499	1	-84	-0.004629
370900.5924	193123.6371	184.375217	0.509	1	-88	-0.002377
370900.3518	193123.6213	184.395939	0.494	1	-55	-0.000525
370900.1219	193123.6037	184.415353	0.492	1	-50	-0.001146
370899.9311	193123.5921	184.421489	0.496	1	-51	0.002509
370899.7842	193123.5839	184.416229	0.503	1	-50	0.005806
370899.6397	193123.574	184.39557	0.489	1	-50	0.007894
370899.4869	193123.5632	184.411128	0.467	1	-50	0.009385
370899.3468	193123.5522	184.453925	0.458	1	50	0.007871
370898.6605	193123.5013	184.486485	0.457	1	78	0.007386
370898.3986	193123.4822	184.542946	0.458	1	79	0.008576
370898.1568	193123.4626	184.591643	0.482	1	114	0.008244
370897.91	193123.4458	184.668834	0.495	1	124	0.009721
370897.6839	193123.425	184.733024	0.498	1	152	0.007522
370897.4502	193123.4085	184.76014	0.509	1	130	0.008505
370897.2859	193123.3953	184.756443	0.512	1	133	0.008041
370897.1304	193123.3817	184.734182	0.502	1	148	0.00738
370896.9842	193123.3695	184.711892	0.479	1	171	0.007274
370896.8321	193123.3552	184.717051	0.467	1	136	0.006366
370896.6712	193123.3414	184.709441	0.467	1	143	0.008199
370895.9937	193123.2912	184.688428	0.473	1	113	0.009602
370895.7502	193123.2796	184.62464	0.475	1	-4	0.013973
370895.5039	193123.2602	184.631275	0.472	1	50	0.015199
370895.2664	193123.2422	184.6501	0.48	1	81	0.014008
370895.0234	193123.222	184.709371	0.505	1	102	0.012161
370894.7963	193123.2028	184.794268	0.499	1	119	0.011287
370894.6055	193123.1853	184.875373	0.504	1	124	0.008656
370894.4452	193123.1706	184.921017	0.495	1	54	0.005757
370894.2868	193123.1578	184.906849	0.497	1	50	0.004777
370894.1365	193123.1461	184.854704	0.495	1	-51	0.006516
370893.9639	193123.1326	184.753505	0.478	1	-147	0.009073
370893.333	193123.0851	184.680872	0.474	1	-173	0.013538
370893.0655	193123.063	184.669173	0.491	1	-167	0.01299
370892.8347	193123.045	184.676026	0.487	1	-146	0.013578
370892.575	193123.0247	184.6771	0.506	1	-135	0.014311
370892.334	193123.0046	184.679022	0.487	1	-134	0.0139
370892.0986	193122.9886	184.695558	0.501	1	-102	0.016909
370891.895	193122.9707	184.701865	0.504	1	-108	0.016426
370891.7424	193122.9573	184.75127	0.506	1	-136	0.016142
370891.6025	193122.9452	184.769138	0.501	1	-114	0.01343
370891.4545	193122.9361	184.764718	0.477	1	-50	0.017128
370891.3177	193122.9229	184.814337	0.468	1	-50	0.016536
370890.7185	193122.8746	184.792008	0.465	1	-76	0.014513
370890.3865	193122.8504	184.793812	0.466	1	55	0.015892
370890.141	193122.829	184.802397	0.471	1	79	0.014861
370889.907	193122.8135	184.781067	0.477	1	89	0.016025
370889.6554	193122.799	184.757046	0.481	1	78	0.019749
370889.4264	193122.7787	184.770978	0.478	1	104	0.01931
370889.1964	193122.7581	184.752598	0.491	1	140	0.015919
370889.0638	193122.7466	184.750358	0.502	1	124	0.019889
370888.9374	193122.7353	184.751167	0.487	1	88	0.017879
370888.8141	193122.7242	184.743257	0.468	1	97	0.015133
370888.6888	193122.7172	184.70351	0.459	1	158	0.019913
370887.9761	193122.663	184.722383	0.46	1	142	0.018099
370887.7222	193122.6372	184.781753	0.481	1	209	0.014917
370887.4823	193122.6206	184.828666	0.485	1	116	0.017761
370887.2379	193122.5986	184.862604	0.488	1	149	0.015741
370886.9989	193122.5799	184.860576	0.51	1	80	0.014833
370886.7716	193122.5597	184.878807	0.507	1	102	0.013039
370886.5787	193122.5418	184.898531	0.496	1	135	0.011293
370886.4534	193122.5301	184.877385	0.5	1	100	0.01142
370886.3242	193122.5184	184.848535	0.492	1	50	0.012889
370886.2076	193122.5094	184.868507	0.487	1	-50	0.012361
370886.0461	193122.4982	184.869135	0.471	1	-50	0.015197
370885.3091	193122.443	184.838036	0.453	1	50	0.016667
370885.0766	193122.4257	184.839442	0.471	1	-50	0.016547
370884.8292	193122.403	184.871642	0.479	1	-56	0.013964
370884.5865	193122.3825	184.923751	0.486	1	-50	0.010684
370884.3327	193122.3629	184.958738	0.481	1	-50	0.011592
370884.1135	193122.3431	184.962061	0.494	1	-50	0.00996
370883.899	193122.3273	184.93232	0.485	1	-104	0.009877
370883.7749	193122.3187	184.892367	0.492	1	-136	0.011534
370883.6409	193122.3082	184.821419	0.502	1	-179	0.012194
370883.5256	193122.297	184.81145	0.503	1	-176	0.011687
370883.3752	193122.2855	184.798817	0.484	1	-182	0.014377
370882.6459	193122.2263	184.781374	0.487	1	-151	0.015865
370882.4004	193122.2088	184.766518	0.475	1	-117	0.016219
370882.1684	193122.1899	184.775239	0.469	1	-150	0.018263
370881.9302	193122.1703	184.760356	0.475	1	-159	0.018557
370881.6769	193122.1523	184.750607	0.481	1	-136	0.018504
370881.4576	193122.1319	184.743453	0.5	1	-119	0.020202
370881.275	193122.1172	184.787662	0.51	1	-50	0.018431
370881.1485	193122.1078	184.806374	0.509	1	-50	0.019467
370881.0076	193122.098	184.799706	0.505	1	-50	0.019652
370880.888	193122.0906	184.813278	0.502	1	-50	0.020119
370880.5677	193122.0666	184.823349	0.497	1	-50	0.018643
370879.9935	193122.0198	184.830696	0.489	1	-50	0.016861
370879.7375	193121.9989	184.846217	0.481	1	58	0.016174
370879.5067	193121.9781	184.862705	0.463	1	78	0.015315
370879.2707	193121.9594	184.833227	0.479	1	88	0.014999
370879.0225	193121.9415	184.791319	0.466	1	50	0.016072
370878.7931	193121.9246	184.762758	0.482	1	84	0.017437
370878.6343	193121.9118	184.740321	0.476	1	144	0.018464
370878.5287	193121.9034	184.736476	0.488	1	123	0.020906
370878.4094	193121.894	184.697439	0.49	1	65	0.022948
370878.2879	193121.8845	184.726132	0.49	1	61	0.021983
370877.5803	193121.836	184.778545	0.478	1	134	0.024757
370877.3209	193121.8137	184.823082	0.471	1	144	0.021908
370877.0773	193121.7906	184.875238	0.474	1	109	0.017928
370876.8394	193121.7699	184.926028	0.486	1	140	0.015916
370876.6084	193121.749	184.937236	0.469	1	115	0.012828
370876.3567	193121.7283	184.903397	0.476	1	104	0.0133
370876.1381	193121.7109	184.897915	0.495	1	76	0.01357
370875.9751	193121.6975	184.886065	0.481	1	105	0.014735
370875.8523	193121.6888	184.869946	0.491	1	90	0.017325
370875.7304	193121.6806	184.818594	0.496	1	136	0.017589
370875.6094	193121.6723	184.807044	0.508	1	50	0.016168
370874.9493	193121.6179	184.84518	0.499	1	50	0.013953
370874.6557	193121.592	184.869621	0.483	1	50	0.010731
370874.4363	193121.576	184.875299	0.469	1	-50	0.009238
370874.1944	193121.5549	184.875726	0.496	1	-50	0.008403
370873.9327	193121.534	184.896772	0.466	1	50	0.007902
370873.7011	193121.5133	184.900613	0.476	1	-50	0.008534
370873.4672	193121.4895	184.876893	0.468	1	-55	0.005152
370873.3063	193121.4755	184.874099	0.475	1	-93	0.007143
370873.1825	193121.4652	184.828722	0.471	1	-133	0.010917
370873.0543	193121.4565	184.76423	0.478	1	-146	0.013623
370872.9359	193121.4496	184.7208	0.485	1	-122	0.015719
370872.2994	193121.4049	184.68948	0.492	1	-117	0.019117
370872.0011	193121.3803	184.65881	0.496	1	-111	0.018317
370871.7541	193121.3599	184.687972	0.508	1	-187	0.016963
370871.5131	193121.3378	184.752607	0.506	1	-176	0.014137
370871.2779	193121.3183	184.81915	0.481	1	-204	0.013623
370871.0311	193121.2981	184.81743	0.47	1	-126	0.015433
370870.8082	193121.2818	184.78657	0.466	1	-50	0.015941
370870.6725	193121.2723	184.77102	0.481	1	-50	0.016038
370870.5358	193121.2622	184.761478	0.489	1	-50	0.016845
370870.4189	193121.2544	184.743626	0.477	1	50	0.021375
370870.3008	193121.2469	184.738736	0.485	1	50	0.021949
370869.5604	193121.1939	184.730132	0.486	1	97	0.021173
370869.3146	193121.1761	184.723353	0.481	1	78	0.022249
370869.0754	193121.1579	184.73113	0.485	1	79	0.021379
370868.8282	193121.1347	184.750224	0.478	1	68	0.018708
370868.5877	193121.1152	184.78624	0.468	1	112	0.015934
370868.3569	193121.0956	184.811698	0.479	1	156	0.015549
370868.166	193121.0744	184.828175	0.473	1	144	0.013369
370868.0425	193121.0633	184.842268	0.467	1	130	0.011806
370867.9227	193121.0532	184.808655	0.469	1	104	0.013407
370867.8013	193121.0446	184.744337	0.489	1	148	0.015068
370867.5952	193121.0294	184.679485	0.494	1	60	0.019838
370866.9018	193120.9799	184.689572	0.493	1	167	0.019742
370866.6624	193120.9595	184.756969	0.475	1	151	0.018064
370866.4122	193120.9356	184.806253	0.485	1	97	0.015721
370866.2071	193120.9199	184.878153	0.478	1	87	0.017319
370865.9361	193120.8937	184.939668	0.47	1	69	0.011898
370865.7023	193120.8746	184.958097	0.457	1	50	0.010314
370865.5226	193120.8603	184.956808	0.467	1	62	0.00784
370865.4035	193120.851	184.934511	0.473	1	-50	0.007829
370865.2774	193120.8408	184.910896	0.477	1	-53	0.010037
370865.1597	193120.8328	184.839773	0.49	1	0	0.010862
370865.0157	193120.8238	184.781746	0.494	1	0	0.012867
370864.2432	193120.7657	184.736595	0.498	1	-73	0.016314
370864.0032	193120.7468	184.719703	0.48	1	-61	0.015316
370863.7591	193120.7269	184.727871	0.486	1	-52	0.015485
370863.5155	193120.7045	184.793633	0.485	1	50	0.012955
370863.2876	193120.6864	184.864184	0.488	1	-50	0.011823
370863.0463	193120.6646	184.899854	0.478	1	-102	0.012497
370862.8519	193120.6503	184.884487	0.476	1	-136	0.011844
370862.7139	193120.64	184.855784	0.468	1	-154	0.012389
370862.5792	193120.6288	184.83371	0.473	1	-158	0.012796
370862.4569	193120.6204	184.76901	0.489	1	-127	0.013359
370862.3168	193120.6081	184.749883	0.491	1	-116	0.014023
370861.5832	193120.5491	184.740209	0.497	1	-73	0.015491
370861.3425	193120.5315	184.734072	0.498	1	-97	0.01746
370861.1132	193120.515	184.724538	0.512	1	-112	0.01768
370860.8517	193120.4975	184.715335	0.509	1	-120	0.020005
370860.6079	193120.4775	184.728369	0.51	1	-90	0.017925
370860.3987	193120.4608	184.722287	0.492	1	-71	0.019128
370860.2105	193120.4463	184.737839	0.492	1	-50	0.019766
370860.0925	193120.4377	184.761009	0.478	1	-63	0.018491
370859.9688	193120.4264	184.780563	0.484	1	-50	0.015826
370859.8546	193120.4151	184.800777	0.485	1	-50	0.013673
370859.6627	193120.3996	184.808035	0.478	1	-222	0.017293
370858.9389	193120.3379	184.964431	0.481	1	-542	0.026141
370858.6821	193120.2978	185.845433	0.5	1	-530	0.030549
370858.4494	193120.2439	187.35679	0.511	1	-346	0.031981
370858.2213	193120.1621	189.389392	0.51	1	-94	0.030788
370858.0102	193120.0706	191.759873	0.454	1	-98	0.016929
370857.8069	193119.974	194.285518	0.509	1	69	0.002989
370857.6499	193119.8901	197.199254	0.519	1	-198	-0.014217
370857.5463	193119.8232	200.072899	0.48	1	-162	-0.026197
370857.4537	193119.7504	203.008179	0.485	1	165	-0.041334
370857.3689	193119.6819	206.351332	0.489	1	183	-0.052784
370857.1931	193119.5363	209.535804	0.461	1	138	-0.065136
370856.7007	193119.1	212.26828	0.512	0	-821	-0.076896
370856.5282	193118.8941	215.208191	0.396	0	-705	-0.091291
370856.3838	193118.6891	218.545935	0.345	0	-323	-0.106793
370856.2604	193118.4979	221.782086	0.45	0	-498	-0.120193
370856.1631	193118.3175	225.026584	0.6	0	-50	-0.144488
370856.0722	193118.1173	228.313165	0.624	0	-50	-0.160433
370855.9715	193117.9007	231.710158	0.516	0	0	-0.178713
370855.8654	193117.6781	235.140905	0.364	0	0	-0.194301
370855.778	193117.4667	238.493551	0.372	0	-50	-0.210659
370855.7075	193117.2561	241.717952	0.448	0	-156	-0.228128
370855.6498	193117.0351	245.586032	0.492	0	50	-0.249247
370855.6061	193116.8	250.045625	0.467	0	177	-0.269834
370855.5748	193116.5756	253.441954	0.571	0	339	-0.280217
370855.5537	193116.357	256.723834	0.593	0	-319	-0.276896
370855.5493	193116.1222	260.145277	0.547	0	155	-0.281306
370855.5544	193115.8744	263.454269	0.491	0	786	-0.308321
370855.7036	193115.6009	265.640644	0.448	0	729	-0.338239
370855.9385	193115.3189	267.319102	0.517	0	290	-0.355284
370855.953	193115.0714	268.35368	0.573	0	812	-0.356643
370855.9679	193114.8477	268.93667	0.517	0	397	-0.349525
370855.9682	193114.6165	268.593657	0.459	0	-711	-0.316404
370855.9515	193114.3788	267.912971	0.462	0	-495	-0.270112
370855.9356	193114.1469	268.035107	0.446	0	-50	-0.236293
370855.9257	193113.9279	268.532198	0.476	0	50	-0.217919
370855.9223	193113.7056	269.206948	0.467	0	79	-0.211521
370855.9217	193113.4811	269.806954	0.462	0	93	-0.203663
370855.928	193113.2656	270.384234	0.47	0	50	-0.198076
370855.9346	193113.0559	270.883923	0.479	0	78	-0.192624
370855.9443	193112.8562	271.264919	0.487	0	355	-0.188221
370855.9518	193112.6572	271.276103	0.475	0	-219	-0.171861
370855.959	193112.4749	270.977753	0.466	0	-273	-0.151281
370855.9607	193112.297	270.933704	0.455	0	-171	-0.132858
370855.9665	193112.1249	271.234682	0.452	0	-66	-0.123588
370856.0006	193111.5029	271.551233	0.48	0	-50	-0.119333
370856.017	193111.2362	271.889729	0.495	0	-50	-0.11454
370856.0281	193111.0219	272.174895	0.489	0	-117	-0.109508
370856.0441	193110.7559	272.436603	0.494	0	-72	-0.107529
370856.0587	193110.537	272.694229	0.49	0	177	-0.101775
370856.0676	193110.3517	272.712993	0.479	0	-108	-0.09181
370856.0722	193110.2005	272.529177	0.471	0	-198	-0.079071
370856.0758	193110.0482	272.494782	0.465	0	-50	-0.068916
370856.0793	193109.9018	272.625214	0.476	0	50	-0.059886
370856.0864	193109.7489	272.845441	0.49	0	50	-0.057766
370856.1214	193109.0842	272.9973	0.488	0	50	-0.058302
370856.1356	193108.8282	273.168846	0.49	0	95	-0.055372
370856.1552	193108.592	273.341462	0.488	0	147	-0.057964
370856.1722	193108.3492	273.474991	0.476	0	50	-0.055348
370856.1909	193108.1099	273.503229	0.493	0	193	-0.056873
370856.2057	193107.8781	273.405221	0.506	0	50	-0.048993
370856.2176	193107.6844	273.272142	0.506	0	50	-0.039854
370856.2224	193107.5598	273.263937	0.495	0	66	-0.03157
370856.2284	193107.4527	273.342596	0.484	0	98	-0.031837
370856.2379	193107.3305	273.529516	0.482	0	179	-0.029956
370856.2601	193107.0485	273.736663	0.475	0	169	-0.03488
370856.3068	193106.4193	273.862316	0.466	0	59	-0.035208
370856.3254	193106.177	273.97941	0.468	0	136	-0.033179
370856.3441	193105.9382	274.018974	0.468	0	127	-0.032749
370856.3647	193105.6925	274.031633	0.469	0	100	-0.031395
370856.3828	193105.4537	274.000748	0.482	0	-50	-0.029415
370856.3938	193105.2297	273.958919	0.489	0	-50	-0.024744
370856.404	193105.0511	273.899144	0.499	0	-50	-0.020185
370856.4124	193104.9161	273.900483	0.503	0	0	-0.017983
370856.4184	193104.8039	273.961445	0.493	0	-50	-0.013566
370856.426	193104.689	274.068867	0.489	0	59	-0.016104
370856.4431	193104.4491	274.168058	0.486	0	50	-0.017133
370856.4961	193103.7589	274.275787	0.457	0	87	-0.017565
370856.5176	193103.5254	274.401509	0.449	0	50	-0.018637
370856.5412	193103.2699	274.406991	0.467	0	-50	-0.020999
370856.5583	193103.0294	274.322175	0.453	0	-124	-0.017324
370856.5758	193102.817	274.206159	0.467	0	-164	-0.016715
370856.5931	193102.5521	274.099772	0.467	0	-226	-0.009152
370856.6027	193102.3681	274.064085	0.473	0	-176	-0.00603
370856.6122	193102.2403	274.108517	0.482	0	-177	-0.003586
370856.6258	193102.1087	274.241389	0.504	0	-50	-0.008707
370856.6356	193101.9988	274.407919	0.488	0	50	-0.010242
370856.6486	193101.8442	274.449766	0.488	0	-50	-0.008972
370856.7094	193101.0962	274.44057	0.483	0	-95	-0.007376
370856.7265	193100.8709	274.398154	0.478	0	-148	-0.005685
370856.7387	193100.6346	274.32548	0.464	0	-130	0.001158
370856.7525	193100.3934	274.247184	0.477	0	-496	0.001477
370856.7711	193100.1442	274.285122	0.469	0	-428	0.007904
370856.8013	193099.9147	275.002181	0.474	0	-701	0.007454
370856.844	193099.7094	276.532544	0.461	0	-287	-0.003661
370856.878	193099.5846	278.71158	0.479	0	-470	-0.021556
370856.9208	193099.4814	281.423539	0.522	0	297	-0.054485
370856.9763	193099.3686	284.364818	0.483	0	50	-0.093241
370857.0338	193099.2625	287.109566	0.466	0	639	-0.126937
370857.3975	193098.6055	289.471813	0.451	0	50	-0.147454
370857.5311	193098.4027	291.554661	0.528	0	-383	-0.151262
370857.6585	193098.2078	293.790716	0.543	0	-443	-0.144251
370857.8092	193098.0152	297.022512	0.544	0	-259	-0.14797
370857.9814	193097.843	300.516222	0.501	0	-101	-0.1649
370858.1519	193097.6846	303.706456	0.491	0	283	-0.185063
370858.3373	193097.5295	306.921767	0.451	0	150	-0.196272
370858.5115	193097.3815	310.120197	0.404	0	-287	-0.208517
370858.6929	193097.2301	313.29376	0.43	0	50	-0.217646
370858.8752	193097.1021	316.467673	0.491	0	-273	-0.229265
370859.0752	193096.9784	319.691968	0.531	0	-366	-0.232313
370859.2768	193096.8692	323.015659	0.552	0	159	-0.246947
370859.4996	193096.7578	326.259445	0.515	0	50	-0.251824
370859.7037	193096.6715	329.468569	0.548	0	109	-0.25618
370859.9296	193096.587	332.651964	0.517	0	50	-0.26241
370860.1666	193096.523	335.995132	0.427	0	-66	-0.266633
370860.4087	193096.4744	339.445066	0.332	0	-316	-0.272209
370860.7632	193096.7243	342.788237	0.421	0	-362	-0.276943
370860.9981	193096.7885	346.806245	0.55	0	-95	-0.293661
370861.214	193096.8211	350.543194	0.571	0	362	-0.31845
370861.4439	193096.859	354.033101	0.572	0	747	-0.353487
370861.6742	193096.892	357.033606	0.55	0	537	-0.39019
370861.9133	193096.9074	358.774685	0.508	0	1000	-0.397753
370862.1356	193096.9168	359.042568	0.518	0	127	-0.373032
370862.3616	193096.915	358.132898	0.503	0	-875	-0.316466
370862.5904	193096.9038	357.229197	0.478	0	-515	-0.256389
370862.8312	193096.8925	357.381541	0.492	0	-154	-0.216227
370863.06	193096.8788	357.799109	0.532	0	50	-0.191997
370863.3073	193096.8725	358.533279	0.51	0	-50	-0.181033
370863.5479	193096.8677	359.283631	0.47	0	175	-0.174601
370863.7892	193096.8675	359.931742	0.46	0	67	-0.166153
370864.0265	193096.8711	0.815128	0.498	0	50	-0.162158
370864.2674	193096.8764	1.117309	0.504	1	160	-0.153234
370864.515	193096.8869	1.41462	0.518	1	50	-0.141524
370864.7594	193096.8965	1.658536	0.506	1	-50	-0.132754
370865.0145	193096.9048	1.820688	0.495	1	50	-0.116101
370865.2547	193096.9123	1.819101	0.488	1	-50	-0.100088
370865.5141	193096.9223	1.965061	0.485	1	-50	-0.084662
370865.7583	193096.9318	1.975805	0.48	1	-50	-0.074622
370866.0136	193096.943	2.228974	0.475	1	-50	-0.06372
370866.2713	193096.9548	2.534951	0.49	1	-50	-0.052997
370866.526	193096.9669	2.816996	0.503	1	-50	-0.045942
370866.7795	193096.9806	3.059166	0.509	1	50	-0.040506
370867.0267	193096.9955	3.263307	0.491	1	50	-0.038454
370867.2838	193097.0138	3.44688	0.483	1	50	-0.030827
370867.5413	193097.0307	3.596667	0.504	1	-50	-0.022936
370867.8048	193097.0486	3.735845	0.502	1	-50	-0.018878
370868.0578	193097.0658	3.853872	0.49	1	50	-0.013098
370868.3151	193097.0834	3.963674	0.465	1	-50	-0.006517
370868.5766	193097.1014	4.050961	0.457	1	50	-0.001737
370868.8297	193097.1187	4.101978	0.464	1	99	0.003546
370869.099	193097.1376	4.175143	0.468	1	77	0.006146
370869.3609	193097.1548	4.275145	0.457	1	118	0.008693
370869.6199	193097.1722	4.384433	0.459	1	69	0.014984
370869.88	193097.1901	4.522759	0.477	1	113	0.017821
370870.1433	193097.2099	4.658709	0.484	1	159	0.017438
370870.4002	193097.2291	4.760262	0.478	1	144	0.021828
370870.6515	193097.2483	4.855365	0.485	1	133	0.019975
370870.8942	193097.2664	4.913897	0.47	1	98	0.021572
370870.8874	193097.2467	4.953025	0.471	1	54	0.022367
370871.1274	193097.2653	4.985269	0.474	1	50	0.02551
370871.3859	193097.2852	4.989684	0.47	1	50	0.028927
370871.6471	193097.3075	5.009146	0.465	1	-50	0.031294
370871.9021	193097.3272	5.007324	0.474	1	-50	0.032515
370872.1641	193097.3482	5.020006	0.463	1	50	0.037173
370872.4252	193097.3679	5.045084	0.482	1	-60	0.040879
370872.685	193097.3876	5.09285	0.47	1	-50	0.041388
370872.9464	193097.4088	5.182079	0.472	1	-50	0.044798
370873.209	193097.4308	5.255624	0.474	1	-50	0.044479
370873.4743	193097.4532	5.282501	0.492	1	-50	0.043697
370873.7401	193097.4738	5.331507	0.475	1	-119	0.047142
370873.9921	193097.4955	5.389184	0.483	1	-101	0.046834
370874.2578	193097.5193	5.457779	0.496	1	-50	0.044019
370874.5233	193097.5415	5.475022	0.494	1	-127	0.045372
370874.7824	193097.5625	5.518152	0.504	1	-154	0.044863
370874.8893	193097.5596	5.506985	0.5	1	-132	0.042264
370874.9842	193097.5521	5.477538	0.51	1	-120	0.046902
370875.2295	193097.5684	5.431892	0.508	1	-100	0.047254
370875.4988	193097.5896	5.39017	0.483	1	-133	0.051727
370875.7552	193097.6137	5.354073	0.499	1	-127	0.051228
370876.0177	193097.6372	5.330694	0.501	1	-143	0.056841
370876.2779	193097.6583	5.297644	0.497	1	-158	0.058024
370876.5438	193097.6788	5.310272	0.504	1	-128	0.062835
370876.8074	193097.7006	5.352929	0.504	1	-103	0.061399
370877.0654	193097.7245	5.438369	0.486	1	-50	0.060305
370877.3389	193097.7549	5.590969	0.494	1	-53	0.057743
370877.5977	193097.7782	5.618239	0.482	1	-50	0.055634
370877.8573	193097.7988	5.642845	0.48	1	50	0.052955
370878.1111	193097.8233	5.642263	0.482	1	52	0.051163
370878.3823	193097.8483	5.62479	0.485	1	164	0.051214
370878.6346	193097.8689	5.552666	0.483	1	83	0.054777
370878.8322	193097.8729	5.461856	0.498	1	71	0.057761
370878.8557	193097.8465	5.445232	0.479	1	57	0.059056
370879.1041	193097.8687	5.49451	0.473	1	114	0.057177
370879.3627	193097.8891	5.50097	0.486	1	88	0.057373
370879.623	193097.9135	5.512675	0.476	1	50	0.058638
370879.8817	193097.9358	5.516092	0.486	1	75	0.057907
370880.1465	193097.9587	5.521564	0.487	1	89	0.054589
370880.4069	193097.9838	5.544636	0.476	1	90	0.054912
370880.6693	193098.0074	5.583538	0.477	1	137	0.052832
370880.9253	193098.0306	5.619511	0.473	1	206	0.053608
370881.1824	193098.0569	5.657888	0.492	1	150	0.052254
370881.4458	193098.0777	5.638662	0.479	1	67	0.052612
370881.7017	193098.0995	5.651077	0.491	1	197	0.051921
370881.9514	193098.1239	5.639156	0.495	1	137	0.05138
370882.2085	193098.1485	5.642186	0.484	1	77	0.051844
370882.4622	193098.1708	5.582482	0.483	1	-50	0.053989
370882.7258	193098.1945	5.565244	0.478	1	-61	0.054889
370882.9713	193098.2149	5.559689	0.49	1	-78	0.05604
370883.212	193098.2309	5.538171	0.511	1	-100	0.05834
370883.2526	193098.2023	5.57867	0.493	1	-50	0.054832
370883.4674	193098.2154	5.666802	0.49	1	50	0.052378
370883.715	193098.2381	5.726825	0.504	1	61	0.050661
370883.9845	193098.2637	5.810826	0.504	1	50	0.047633
370884.2353	193098.2873	5.837954	0.486	1	-50	0.047882
370884.4927	193098.3136	5.853113	0.486	1	-50	0.0474
370884.7372	193098.3368	5.751982	0.467	1	-84	0.048596
370884.9945	193098.3587	5.636703	0.478	1	-174	0.052087
370885.2507	193098.3799	5.529532	0.479	1	-193	0.057117
370885.5105	193098.4006	5.459044	0.485	1	-169	0.062442
370885.758	193098.4198	5.424013	0.509	1	-218	0.063688
370886.0095	193098.4408	5.497427	0.506	1	-144	0.061881
370886.2606	193098.4658	5.595839	0.508	1	-88	0.056464
370886.5148	193098.4877	5.635518	0.5	1	-97	0.056692
370886.7721	193098.509	5.622421	0.487	1	-88	0.057831
370887.0202	193098.5308	5.619532	0.499	1	-50	0.059514
370887.2671	193098.5527	5.595165	0.501	1	-50	0.058568
370887.5157	193098.5736	5.565178	0.495	1	-60	0.060946
370887.764	193098.5945	5.542823	0.502	1	-64	0.061137
370888.0148	193098.6154	5.535891	0.496	1	-79	0.060426
370888.2586	193098.6355	5.520054	0.493	1	-112	0.065195
370888.5125	193098.6545	5.489071	0.472	1	-65	0.063172
370888.7607	193098.6747	5.51436	0.47	1	50	0.065502
370888.9957	193098.6923	5.588066	0.494	1	50	0.062516
370889.1083	193098.6762	5.661364	0.504	1	113	0.060804
370889.3005	193098.6851	5.694999	0.496	1	116	0.060444
370889.5363	193098.707	5.692838	0.483	1	152	0.057767
370889.7828	193098.7254	5.661741	0.467	1	84	0.059777
370890.0272	193098.7446	5.61514	0.485	1	126	0.056735
370890.273	193098.7655	5.615687	0.497	1	134	0.056919
370890.5185	193098.7909	5.625747	0.494	1	164	0.056564
370890.7625	193098.8135	5.615171	0.475	1	94	0.057471
370891.0043	193098.8351	5.60638	0.488	1	66	0.059364
370891.2494	193098.8541	5.555342	0.473	1	103	0.057364
370891.4951	193098.8738	5.52839	0.483	1	87	0.057983
370891.7376	193098.8953	5.539392	0.482	1	114	0.056086
370891.9808	193098.9198	5.586494	0.49	1	114	0.055419
370892.2198	193098.9414	5.609729	0.483	1	111	0.054503
370892.4618	193098.963	5.674399	0.483	1	128	0.053293
370892.7088	193098.9859	5.723686	0.497	1	145	0.051894
370892.9489	193099.0101	5.743174	0.494	1	138	0.049812
370893.2016	193099.0313	5.734297	0.491	1	101	0.050835
370893.4396	193099.0506	5.702137	0.488	1	-50	0.052868
370893.6855	193099.072	5.647321	0.483	1	-52	0.051271
370893.9709	193099.0946	5.560624	0.494	1	-138	0.050778
370894.2149	193099.1144	5.534533	0.495	1	-152	0.053691
370894.4587	193099.1336	5.510344	0.49	1	-114	0.053608
370894.7094	193099.1562	5.525665	0.498	1	-122	0.053332
370894.9486	193099.1763	5.559659	0.5	1	-119	0.055255
370895.2013	193099.1952	5.55948	0.483	1	-101	0.054707
370895.4535	193099.2158	5.565377	0.493	1	-99	0.055612
370895.7037	193099.2381	5.586956	0.496	1	-102	0.054828
370895.9516	193099.2611	5.634381	0.491	1	-103	0.05269
370896.2044	193099.2844	5.633011	0.492	1	-150	0.052035
370896.4559	193099.3049	5.580057	0.485	1	-178	0.053486
370896.7068	193099.3282	5.543743	0.489	1	-92	0.053813
370896.9571	193099.347	5.490508	0.497	1	-91	0.054228
370897.203	193099.3685	5.451336	0.48	1	-115	0.056141
370897.4578	193099.3867	5.400406	0.485	1	-96	0.057433
370897.7089	193099.406	5.411802	0.482	1	71	0.058219
370897.9623	193099.4274	5.47594	0.471	1	84	0.05721
370898.2143	193099.4493	5.526681	0.48	1	126	0.057298
370898.4562	193099.4682	5.554078	0.486	1	111	0.055076
370898.687	193099.4785	5.56556	0.463	1	118	0.053886
370898.744	193099.4494	5.58493	0.465	1	99	0.051821
370898.9779	193099.4641	5.609128	0.468	1	139	0.048791
370899.2304	193099.485	5.610771	0.476	1	131	0.047377
370899.4877	193099.5097	5.614178	0.47	1	149	0.04449
370899.7409	193099.5327	5.576033	0.488	1	147	0.044685
370899.9908	193099.555	5.506703	0.497	1	93	0.048198
370900.2498	193099.5771	5.440355	0.504	1	78	0.04885
370900.5024	193099.5979	5.394277	0.483	1	150	0.049217
370900.7532	193099.62	5.394194	0.462	1	173	0.052816
370901.0099	193099.6414	5.413011	0.47	1	169	0.053707
370901.2654	193099.6642	5.472691	0.488	1	174	0.052862
370901.5165	193099.685	5.520944	0.47	1	135	0.051903
370901.7731	193099.7079	5.557286	0.475	1	129	0.051347
370902.0241	193099.7299	5.567617	0.472	1	50	0.050006
370902.2733	193099.7507	5.594717	0.486	1	50	0.047756
370902.5273	193099.7737	5.63311	0.48	1	50	0.044929
370902.7808	193099.7974	5.664955	0.484	1	61	0.044536
370903.0322	193099.8204	5.647936	0.47	1	-50	0.041338
370903.2855	193099.8425	5.614878	0.478	1	-50	0.042705
370903.5482	193099.8647	5.57215	0.481	1	-50	0.043253
370903.8083	193099.886	5.533717	0.497	1	-85	0.046325
370903.9313	193099.8772	5.47956	0.495	1	-80	0.0494
370904.0428	193099.867	5.451655	0.496	1	-114	0.04922
370904.299	193099.8861	5.403681	0.483	1	-123	0.052198
370904.5532	193099.9074	5.418027	0.494	1	-130	0.050932
370904.8235	193099.9319	5.460706	0.496	1	-112	0.047881
370905.077	193099.9552	5.522938	0.505	1	-62	0.045433
370905.3438	193099.9796	5.573829	0.514	1	-119	0.04478
370905.6006	193100.0057	5.53251	0.488	1	-135	0.042267
370905.8651	193100.0308	5.49837	0.495	1	-87	0.043977
370906.1244	193100.0525	5.428071	0.505	1	-105	0.043827
370906.3895	193100.076	5.356527	0.523	1	-81	0.04647
370906.6536	193100.0965	5.323287	0.508	1	-62	0.050161
370906.913	193100.1197	5.318113	0.478	1	-78	0.051962
370907.1783	193100.1438	5.329981	0.482	1	-50	0.050675
370907.4401	193100.1619	5.302585	0.486	1	-97	0.054337
370907.6756	193100.1779	5.32764	0.471	1	-50	0.053332
370907.6729	193100.1565	5.407544	0.479	1	-61	0.049974
370907.9016	193100.1764	5.441436	0.477	1	-50	0.048426
370908.1677	193100.1994	5.454832	0.507	1	50	0.045136
370908.4307	193100.2237	5.459526	0.514	1	52	0.041835
370908.6984	193100.2493	5.398913	0.505	1	50	0.041348
370908.9651	193100.2732	5.355255	0.489	1	87	0.041017
370909.2289	193100.2961	5.317915	0.477	1	101	0.043379
370909.5069	193100.3195	5.288069	0.475	1	123	0.044928
370909.7818	193100.342	5.288944	0.484	1	98	0.044804
370910.0558	193100.3645	5.295803	0.482	1	95	0.04582
370910.3147	193100.3857	5.296253	0.473	1	117	0.044518
370910.5953	193100.4109	5.338153	0.476	1	106	0.044014
370910.8594	193100.4347	5.342508	0.477	1	59	0.04297
370910.8678	193100.4206	5.362452	0.485	1	111	0.040316
370911.042	193100.4309	5.373903	0.475	1	100	0.039236
370911.283	193100.4543	5.388052	0.495	1	141	0.03724
370911.5359	193100.4773	5.384923	0.491	1	119	0.037166
370911.814	193100.5025	5.362447	0.505	1	141	0.034629
370912.0732	193100.5254	5.345807	0.488	1	137	0.035881
370912.3526	193100.5491	5.317755	0.495	1	134	0.036702
370912.6138	193100.57	5.282894	0.467	1	66	0.038543
370912.8846	193100.5922	5.261573	0.47	1	57	0.038931
370913.1552	193100.6166	5.275898	0.472	1	50	0.038422
370913.4171	193100.6394	5.296604	0.473	1	50	0.037177
370913.6902	193100.6628	5.299454	0.481	1	-50	0.035494
370913.9593	193100.686	5.336515	0.49	1	-88	0.033562
370914.2345	193100.7099	5.343831	0.477	1	-50	0.030621
370914.4389	193100.7256	5.358966	0.49	1	-50	0.028478
370914.4107	193100.7146	5.322306	0.477	1	-50	0.02711
370914.6556	193100.7351	5.316865	0.488	1	-68	0.026326
370914.9107	193100.7547	5.289284	0.47	1	-125	0.031056
370915.1801	193100.7751	5.25828	0.494	1	-98	0.030679
370915.4562	193100.7988	5.204828	0.48	1	-140	0.031784
370915.7245	193100.8215	5.1801	0.488	1	-162	0.036551
370915.9987	193100.8458	5.125968	0.478	1	-201	0.037197
370916.2642	193100.8675	5.112069	0.486	1	-159	0.038553
370916.5372	193100.8914	5.115387	0.494	1	-152	0.038513
370916.8207	193100.9155	5.15127	0.499	1	-868	0.046016
370917.1218	193100.9405	5.413392	0.491	1	-864	0.06916
370917.3941	193100.9726	6.832659	0.499	1	-249	0.083561
370917.6651	193101.016	8.832418	0.474	1	-55	0.081851
370917.5758	193101.1065	11.119224	0.445	1	-143	0.072019
370917.755	193101.2062	13.742444	0.55	1	50	0.059149
370917.9616	193101.3241	16.563777	0.456	1	-221	0.040438
370918.1722	193101.4531	19.380834	0.46	1	-199	0.023661
370918.4131	193101.591	22.405056	0.457	1	173	0.011953
370918.6503	193101.7349	25.460892	0.495	1	-50	-0.009274
370918.8663	193101.8884	28.756106	0.526	1	-161	-0.036358
370919.0839	193102.0727	32.316433	0.521	1	-94	-0.060509
370919.245	193102.2388	35.521623	0.523	0	-900	-0.0819
370919.3921	193102.4111	38.851703	0.56	0	-425	-0.101992
370919.5233	193102.5748	42.107362	0.563	0	-261	-0.11902
370919.5184	193102.8113	45.299096	0.462	0	68	-0.140029
370919.4321	193103.1089	48.668857	0.376	0	-144	-0.159072
370919.5212	193103.345	52.111899	0.39	0	-50	-0.178071
370919.5919	193103.5785	55.704914	0.461	0	-50	-0.203997
370919.6571	193103.7893	59.152168	0.565	0	-62	-0.220389
370919.7195	193103.9912	62.405047	0.632	0	-381	-0.237631
370919.7825	193104.2245	66.055866	0.6	0	173	-0.262516
370919.8286	193104.4512	69.338943	0.501	0	120	-0.274003
370919.8662	193104.6835	72.456229	0.522	0	115	-0.279618
370919.8877	193104.9023	75.704042	0.57	0	-66	-0.286342
370919.8988	193105.1405	79.006318	0.535	0	59	-0.300806
370919.8931	193105.3926	83.304105	0.443	0	679	-0.325585
370919.8758	193105.6386	86.082281	0.399	0	648	-0.357059
370919.8517	193105.887	87.945574	0.471	0	1000	-0.374643
370919.8121	193106.1187	88.994029	0.543	0	783	-0.376684
370919.563	193106.3707	89.022999	0.488	0	0	-0.349268
370919.5712	193106.616	88.468622	0.493	0	-788	-0.292304
370919.6065	193106.8418	87.571499	0.481	0	-490	-0.229405
370919.6262	193107.0889	87.708069	0.464	0	-153	-0.200497
370919.638	193107.3356	88.22816	0.475	0	69	-0.181777
370919.6403	193107.5773	88.980692	0.475	0	129	-0.171728
370919.6377	193107.821	89.651091	0.477	0	129	-0.16331
370919.6264	193108.088	90.273092	0.48	0	50	-0.165642
370919.6161	193108.3483	90.78089	0.501	0	65	-0.157885
370919.6063	193108.6366	91.149466	0.496	0	59	-0.149239
370919.598	193108.9105	91.472211	0.479	0	-55	-0.144654
370919.5871	193109.1994	91.83568	0.464	0	51	-0.13871
370919.5732	193109.4869	92.130777	0.477	0	50	-0.132054
370919.5581	193109.7888	92.32564	0.468	0	63	-0.125793
370919.5463	193110.0991	92.237518	0.491	0	-367	-0.105128
370919.5329	193110.4155	92.061809	0.505	0	-199	-0.091045
370919.5267	193110.3382	92.088358	0.493	0	-141	-0.077265
370919.5188	193110.5014	92.332532	0.474	0	-50	-0.069229
370919.5041	193110.7475	92.666055	0.486	0	50	-0.065036
370919.4869	193110.9918	92.950144	0.499	0	-50	-0.064219
370919.4702	193111.249	93.20404	0.509	0	50	-0.060226
370919.4526	193111.5122	93.412086	0.486	0	50	-0.059973
370919.4276	193111.8309	93.613231	0.486	0	145	-0.05543
370919.4041	193112.1654	93.610909	0.466	0	-104	-0.048654
370919.3833	193112.5083	93.526736	0.46	0	-50	-0.038694
370919.3646	193112.8342	93.472676	0.465	0	63	-0.02968
370919.3483	193113.1218	93.527935	0.496	0	50	-0.020215
370919.3707	193112.9217	93.662931	0.523	0	50	-0.016119
370919.3581	193113.1669	93.848149	0.5	0	84	-0.012497
370919.3393	193113.4032	94.099103	0.498	0	231	-0.008475
370919.3182	193113.6467	94.277553	0.492	0	108	-0.008491
370919.2953	193113.8933	94.398872	0.474	0	117	-0.011185
370919.2769	193114.1526	94.466711	0.46	0	100	-0.007025
370919.2538	193114.4639	94.501261	0.466	0	-50	-0.005261
370919.2314	193114.7856	94.510179	0.462	0	50	0.000697
370919.2089	193115.1242	94.488833	0.463	0	-50	0.006451
370919.1873	193115.4502	94.507442	0.486	0	-50	0.007464
370919.1655	193115.7716	94.605581	0.49	0	55	0.009725
370919.1892	193115.5953	94.754102	0.486	0	61	0.01315
370919.1715	193115.815	94.87001	0.486	0	84	0.010035
370919.1503	193116.054	94.999673	0.468	0	87	0.01014
370919.1293	193116.2897	95.036003	0.496	0	52	0.009751
370919.1107	193116.5471	94.986716	0.495	0	-50	0.010905
370919.0921	193116.8227	94.878459	0.492	0	-137	0.017284
370919.0694	193117.1309	94.807405	0.484	0	-179	0.020548
370919.0469	193117.4448	94.743281	0.484	0	-146	0.025046
370919.0239	193117.7678	94.788157	0.499	0	-84	0.023985
370918.9961	193118.1049	94.986954	0.51	0	50	0.019984
370918.9667	193118.4311	95.191683	0.511	0	-50	0.016243
370918.9421	193118.6929	95.221409	0.5	0	-50	0.017431
370918.9618	193118.5025	95.175028	0.49	0	-50	0.019946
370918.9512	193118.7494	95.057824	0.493	0	-134	0.028211
370918.9371	193118.9924	94.912639	0.505	0	-1000	0.047866
370918.9151	193119.232	95.518197	0.457	0	-1000	0.066584
370918.8538	193119.4691	97.623706	0.435	0	-580	0.05837
370918.7616	193119.7108	100.50895	0.417	0	119	0.029926
370918.6507	193119.9904	104.121751	0.54	0	-73	-0.020876
370918.547	193120.1901	107.106312	0.49	0	58	-0.055349
370918.4459	193120.3742	110.359555	0.501	0	0	-0.104113
370918.3371	193120.5513	113.461253	0.611	0	399	-0.138559
370918.2077	193120.7382	116.338668	0.595	0	59	-0.168487
370918.0614	193120.93	118.72901	0.51	0	-427	-0.182318
370917.9116	193121.1112	120.725689	0.452	0	-746	-0.177518
370917.7686	193121.2831	122.96516	0.486	0	-173	-0.170985
370917.5955	193121.4755	125.878054	0.544	0	-215	-0.170198
370917.4236	193121.6404	128.957588	0.507	0	-364	-0.177552
370917.2196	193121.7825	132.122762	0.497	0	-74	-0.182886
370916.8347	193121.6993	135.172184	0.45	0	-186	-0.193343
370916.604	193121.789	138.507983	0.418	0	-493	-0.208411
370916.3952	193121.8867	141.964407	0.402	0	-94	-0.234745
370916.1832	193121.99	145.327072	0.522	0	50	-0.245024
370915.9857	193122.0782	148.400887	0.634	0	-50	-0.248352
370915.7698	193122.157	151.653653	0.603	0	-273	-0.252327
370915.5458	193122.2163	155.033817	0.416	0	-301	-0.265438
370915.3121	193122.2709	158.430322	0.377	0	-264	-0.279196
370915.0845	193122.3067	161.67498	0.485	0	148	-0.296134
370914.8636	193122.3303	164.771018	0.501	0	-210	-0.297497
370914.6294	193122.337	168.238744	0.488	0	-178	-0.311606
370914.3817	193122.2231	172.443797	0.503	0	832	-0.355049
370914.1154	193121.917	175.940268	0.588	0	964	-0.403905
370913.8798	193121.8632	178.428358	0.551	0	1000	-0.428311
370913.6516	193121.8328	179.604505	0.451	0	704	-0.42444
370913.4153	193121.8373	179.139492	0.428	0	115	-0.388008
370913.1834	193121.8628	177.513818	0.465	0	-1000	-0.320633
370912.9539	193121.8961	176.318119	0.429	0	-814	-0.252148
370912.7251	193121.9234	176.279073	0.462	0	-423	-0.209901
370912.4841	193121.9424	177.049765	0.475	0	-50	-0.197278
370912.2629	193121.9522	177.977077	0.524	0	157	-0.188281
370912.0342	193121.9532	179.068319	0.514	0	124	-0.189454
370911.8083	193121.9508	179.812966	0.501	0	109	-0.18708
370911.5803	193121.9448	180.392934	0.485	1	199	-0.183957
370911.3615	193121.9369	180.866765	0.472	1	111	-0.181422
370911.1445	193121.9296	181.072792	0.48	1	55	-0.169475
370910.9336	193121.9211	181.183975	0.493	1	-50	-0.165027
370910.7187	193121.9136	181.198779	0.479	1	-106	-0.146793
370910.5082	193121.9062	181.209001	0.457	1	-138	-0.13136
370910.2927	193121.8982	181.271981	0.473	1	-110	-0.119765
370910.0869	193121.8916	181.404044	0.47	1	-50	-0.108728
370909.8819	193121.8833	181.655593	0.479	1	-50	-0.101321
370909.495	193121.8503	181.960975	0.488	1	105	-0.09697
370909.0825	193121.8147	182.222655	0.504	1	50	-0.092648
370908.8327	193121.7981	182.467032	0.502	1	50	-0.089071
370908.6037	193121.7871	182.570384	0.474	1	-74	-0.080938
370908.3854	193121.7749	182.633889	0.471	1	-79	-0.077003
370908.1872	193121.7648	182.738745	0.491	1	-174	-0.070381
370907.9796	193121.7549	182.810876	0.484	1	-175	-0.063877
370907.7834	193121.7447	182.875726	0.492	1	-136	-0.057685
370907.5899	193121.7358	182.97464	0.476	1	-125	-0.048629
370907.392	193121.7243	183.123751	0.498	1	-50	-0.043146
370907.1995	193121.7138	183.259566	0.486	1	-89	-0.039918
370907.002	193121.7023	183.393563	0.475	1	50	-0.03515
370906.7809	193121.6888	183.515714	0.478	1	93	-0.035473
370906.1885	193121.6451	183.675367	0.492	1	93	-0.033947
370905.937	193121.6294	183.771269	0.474	1	103	-0.034144
370905.6975	193121.6141	183.842457	0.468	1	88	-0.029106
370905.4587	193121.6028	183.864353	0.48	1	98	-0.023497
370905.236	193121.5896	183.868583	0.492	1	89	-0.019225
370905.0466	193121.5766	183.898409	0.475	1	62	-0.01814
370904.8558	193121.564	183.954947	0.474	1	76	-0.014801
370904.6679	193121.5514	184.027002	0.479	1	126	-0.016742
370904.4763	193121.5361	184.100488	0.476	1	146	-0.013624
370904.2928	193121.5232	184.146213	0.481	1	189	-0.011065
370904.1059	193121.5096	184.20793	0.481	1	164	-0.009696
370903.9209	193121.495	184.271925	0.481	1	203	-0.009998
370903.2985	193121.4464	184.364442	0.478	1	199	-0.009871
370903.0301	193121.4262	184.405739	0.469	1	123	-0.005763
370902.7964	193121.4122	184.419938	0.489	1	113	-0.002086
370902.5595	193121.3988	184.403502	0.474	1	67	0.001788
370902.3178	193121.383	184.412598	0.476	1	60	0.004199
370902.1017	193121.3652	184.451002	0.475	1	50	-0.000722
370901.9209	193121.3511	184.490037	0.466	1	-50	0.000956
370901.7469	193121.3368	184.556738	0.471	1	50	-9.9E-05
370901.5789	193121.3225	184.631882	0.481	1	50	-0.002212
370901.39	193121.307	184.673165	0.5	1	50	-0.000574
370901.2089	193121.2932	184.691886	0.498	1	0	0.000967
370901.0299	193121.2791	184.676458	0.501	1	-50	0.00163
370900.3959	193121.2307	184.648584	0.478	1	-50	0.00554
370900.1345	193121.2123	184.628422	0.481	1	-50	0.006633
370899.8868	193121.1954	184.637463	0.495	1	-97	0.009785
370899.6501	193121.1787	184.627634	0.482	1	-172	0.011832
370899.4298	193121.1623	184.648992	0.464	1	-107	0.012718
370899.1969	193121.1412	184.716416	0.489	1	-88	0.008772
370899.0218	193121.1264	184.765094	0.495	1	-128	0.008881
370898.8567	193121.111	184.783248	0.494	1	-109	0.007539
370898.6864	193121.0974	184.746739	0.488	1	-171	0.009266
370898.5151	193121.0825	184.738473	0.491	1	-104	0.009977
370898.3443	193121.0684	184.745742	0.474	1	-146	0.01268
370898.1064	193121.0519	184.720828	0.484	1	-140	0.018437
370897.4782	193121.0074	184.708721	0.467	1	-113	0.019435
370897.2376	193120.988	184.71456	0.477	1	-87	0.019076
370896.9938	193120.9684	184.74367	0.464	1	-92	0.021615
370896.7538	193120.9485	184.781578	0.469	1	-106	0.01864
370896.5259	193120.9309	184.820402	0.49	1	-77	0.018574
370896.3067	193120.9123	184.843965	0.481	1	-50	0.01902
370896.1349	193120.9007	184.83198	0.498	1	-81	0.018028
370895.9703	193120.888	184.836876	0.501	1	-50	0.019247
370895.8031	193120.8755	184.84517	0.486	1	50	0.019173
370895.6354	193120.8617	184.850635	0.487	1	94	0.018911
370895.4676	193120.8471	184.848868	0.483	1	94	0.020429
370895.05	193120.8159	184.839345	0.472	1	97	0.019406
370894.5761	193120.7816	184.842506	0.472	1	122	0.020543
370894.3457	193120.7635	184.861731	0.489	1	106	0.022964
370894.0922	193120.7423	184.876247	0.475	1	102	0.022723
370893.8491	193120.7223	184.873128	0.468	1	136	0.022488
370893.6182	193120.7039	184.851288	0.475	1	54	0.024243
370893.4022	193120.6863	184.820299	0.494	1	83	0.023109
370893.2355	193120.6736	184.824032	0.506	1	78	0.024096
370893.0701	193120.6592	184.870361	0.484	1	114	0.02499
370892.9073	193120.6457	184.917401	0.493	1	151	0.023451
370892.7452	193120.6333	184.964765	0.489	1	139	0.024357
370892.5832	193120.6177	184.996219	0.496	1	192	0.023062
370891.9757	193120.5701	185.03436	0.492	1	135	0.020895
370891.6779	193120.547	185.039414	0.482	1	122	0.020473
370891.4358	193120.5265	185.05277	0.471	1	101	0.019651
370891.216	193120.5072	185.07832	0.495	1	74	0.019587
370890.9526	193120.484	185.065763	0.488	1	0	0.016355
370890.7206	193120.4682	185.038384	0.497	1	-51	0.018607
370890.5009	193120.4506	185.003648	0.476	1	-75	0.017634
370890.3301	193120.4375	184.993462	0.498	1	-55	0.016808
370890.1544	193120.423	184.970032	0.492	1	-92	0.017859
370889.9895	193120.4105	184.946167	0.481	1	-50	0.020924
370889.8248	193120.3955	184.945212	0.491	1	-54	0.018348
370889.6581	193120.3806	184.958029	0.491	1	-75	0.01834
370889.3534	193120.3583	184.960981	0.473	1	-108	0.020519
370888.7724	193120.3148	184.946496	0.478	1	-124	0.021312
370888.5303	193120.2934	184.953758	0.462	1	-137	0.019077
370888.2994	193120.272	184.973023	0.459	1	-119	0.018025
370888.0402	193120.2531	184.93764	0.483	1	-96	0.023439
370887.8127	193120.2376	184.906325	0.488	1	-187	0.024157
370887.5845	193120.2213	184.881781	0.498	1	-190	0.023103
370887.3984	193120.2064	184.868769	0.503	1	-125	0.023565
370887.2263	193120.1944	184.85982	0.506	1	-104	0.027644
370887.0508	193120.1819	184.858755	0.503	1	-50	0.028271
370886.8821	193120.1697	184.881732	0.489	1	-50	0.025563
370886.7039	193120.1555	184.899864	0.491	1	-50	0.025097
370886.5329	193120.1414	184.93903	0.484	1	50	0.024519
370885.8629	193120.0895	184.969362	0.474	1	50	0.022716
370885.6278	193120.0691	184.955784	0.469	1	50	0.02207
370885.3836	193120.052	184.941465	0.487	1	50	0.021003
370885.1386	193120.0332	184.903053	0.484	1	52	0.022056
370884.8731	193120.013	184.903012	0.481	1	96	0.024575
370884.6521	193119.9889	184.916447	0.487	1	135	0.019049
370884.4771	193119.9752	184.900162	0.48	1	161	0.0217
370884.3024	193119.9578	184.923151	0.493	1	171	0.019494
370884.123	193119.9448	184.900908	0.478	1	202	0.020815
370883.938	193119.9286	184.917986	0.459	1	109	0.019097
370883.7623	193119.9133	184.939173	0.467	1	141	0.019913
370883.5758	193119.8959	184.946407	0.482	1	78	0.018461
370882.9276	193119.8492	184.918496	0.481	1	50	0.019793
370882.6817	193119.828	184.888825	0.491	1	-50	0.018438
370882.4329	193119.8088	184.862251	0.493	1	-76	0.020004
370882.1935	193119.7853	184.89493	0.488	1	-59	0.01979
370881.955	193119.7656	184.915709	0.49	1	-50	0.018978
370881.7235	193119.7483	184.911604	0.475	1	-68	0.019471
370881.5494	193119.7371	184.897484	0.484	1	-64	0.021248
370881.3696	193119.7298	184.855705	0.511	1	-50	0.021964
370881.1938	193119.7166	184.86795	0.485	1	-50	0.020616
370881.0057	193119.7002	184.943858	0.473	1	-73	0.019858
370880.8198	193119.6823	185.008888	0.48	1	-50	0.018871
370880.6372	193119.6645	185.022705	0.475	1	-157	0.018363
370880.3489	193119.6432	184.96349	0.486	1	-177	0.02314
370879.7559	193119.6062	184.840551	0.509	1	-168	0.024547
370879.4999	193119.5914	184.797649	0.493	1	-100	0.025371
370879.2541	193119.5693	184.839097	0.482	1	-50	0.026586
370879.0078	193119.546	184.888801	0.475	1	50	0.021555
370878.7796	193119.5228	184.968556	0.482	1	50	0.021119
370878.5894	193119.5062	184.950466	0.486	1	50	0.021273
370878.4049	193119.4909	184.932662	0.475	1	50	0.022986
370878.2125	193119.4782	184.889529	0.455	1	50	0.02559
370878.0267	193119.4648	184.83169	0.453	1	50	0.02688
370877.8356	193119.4514	184.805303	0.473	1	50	0.026773
370877.6433	193119.4348	184.833629	0.489	1	50	0.026265
370877.4531	193119.4196	184.868384	0.495	1	50	0.025285
370876.8758	193119.3785	184.906407	0.516	1	113	0.024636
370876.5934	193119.3576	184.939612	0.509	1	160	0.023345
370876.3464	193119.3355	184.983037	0.503	1	182	0.02133
370876.1075	193119.3127	185.016396	0.501	1	217	0.01931
370875.8634	193119.2946	184.971676	0.477	1	106	0.018343
370875.6541	193119.2817	184.870028	0.446	1	72	0.022125
370875.4579	193119.2667	184.879706	0.47	1	124	0.021016
370875.2647	193119.2507	184.914993	0.473	1	134	0.017061
370875.064	193119.2332	184.925138	0.475	1	78	0.01452
370874.8713	193119.2145	184.93987	0.496	1	67	0.013338
370874.6642	193119.1938	184.957324	0.513	1	61	0.009569
370874.4782	193119.1784	184.947997	0.5	1	97	0.010486
370874.2702	193119.1598	184.900758	0.501	1	88	0.011373
370873.7168	193119.1143	184.845199	0.516	1	50	0.011655
370873.4336	193119.0874	184.845628	0.507	1	50	0.01669
370873.2	193119.074	184.792475	0.5	1	-95	0.01942
370872.9532	193119.0584	184.753599	0.479	1	-50	0.017948
370872.7226	193119.0423	184.777572	0.461	1	-78	0.019346
370872.5213	193119.0249	184.854285	0.462	1	-50	0.016824
370872.3267	193119.0058	184.923159	0.494	1	-50	0.013371
370872.1324	193118.9894	184.91987	0.498	1	-114	0.011902
370871.9393	193118.9731	184.925607	0.495	1	-137	0.010414
370871.7398	193118.9578	184.895234	0.488	1	-147	0.010813
370871.5348	193118.9412	184.861511	0.501	1	-126	0.014551
370871.3343	193118.9263	184.812295	0.499	1	-147	0.018607
370871.139	193118.9115	184.75526	0.491	1	-106	0.019927
370870.5436	193118.8706	184.699984	0.471	1	-109	0.021003
370870.2901	193118.8517	184.684075	0.458	1	-127	0.022564
370870.053	193118.8332	184.684223	0.47	1	-100	0.02186
370869.816	193118.8143	184.719194	0.484	1	-72	0.020892
370869.5882	193118.7931	184.789375	0.476	1	-50	0.019293
370869.3857	193118.7745	184.863138	0.52	1	-50	0.015514
370869.1938	193118.7592	184.95157	0.506	1	-86	0.01307
370868.9924	193118.7419	184.917997	0.489	1	-59	0.015813
370868.7909	193118.7248	184.859855	0.499	1	-50	0.014183
370868.589	193118.7081	184.813005	0.505	1	50	0.017877
370868.3817	193118.6917	184.785719	0.518	1	50	0.018346
370868.1738	193118.6749	184.76995	0.508	1	73	0.017671
370867.9658	193118.658	184.79748	0.499	1	136	0.016182
370867.3832	193118.6219	184.782152	0.472	1	79	0.01837
370867.109	193118.5918	184.808643	0.458	1	68	0.014105
370866.8598	193118.5732	184.827048	0.494	1	67	0.013616
370866.6272	193118.553	184.829283	0.501	1	50	0.014011
370866.3846	193118.5375	184.797515	0.504	1	-50	0.01524
370866.1676	193118.52	184.804358	0.509	1	-50	0.01586
370865.9528	193118.5038	184.808066	0.498	1	-69	0.014421
370865.7433	193118.4876	184.829451	0.485	1	-137	0.01497
370865.5342	193118.4702	184.859486	0.474	1	-132	0.012603
370865.3185	193118.4521	184.86169	0.476	1	-71	0.013726
370865.0989	193118.4341	184.816599	0.494	1	-116	0.01252
370864.882	193118.4154	184.80556	0.502	1	-50	0.011734
370864.6593	193118.3953	184.779214	0.51	1	-50	0.015047
370864.4411	193118.376	184.748525	0.518	1	59	0.015747
370863.8767	193118.3352	184.7382	0.514	1	86	0.016927
370863.6041	193118.3139	184.698614	0.5	1	50	0.01629
370863.3556	193118.2974	184.685661	0.498	1	57	0.019239
370863.1132	193118.2789	184.705732	0.484	1	85	0.020209
370862.8895	193118.2591	184.754369	0.49	1	79	0.017745
370862.6778	193118.2399	184.77431	0.492	1	88	0.014923
370862.4729	193118.2226	184.829123	0.495	1	90	0.015325
370862.2593	193118.2042	184.877188	0.485	1	86	0.01387
370862.0511	193118.1866	184.912032	0.484	1	100	0.012261
370861.8362	193118.1698	184.926836	0.49	1	58	0.009872
370861.6309	193118.1531	184.913319	0.47	1	50	0.008765
370861.4127	193118.1358	184.878966	0.461	1	-50	0.008086
370861.196	193118.1178	184.837793	0.479	1	-50	0.008495
370860.9769	193118.1008	184.817917	0.472	1	-57	0.010758
370860.754	193118.0816	184.808085	0.483	1	-84	0.01099
370860.2165	193118.0444	184.755461	0.497	1	-112	0.012805
370859.957	193118.0243	184.716786	0.498	1	-185	0.013888
370859.7149	193118.0067	184.722026	0.506	1	-129	0.016641
370859.4879	193117.9898	184.749351	0.522	1	-333	0.018366
370859.2681	193117.9701	184.904593	0.513	1	-641	0.023835
370859.0559	193117.95	185.583715	0.485	1	-559	0.033723
370858.8441	193117.9212	186.804818	0.472	1	-55	0.037467
370858.6354	193117.8803	188.627092	0.467	1	-362	0.030218
370858.4214	193117.8337	190.781082	0.47	1	-67	0.018343
370858.2238	193117.7792	193.203344	0.487	1	-84	0.003725
370858.0188	193117.7029	196.181046	0.478	1	-212	-0.016509
370857.8206	193117.6149	199.25773	0.475	1	212	-0.021516
370857.6292	193117.5142	202.025245	0.525	1	-50	-0.035856
370857.4384	193117.4038	204.871924	0.487	1	-53	-0.045713
370857.1684	193117.0845	207.796865	0.421	1	-64	-0.05805
370856.9324	193116.7712	210.758863	0.434	0	-947	-0.068662
370856.7839	193116.5968	213.963118	0.509	0	-496	-0.079381
370856.6455	193116.4193	217.030708	0.61	0	-407	-0.101012
370856.5113	193116.2424	220.148548	0.584	0	-50	-0.124941
370856.369	193116.0585	223.235165	0.441	0	-104	-0.13891
370856.2418	193115.8695	226.569366	0.336	0	-235	-0.151829
370856.1242	193115.6624	229.963848	0.355	0	-251	-0.166905
370856.0142	193115.4589	233.340513	0.5	0	-346	-0.184322
370855.9267	193115.259	236.646932	0.597	0	50	-0.212484
370855.8471	193115.0493	240.007438	0.587	0	-151	-0.22153
370855.78	193114.8266	244.296108	0.5	0	-50	-0.241326
370855.7284	193114.5934	248.119501	0.494	0	174	-0.255155
370855.687	193114.3599	251.336582	0.525	0	150	-0.261227
370855.8625	193114.0261	254.613433	0.528	0	-378	-0.26108
370856.0033	193113.7241	258.639037	0.448	0	-50	-0.265295
370856.0351	193113.4822	262.040956	0.335	0	578	-0.290433
370856.0809	193113.2452	265.344164	0.386	0	1000	-0.332699
370856.1039	193113.0175	267.472603	0.468	0	480	-0.362182
370856.1233	193112.8064	268.708071	0.551	0	919	-0.362492
370856.1369	193112.5683	268.710064	0.473	0	-118	-0.340434
370856.1328	193112.3479	268.110439	0.476	0	-797	-0.301186
370856.121	193112.1063	267.663675	0.475	0	-309	-0.248765
370856.1146	193111.8687	268.147127	0.45	0	-188	-0.229617
370856.108	193111.6401	268.768332	0.467	0	50	-0.213924
370856.1086	193111.4012	269.388886	0.49	0	50	-0.203887
370856.1111	193111.1692	270.058881	0.54	0	62	-0.197512
370856.1151	193110.9355	270.58313	0.506	0	58	-0.191969
370856.1221	193110.7108	271.060269	0.496	0	50	-0.183977
370856.1314	193110.4816	271.396573	0.478	0	239	-0.179297
370856.1415	193110.2544	271.350955	0.451	0	-329	-0.160591
370856.1476	193110.0404	271.071322	0.466	0	-264	-0.134042
370856.1522	193109.8244	271.090863	0.46	0	-125	-0.111806
370856.158	193109.6061	271.358715	0.487	0	65	-0.102291
370856.1646	193109.3936	271.668091	0.499	0	-50	-0.093355
370856.1721	193109.1819	271.998124	0.477	0	50	-0.085022
370856.1796	193108.9733	272.311925	0.501	0	50	-0.085844
370856.1893	193108.758	272.566983	0.511	0	50	-0.08087
370856.2023	193108.5148	272.77895	0.517	0	-123	-0.077686
370856.2458	193107.9615	272.968071	0.491	0	-113	-0.073709
370856.2559	193107.7185	273.12414	0.479	0	-73	-0.065811
370856.2691	193107.471	273.238114	0.472	0	-64	-0.061138
370856.2817	193107.2514	273.35989	0.478	0	-50	-0.058371
370856.2953	193107.0444	273.478225	0.461	0	-50	-0.054906
370856.3073	193106.8443	273.465217	0.462	0	50	-0.046324
370856.319	193106.6397	273.382339	0.477	0	-160	-0.035936
370856.3316	193106.4355	273.422293	0.471	0	-50	-0.029835
370856.3413	193106.2407	273.492973	0.488	0	-50	-0.023011
370856.3548	193106.0412	273.59319	0.477	0	70	-0.018983
370856.3658	193105.8381	273.691769	0.467	0	50	-0.015475
370856.3807	193105.6361	273.830553	0.477	0	50	-0.014264
370856.3962	193105.3832	273.968142	0.462	0	105	-0.014964
370856.4346	193104.8031	274.09844	0.465	0	93	-0.01576
370856.4538	193104.5626	274.157369	0.481	0	59	-0.016122
370856.4718	193104.3357	274.195488	0.498	0	103	-0.015189
370856.4864	193104.0868	274.188873	0.496	0	105	-0.01115
370856.4996	193103.8713	274.162695	0.474	0	100	-0.004527
370856.5119	193103.6795	274.182346	0.494	0	166	-0.003394
370856.5248	193103.4767	274.282572	0.493	0	182	-0.003978
370856.5392	193103.2776	274.380717	0.473	0	129	-0.003313
370856.5542	193103.0793	274.46442	0.476	0	74	-0.005623
370856.5698	193102.8779	274.510539	0.468	0	50	-0.006757
370856.5869	193102.6758	274.546858	0.467	0	0	-0.008323
370856.6034	193102.4759	274.51769	0.476	0	-121	-0.003476
370856.649	193101.9168	274.479138	0.489	0	-114	-0.002154
370856.6695	193101.5939	274.412938	0.495	0	-165	0.003064
370856.6881	193101.3374	274.364495	0.523	0	-97	0.007011
370856.7012	193101.0895	274.369984	0.519	0	-105	0.011103
370856.716	193100.8481	274.429971	0.522	0	-69	0.012079
370856.7332	193100.6415	274.568932	0.481	0	-50	0.010669
370856.7513	193100.441	274.740426	0.515	0	81	0.004943
370856.7691	193100.2434	274.80764	0.491	0	87	0.002726
370856.7861	193100.0577	274.765723	0.481	0	78	0.004261
370856.8017	193099.8605	274.663401	0.485	0	86	0.008942
370856.8162	193099.6708	274.536719	0.494	0	-50	0.012658
370856.832	193099.4742	274.494143	0.495	0	50	0.016945
370856.8441	193099.2885	274.547817	0.501	0	119	0.014203
370856.8902	193098.6195	274.662775	0.488	0	117	0.010981
370856.9146	193098.358	274.769477	0.486	0	81	0.00578
370856.9409	193098.1098	274.83499	0.468	0	90	0.000454
370856.962	193097.8643	274.815515	0.493	0	-352	-0.000769
370856.9772	193097.6185	274.952653	0.494	0	-822	0.007176
370857.0051	193097.397	275.918621	0.519	0	-663	0.00885
370857.0381	193097.2146	277.700493	0.541	0	-150	0.000755
370857.0863	193097.0471	280.292244	0.49	0	-55	-0.016567
370857.1464	193096.8791	283.23957	0.502	0	107	-0.051902
370857.2171	193096.7196	285.722778	0.46	0	-366	-0.097309
370857.2958	193096.5602	289.118864	0.518	0	448	-0.127218
370857.3814	193096.4007	292.059438	0.578	0	256	-0.152358
370857.5664	193096.1551	294.789229	0.549	0	-223	-0.176225
370857.959	193095.7341	297.003054	0.505	0	113	-0.181548
370858.113	193095.5407	299.396631	0.444	0	-167	-0.171683
370858.2764	193095.366	301.876409	0.433	0	-269	-0.16467
370858.4583	193095.2012	304.765264	0.433	0	-409	-0.165385
370858.6494	193095.0547	307.963374	0.452	0	-297	-0.171362
370858.837	193094.9165	311.152923	0.522	0	-326	-0.185537
370859.0138	193094.7785	314.376766	0.627	0	50	-0.204467
370859.1939	193094.6575	317.638618	0.57	0	-166	-0.213991
370859.3986	193094.5338	321.001726	0.474	0	104	-0.2265
370859.6095	193094.425	324.310907	0.42	0	140	-0.240957
370859.8184	193094.3342	327.36896	0.415	0	-163	-0.244713
370860.0461	193094.248	330.63474	0.409	0	-571	-0.249022
370860.2636	193094.1842	334.130268	0.448	0	75	-0.270144
370860.5024	193094.1273	337.596416	0.571	0	158	-0.28079
370860.7169	193094.0889	340.907843	0.623	0	-50	-0.287168
370860.9567	193094.1032	345.54959	0.536	0	-57	-0.301487
370861.2874	193094.431	348.859951	0.424	0	243	-0.314893
370861.5301	193094.4777	352.053735	0.392	0	917	-0.343396
370861.7477	193094.5203	355.119229	0.461	0	739	-0.375672
370861.972	193094.5542	357.146345	0.509	0	276	-0.392026
370862.2011	193094.5673	358.210066	0.548	0	903	-0.391814
370862.4378	193094.5711	358.13446	0.477	0	-50	-0.365337
370862.6641	193094.5593	357.412253	0.49	0	-700	-0.323284
370862.9	193094.5459	357.268658	0.492	0	-50	-0.276873
370863.1405	193094.5352	357.837025	0.426	0	-195	-0.25902
370863.3771	193094.5267	358.673448	0.423	0	-50	-0.246139
370863.6124	193094.5234	359.359712	0.485	0	89	-0.236268
370863.8464	193094.5295	0.214886	0.498	0	553	-0.235714
370864.0878	193094.5383	0.886439	0.493	0	224	-0.226856
370864.3215	193094.5446	0.628264	0.453	1	-268	-0.198735
370864.5647	193094.5465	359.999162	0.466	1	-334	-0.161758
370864.8107	193094.5452	0.1346	0.479	1	-221	-0.133056
370865.045	193094.5456	0.043276	0.522	1	-91	-0.115056
370865.2895	193094.5459	0.324662	0.49	1	-50	-0.100024
370865.5382	193094.55	1.066065	0.506	1	-50	-0.093871
370865.7811	193094.556	1.389467	0.513	1	65	-0.089836
370866.0332	193094.5633	1.885842	0.511	1	83	-0.085174
370866.2725	193094.575	2.263595	0.508	1	50	-0.082759
370866.5218	193094.5876	2.311834	0.496	1	50	-0.076686
370866.7628	193094.599	2.725914	0.482	1	50	-0.069248
370867.0115	193094.6131	2.772567	0.478	1	50	-0.063756
370867.2632	193094.6269	2.999414	0.477	1	50	-0.057015
370867.5059	193094.6413	3.098982	0.478	1	-50	-0.050645
370867.7601	193094.6544	3.235729	0.461	1	-50	-0.043896
370868.0211	193094.6696	3.32715	0.456	1	-50	-0.036505
370868.2702	193094.6843	3.427173	0.476	1	-50	-0.03088
370868.5232	193094.6995	3.568481	0.49	1	-50	-0.026645
370868.7762	193094.7165	3.684168	0.504	1	-75	-0.020693
370869.0275	193094.7315	3.780042	0.511	1	-50	-0.013698
370869.2816	193094.7473	3.888834	0.508	1	-50	-0.010177
370869.5332	193094.7658	4.027409	0.492	1	-50	-0.00825
370869.8011	193094.7854	4.127105	0.48	1	-50	-0.003909
370870.0484	193094.8028	4.208646	0.473	1	-50	-0.000397
370870.3053	193094.8221	4.285095	0.468	1	-50	0.001089
370870.5727	193094.8441	4.377687	0.465	1	50	0.002358
370870.8303	193094.8653	4.441196	0.457	1	50	0.006634
370871.0861	193094.8853	4.512563	0.445	1	50	0.006584
370871.3446	193094.9067	4.555879	0.467	1	50	0.007919
370871.5981	193094.9271	4.608254	0.494	1	107	0.012908
370871.8636	193094.9474	4.656963	0.497	1	69	0.013786
370872.1309	193094.9697	4.711456	0.484	1	112	0.0146
370872.3837	193094.9906	4.778808	0.499	1	98	0.013676
370872.6412	193095.0119	4.814691	0.488	1	104	0.01678
370872.892	193095.0308	4.830911	0.515	1	122	0.018136
370873.1525	193095.0511	4.879837	0.488	1	116	0.020465
370873.4211	193095.0713	4.897127	0.474	1	83	0.021379
370873.6222	193095.0815	4.920195	0.474	1	50	0.02288
370873.6623	193095.0634	4.909924	0.482	1	-50	0.025502
370873.9114	193095.0811	4.883893	0.518	1	-95	0.029698
370874.1748	193095.1021	4.905296	0.52	1	-79	0.027834
370874.4422	193095.1248	4.960495	0.516	1	-65	0.029361
370874.6955	193095.1458	5.009355	0.508	1	-64	0.030425
370874.9639	193095.168	5.09173	0.481	1	-50	0.033227
370875.2306	193095.1915	5.148978	0.48	1	-50	0.030975
370875.4994	193095.2135	5.174584	0.497	1	-91	0.031887
370875.7632	193095.2364	5.206199	0.492	1	-50	0.035087
370876.0166	193095.2586	5.184513	0.493	1	50	0.036724
370876.2864	193095.2801	5.201774	0.499	1	50	0.037785
370876.5502	193095.3027	5.230483	0.51	1	128	0.038635
370876.8128	193095.3256	5.234183	0.506	1	125	0.037914
370877.0787	193095.3502	5.22749	0.496	1	122	0.040861
370877.338	193095.371	5.216208	0.487	1	112	0.042365
370877.6093	193095.3944	5.2421	0.481	1	152	0.041853
370877.8748	193095.4171	5.260615	0.487	1	50	0.045308
370878.1501	193095.4393	5.258142	0.507	1	-50	0.046594
370878.4223	193095.4584	5.265626	0.508	1	-50	0.044492
370878.6698	193095.4718	5.298407	0.53	1	-58	0.044513
370878.6695	193095.4457	5.330579	0.536	1	-52	0.041794
370878.9034	193095.4623	5.377016	0.471	1	-50	0.041514
370879.1592	193095.4843	5.414298	0.484	1	-59	0.038477
370879.4212	193095.5096	5.456691	0.473	1	-50	0.036911
370879.6895	193095.5331	5.411889	0.469	1	-109	0.037305
370879.9559	193095.5574	5.374422	0.479	1	-173	0.039332
370880.2242	193095.5836	5.374951	0.465	1	-99	0.034813
370880.4921	193095.607	5.338918	0.497	1	-154	0.041035
370880.7542	193095.6273	5.28313	0.473	1	-120	0.043366
370881.0252	193095.6508	5.215565	0.485	1	-163	0.045911
370881.2975	193095.6715	5.167421	0.497	1	-101	0.0485
370881.5624	193095.6924	5.185501	0.515	1	-64	0.049141
370881.8305	193095.7135	5.228316	0.515	1	50	0.048087
370882.1049	193095.736	5.298688	0.486	1	50	0.047838
370882.2857	193095.7475	5.364763	0.488	1	50	0.043851
370882.2881	193095.7328	5.412584	0.463	1	56	0.042824
370882.5323	193095.748	5.393458	0.477	1	63	0.044312
370882.7862	193095.7694	5.392634	0.494	1	93	0.045345
370883.0594	193095.7915	5.391453	0.492	1	117	0.042265
370883.3415	193095.8182	5.3873	0.494	1	103	0.040871
370883.6198	193095.8403	5.36981	0.489	1	181	0.045302
370883.9055	193095.8666	5.358155	0.491	1	139	0.044175
370884.1854	193095.8917	5.356182	0.494	1	142	0.043185
370884.462	193095.9163	5.353188	0.489	1	129	0.041356
370884.7444	193095.9407	5.350028	0.482	1	123	0.044781
370885.0301	193095.9675	5.355878	0.46	1	156	0.043037
370885.319	193095.9922	5.349014	0.457	1	161	0.044905
370885.221	193095.9601	5.357433	0.484	1	53	0.046591
370885.4344	193095.9745	5.365703	0.477	1	60	0.045712
370885.6738	193095.9905	5.367826	0.501	1	50	0.047014
370885.9292	193096.0136	5.416652	0.49	1	79	0.044375
370886.1931	193096.038	5.489614	0.504	1	87	0.041385
370886.4789	193096.065	5.537384	0.511	1	-50	0.041588
370886.7697	193096.0935	5.580409	0.493	1	-50	0.036978
370887.0546	193096.1196	5.532271	0.478	1	-50	0.036777
370887.3645	193096.148	5.475629	0.472	1	-139	0.037346
370887.6528	193096.1746	5.455709	0.459	1	-116	0.042195
370887.9544	193096.1986	5.394799	0.459	1	-151	0.042538
370888.2576	193096.2226	5.342074	0.445	1	-132	0.048214
370888.1793	193096.1926	5.307028	0.469	1	-216	0.051455
370888.354	193096.198	5.309878	0.485	1	-157	0.051907
370888.6034	193096.2185	5.384199	0.516	1	-166	0.050249
370888.8506	193096.242	5.435076	0.527	1	-50	0.04535
370889.083	193096.2586	5.509391	0.532	1	-67	0.044872
370889.3571	193096.2902	5.52488	0.509	1	-86	0.043244
370889.6523	193096.3143	5.494785	0.484	1	-60	0.042089
370889.9464	193096.3392	5.443118	0.475	1	-106	0.046754
370890.2587	193096.3675	5.407372	0.473	1	-144	0.047009
370890.5444	193096.3928	5.366366	0.471	1	-161	0.048275
370890.8525	193096.4172	5.301218	0.459	1	-50	0.051626
370891.1502	193096.4402	5.292038	0.485	1	-50	0.05669
370891.4252	193096.4615	5.348241	0.482	1	50	0.057669
370891.266	193096.4298	5.427832	0.486	1	53	0.053607
370891.5093	193096.4484	5.474416	0.477	1	80	0.05399
370891.7623	193096.4691	5.493881	0.496	1	89	0.052759
370892.0041	193096.4897	5.520918	0.504	1	172	0.045914
370892.2552	193096.511	5.547395	0.486	1	85	0.048567
370892.509	193096.5368	5.552019	0.518	1	136	0.045179
370892.8145	193096.5591	5.523017	0.479	1	170	0.045467
370893.1086	193096.5864	5.479694	0.481	1	114	0.04814
370893.4182	193096.6139	5.447558	0.485	1	117	0.046764
370893.7185	193096.6379	5.434958	0.474	1	118	0.045999
370894.0253	193096.6669	5.459679	0.479	1	109	0.047819
370894.3201	193096.6917	5.500967	0.476	1	111	0.047602
370894.2328	193096.6655	5.516634	0.497	1	150	0.045802
370894.4203	193096.6824	5.542269	0.502	1	124	0.045014
370894.6603	193096.7046	5.566094	0.504	1	72	0.040081
370894.91	193096.725	5.554442	0.495	1	50	0.042214
370895.1579	193096.7449	5.522897	0.505	1	-50	0.042955
370895.4195	193096.7676	5.498663	0.499	1	-63	0.042721
370895.7167	193096.7919	5.433339	0.507	1	-127	0.045025
370896.0298	193096.8196	5.397187	0.474	1	-152	0.045981
370896.3513	193096.8473	5.373292	0.498	1	-149	0.048565
370896.6731	193096.8722	5.34367	0.512	1	-98	0.051208
370896.9937	193096.8996	5.369135	0.522	1	-111	0.054557
370897.3054	193096.9287	5.417215	0.527	1	-50	0.050821
370897.337	193096.9197	5.451991	0.52	1	50	0.05099
370897.4243	193096.9182	5.498793	0.479	1	126	0.051629
370897.6671	193096.9379	5.547788	0.486	1	111	0.051121
370897.9186	193096.9586	5.582683	0.501	1	123	0.046922
370898.168	193096.9758	5.594422	0.508	1	114	0.049413
370898.4195	193096.9973	5.593117	0.509	1	121	0.047922
370898.7074	193097.0239	5.559548	0.513	1	106	0.045854
370899.0318	193097.0549	5.531463	0.512	1	88	0.042653
370899.3537	193097.0836	5.483947	0.497	1	-50	0.04635
370899.6816	193097.1111	5.432568	0.496	1	-50	0.048011
370900	193097.1395	5.421584	0.51	1	-117	0.047207
370900.3197	193097.1675	5.428996	0.518	1	-96	0.047293
370900.3204	193097.1584	5.429751	0.504	1	-69	0.047195
370900.4054	193097.1594	5.443232	0.508	1	-94	0.047798
370900.669	193097.1836	5.474962	0.506	1	-50	0.047376
370900.9059	193097.203	5.508525	0.507	1	-105	0.044332
370901.1491	193097.2258	5.544205	0.498	1	-115	0.044226
370901.396	193097.2441	5.522021	0.493	1	-86	0.044897
370901.6695	193097.262	5.468042	0.474	1	-119	0.049176
370901.9891	193097.288	5.414149	0.471	1	-112	0.050583
370902.3223	193097.3161	5.373215	0.469	1	-51	0.050209
370902.6305	193097.3436	5.337719	0.484	1	-54	0.052412
370902.96	193097.3714	5.320865	0.485	1	-50	0.052945
370903.2712	193097.3959	5.331704	0.494	1	50	0.052789
370903.1296	193097.3666	5.394797	0.487	1	51	0.054223
370903.3265	193097.3814	5.450381	0.485	1	110	0.052029
370903.567	193097.403	5.50315	0.493	1	141	0.047806
370903.8125	193097.4216	5.542052	0.509	1	155	0.046284
370904.0555	193097.4447	5.572826	0.499	1	67	0.045833
370904.3045	193097.4694	5.561885	0.474	1	74	0.043756
370904.5865	193097.4879	5.498554	0.485	1	76	0.045685
370904.9128	193097.5176	5.45128	0.464	1	112	0.048305
370905.2387	193097.5473	5.378845	0.484	1	50	0.049383
370905.5636	193097.5762	5.314412	0.48	1	92	0.051983
370905.8784	193097.6042	5.323016	0.497	1	153	0.049476
370906.1977	193097.6297	5.370154	0.495	1	170	0.050686
370905.9978	193097.5968	5.424024	0.501	1	178	0.048715
370906.2354	193097.6166	5.478416	0.48	1	135	0.050226
370906.475	193097.6374	5.542141	0.492	1	165	0.044057
370906.723	193097.6559	5.557248	0.5	1	123	0.045223
370906.8871	193097.6659	5.582614	0.501	1	73	0.045021
370907.2082	193097.6913	5.569186	0.479	1	-50	0.043004
370907.4949	193097.7216	5.573705	0.452	1	-50	0.045732
370907.7976	193097.7481	5.57725	0.454	1	-56	0.043986
370908.1239	193097.774	5.55133	0.479	1	-50	0.045398
370908.4473	193097.8013	5.489204	0.483	1	-79	0.046276
370908.7703	193097.8291	5.43881	0.502	1	-121	0.04851
370909.079	193097.8553	5.441243	0.502	1	-50	0.044996
370908.9265	193097.8291	5.457111	0.499	1	-96	0.046524
370909.0909	193097.8407	5.482184	0.498	1	-110	0.043354
370909.3698	193097.865	5.481111	0.499	1	-84	0.042781
370909.6285	193097.8872	5.491638	0.494	1	-102	0.042737
370909.8723	193097.9081	5.490651	0.471	1	-158	0.042734
370910.1159	193097.9263	5.452648	0.486	1	-165	0.045744
370910.3998	193097.95	5.425859	0.466	1	-191	0.04724
370910.7073	193097.9756	5.413016	0.471	1	-170	0.047685
370911.0207	193098.0029	5.387598	0.472	1	-137	0.04972
370911.3457	193098.0318	5.403005	0.482	1	-129	0.049782
370911.6593	193098.0596	5.436633	0.494	1	-50	0.049726
370911.981	193098.0875	5.464611	0.507	1	0	0.050371
370912.0336	193098.0856	5.501929	0.508	1	-50	0.04958
370912.053	193098.0767	5.533758	0.503	1	50	0.050207
370912.2853	193098.0939	5.556989	0.502	1	-50	0.051493
370912.5433	193098.1141	5.569781	0.503	1	-50	0.050744
370912.7867	193098.1324	5.512299	0.481	1	50	0.052114
370913.0351	193098.1509	5.475365	0.471	1	50	0.051753
370913.308	193098.1742	5.440348	0.467	1	50	0.052988
370913.6225	193098.1989	5.438904	0.465	1	106	0.053237
370913.9531	193098.2281	5.473237	0.465	1	144	0.053294
370914.2738	193098.2573	5.510733	0.489	1	175	0.051971
370914.6111	193098.2884	5.55326	0.489	1	156	0.05096
370914.9427	193098.3189	5.592947	0.491	1	169	0.053325
370914.7324	193098.2812	5.601572	0.486	1	184	0.05186
370914.9685	193098.2996	5.611003	0.487	1	116	0.053638
370915.2098	193098.32	5.618556	0.492	1	135	0.052892
370915.4573	193098.3392	5.62095	0.48	1	132	0.052217
370915.6933	193098.3586	5.624188	0.473	1	87	0.053187
370915.9424	193098.3794	5.653554	0.472	1	115	0.052844
370916.2446	193098.4063	5.677058	0.485	1	109	0.052628
370916.5784	193098.4376	5.657873	0.481	1	51	0.053041
370916.8975	193098.4662	5.672394	0.493	1	50	0.054098
370917.2342	193098.4968	5.628946	0.509	1	-699	0.07215
370917.5657	193098.5292	6.384348	0.482	1	-166	0.093043
370917.6639	193098.557	7.964459	0.487	1	-405	0.093811
370917.5937	193098.6118	10.181512	0.514	1	-385	0.087938
370917.8013	193098.7057	12.486488	0.499	1	-50	0.080701
370918.0286	193098.8272	15.353838	0.486	1	-50	0.0633
370918.2364	193098.9515	18.010105	0.462	1	-149	0.049698
370918.429	193099.0779	20.769432	0.539	1	-195	0.034864
370918.6419	193099.2291	23.57435	0.56	1	-50	0.012662
370918.9147	193099.4134	26.716526	0.482	1	149	-0.005219
370919.1792	193099.6108	30.067077	0.461	1	64	-0.029488
370919.4135	193099.8094	33.487439	0.464	1	151	-0.050796
370919.6099	193100.0026	36.769895	0.482	1	133	-0.066392
370919.7784	193100.2011	39.998162	0.439	0	-683	-0.082261
370919.5026	193100.3483	43.29213	0.409	0	-533	-0.103987
370919.5787	193100.5554	46.627843	0.497	0	-690	-0.125906
370919.6676	193100.7626	49.848982	0.64	0	-230	-0.145243
370919.7379	193100.9601	53.033855	0.602	0	165	-0.166999
370919.8028	193101.1793	56.351212	0.476	0	-122	-0.1848
370919.8542	193101.418	59.702509	0.345	0	-96	-0.204308
370919.9245	193101.6567	63.118076	0.461	0	124	-0.221481
370919.9887	193101.8852	66.397148	0.551	0	50	-0.23206
370920.0318	193102.1042	69.556658	0.53	0	-421	-0.248178
370920.0694	193102.347	72.947203	0.46	0	-172	-0.265899
370920.0876	193102.5926	77.995037	0.499	0	65	-0.289803
370920.0866	193102.8302	81.540134	0.606	0	558	-0.315834
370920.0728	193103.0715	84.998455	0.607	0	998	-0.34696
370920.0475	193103.3023	87.486396	0.543	0	271	-0.367915
370920.0144	193103.5451	88.724154	0.486	0	864	-0.368755
370919.9877	193103.7919	89.162591	0.446	0	154	-0.355839
370919.9699	193104.0506	88.233419	0.509	0	-857	-0.306829
370919.9594	193104.3048	87.501406	0.472	0	-583	-0.249543
370919.9518	193104.5663	87.650185	0.463	0	-238	-0.22235
370919.9453	193104.8116	88.080503	0.512	0	50	-0.195441
370919.9346	193105.0599	88.732805	0.544	0	62	-0.185237
370919.9256	193105.3241	89.473339	0.522	0	50	-0.175856
370919.9131	193105.5966	90.123232	0.512	0	50	-0.173554
370919.9003	193105.8986	90.656216	0.491	0	50	-0.166336
370919.8867	193106.2079	91.061002	0.476	0	-50	-0.160994
370919.8691	193106.5356	91.448403	0.498	0	50	-0.157013
370919.8519	193106.8879	91.748571	0.512	0	-50	-0.143659
370919.8346	193107.2447	92.025445	0.516	0	289	-0.139198
370919.7226	193107.0841	92.225646	0.482	0	164	-0.133006
370919.7127	193107.2977	92.166914	0.486	0	-205	-0.117869
370919.7098	193107.5498	91.938342	0.494	0	-199	-0.099812
370919.7005	193107.8012	91.894048	0.465	0	-126	-0.093003
370919.6915	193108.0724	92.070698	0.454	0	-68	-0.084782
370919.6715	193108.3415	92.35437	0.47	0	-50	-0.078999
370919.6524	193108.6837	92.585256	0.485	0	-50	-0.076492
370919.6391	193109.0001	92.777271	0.489	0	-50	-0.074303
370919.6247	193109.2593	92.992991	0.498	0	75	-0.072332
370919.6067	193109.5117	93.208973	0.499	0	77	-0.073435
370919.5908	193109.7474	93.332395	0.485	0	252	-0.072349
370919.5747	193110.002	93.301756	0.475	0	54	-0.067535
370919.5634	193110.1754	93.174531	0.481	0	50	-0.059013
370919.5588	193110.2079	93.152581	0.473	0	116	-0.053889
370919.5413	193110.442	93.27022	0.478	0	56	-0.055176
370919.5213	193110.7237	93.382543	0.484	0	50	-0.053307
370919.5003	193111.0121	93.503337	0.487	0	79	-0.051121
370919.4792	193111.3497	93.608365	0.485	0	133	-0.053327
370919.4581	193111.6707	93.71872	0.492	0	168	-0.051908
370919.4308	193112.0127	93.845287	0.502	0	123	-0.051338
370919.4046	193112.3756	93.819834	0.502	0	50	-0.045229
370919.4165	193112.2016	93.717538	0.49	0	50	-0.040491
370919.4045	193112.4181	93.636819	0.501	0	-50	-0.032878
370919.3883	193112.6615	93.652709	0.493	0	50	-0.028474
370919.3741	193112.8771	93.774544	0.506	0	50	-0.025751
370919.35	193113.1456	93.922142	0.488	0	50	-0.028635
370919.3267	193113.3885	94.054247	0.494	0	108	-0.0334
370919.301	193113.675	94.119399	0.51	0	-50	-0.032506
370919.28	193113.9459	94.116291	0.476	0	-50	-0.028583
370919.2602	193114.1861	94.093079	0.486	0	-138	-0.02632
370919.2424	193114.4366	94.051935	0.509	0	-160	-0.021009
370919.2261	193114.703	94.00358	0.493	0	-184	-0.018265
370919.2099	193114.9769	94.024344	0.483	0	-126	-0.012179
370919.1881	193115.2788	94.065711	0.48	0	-90	-0.010547
370919.165	193115.5971	94.156255	0.501	0	-50	-0.013925
370919.1391	193115.9357	94.27558	0.494	0	-50	-0.013531
370919.1175	193116.2133	94.385397	0.495	0	50	-0.014572
370919.1271	193116.0276	94.446083	0.474	0	-50	-0.012674
370919.1051	193116.278	94.382776	0.473	0	-117	-0.014745
370919.0886	193116.5319	94.274303	0.507	0	-1000	-0.003676
370919.0709	193116.7818	94.489984	0.492	0	-1000	0.019791
370919.0223	193117.0242	96.228683	0.474	0	-786	0.018597
370918.948	193117.2979	98.974894	0.446	0	-114	-0.00588
370918.8477	193117.6333	102.493893	0.636	0	-64	-0.045045
370918.7353	193117.9003	105.515304	0.422	0	65	-0.091275
370918.6377	193118.0603	108.859665	0.413	0	360	-0.139191
370918.5186	193118.2401	112.319146	0.616	0	357	-0.173473
370918.394	193118.4163	115.317627	0.586	0	163	-0.199978
370918.2299	193118.5334	117.712119	0.529	0	-810	-0.199464
370917.9703	193118.5127	119.466637	0.481	0	-207	-0.195237
370917.8097	193118.6884	121.625715	0.474	0	-139	-0.182031
370917.6403	193118.8537	124.25793	0.477	0	-382	-0.178806
370917.4568	193119.0078	127.52207	0.479	0	-250	-0.186606
370917.2831	193119.155	130.686496	0.475	0	-176	-0.197962
370917.0971	193119.2948	134.011908	0.496	0	-310	-0.211255
370916.909	193119.4243	137.334446	0.491	0	-208	-0.228752
370916.7073	193119.5414	140.770119	0.498	0	-200	-0.242169
370916.4795	193119.6611	144.175831	0.578	0	-50	-0.256828
370916.2689	193119.7599	147.420122	0.592	0	74	-0.262435
370916.0492	193119.8481	150.600106	0.438	0	-312	-0.263686
370915.8271	193119.9104	154.154514	0.288	0	-398	-0.274513
370915.5972	193119.9598	158.067736	0.446	0	111	-0.294756
370915.2786	193119.7535	161.536838	0.597	0	247	-0.302465
370915.0194	193119.6255	164.902195	0.544	0	-50	-0.308334
370914.7875	193119.6069	168.077406	0.445	0	-222	-0.316561
370914.5553	193119.5643	171.814353	0.52	0	562	-0.348952
370914.3242	193119.5343	175.837003	0.587	0	873	-0.386683
370914.1061	193119.5126	178.427709	0.617	0	1000	-0.415606
370913.8749	193119.4895	179.570832	0.542	0	554	-0.406904
370913.6406	193119.4816	178.920186	0.477	0	-97	-0.368561
370913.4029	193119.4911	177.20669	0.476	0	-1000	-0.296368
370913.1621	193119.5164	175.580697	0.468	0	-791	-0.235646
370912.9166	193119.5433	175.43212	0.467	0	-360	-0.187043
370912.6766	193119.5602	177.087192	0.472	0	252	-0.187165
370912.4395	193119.566	179.032158	0.497	0	432	-0.195361
370912.1874	193119.5623	180.20015	0.505	0	153	-0.202279
370911.9436	193119.5552	180.910003	0.541	0	467	-0.205277
370911.6993	193119.5452	181.291862	0.52	1	50	-0.197237
370911.4475	193119.5356	181.201789	0.497	1	-50	-0.176415
370911.1943	193119.5272	180.947277	0.487	1	-114	-0.15253
370910.9493	193119.5224	180.839814	0.483	1	-94	-0.132323
370910.6968	193119.517	180.896701	0.482	1	-50	-0.114811
370910.4445	193119.5097	181.103374	0.494	1	-50	-0.104109
370910.1849	193119.502	181.385607	0.49	1	-50	-0.094285
370909.9207	193119.4917	181.719938	0.503	1	66	-0.088394
370909.6565	193119.4791	182.047996	0.502	1	75	-0.085306
370909.3885	193119.4648	182.310238	0.506	1	100	-0.082442
370909.1218	193119.4504	182.503642	0.506	1	89	-0.077669
370908.8573	193119.4357	182.66875	0.519	1	71	-0.073158
370908.5877	193119.4216	182.804347	0.488	1	50	-0.065531
370908.3207	193119.4068	182.903455	0.473	1	50	-0.060739
370908.0548	193119.3915	182.994054	0.455	1	-50	-0.052798
370907.7914	193119.3749	183.11661	0.479	1	-50	-0.048098
370907.5282	193119.3584	183.225706	0.474	1	-50	-0.044605
370907.2661	193119.3425	183.32387	0.47	1	-74	-0.038574
370906.9994	193119.3239	183.437808	0.482	1	-66	-0.036138
370906.7346	193119.3059	183.527463	0.502	1	-50	-0.032439
370906.4768	193119.2893	183.605498	0.513	1	-116	-0.031247
370906.2186	193119.2717	183.691903	0.512	1	-121	-0.029701
370905.9529	193119.2544	183.759869	0.495	1	-114	-0.027505
370905.6876	193119.2343	183.841176	0.471	1	-104	-0.024535
370905.4386	193119.2148	183.928301	0.453	1	-104	-0.022837
370905.3955	193119.1923	183.980299	0.468	1	-82	-0.021994
370905.2325	193119.1729	184.062722	0.49	1	-112	-0.02064
370904.974	193119.1539	184.108986	0.49	1	-50	-0.01873
370904.7091	193119.1348	184.153198	0.502	1	-98	-0.015691
370904.4463	193119.116	184.195051	0.501	1	-89	-0.012847
370904.1761	193119.0984	184.204363	0.496	1	-50	-0.010804
370903.9094	193119.0785	184.226453	0.502	1	-73	-0.009566
370903.6302	193119.0614	184.235524	0.513	1	-58	-0.005938
370903.3647	193119.0413	184.276563	0.495	1	-50	-0.002429
370903.1043	193119.0209	184.279986	0.492	1	-50	-0.000709
370902.8414	193119.0034	184.252284	0.454	1	-50	0.005529
370902.5756	193118.9831	184.26432	0.457	1	61	0.006953
370902.3094	193118.9647	184.316008	0.478	1	121	0.007526
370902.0433	193118.9462	184.375445	0.477	1	81	0.009563
370901.7818	193118.9268	184.43248	0.481	1	119	0.009204
370901.7378	193118.9285	184.531733	0.502	1	173	0.008983
370901.5881	193118.9169	184.58935	0.51	1	171	0.005223
370901.3416	193118.8944	184.637879	0.502	1	178	0.00243
370901.0771	193118.8725	184.675436	0.503	1	170	-0.000666
370900.8112	193118.8495	184.693666	0.497	1	77	0.000496
370900.5417	193118.8271	184.697582	0.49	1	115	0.002565
370900.2603	193118.8042	184.678215	0.48	1	166	0.003913
370899.9933	193118.784	184.645729	0.468	1	99	0.007154
370899.7099	193118.7613	184.634958	0.45	1	87	0.008856
370899.4445	193118.7411	184.613992	0.452	1	70	0.010618
370899.1717	193118.7212	184.605306	0.456	1	81	0.012802
370898.8961	193118.7002	184.667179	0.491	1	76	0.014103
370898.6165	193118.6771	184.720043	0.484	1	100	0.012825
370898.3616	193118.6583	184.776141	0.487	1	74	0.012398
370898.4258	193118.6698	184.823053	0.495	1	50	0.011406
370898.1946	193118.6535	184.852873	0.493	1	-67	0.011598
370897.9444	193118.6337	184.841694	0.482	1	-100	0.012284
370897.6899	193118.6136	184.840101	0.472	1	-137	0.014569
370897.4125	193118.5913	184.82754	0.464	1	-149	0.01328
370897.1387	193118.5705	184.815821	0.474	1	-147	0.015437
370896.8595	193118.5483	184.791741	0.472	1	-127	0.017339
370896.5848	193118.5277	184.769065	0.486	1	-156	0.017625
370896.3164	193118.5067	184.791032	0.471	1	-125	0.017562
370896.0394	193118.4844	184.81859	0.481	1	-60	0.017882
370895.769	193118.4621	184.843592	0.486	1	-135	0.017375
370895.4912	193118.4389	184.858242	0.499	1	-115	0.015545
370895.2148	193118.4146	184.892106	0.482	1	-137	0.014068
370895.0461	193118.4026	184.876438	0.473	1	-127	0.017112
370895.0475	193118.4039	184.849856	0.467	1	-112	0.015681
370894.8066	193118.3889	184.808453	0.467	1	-115	0.020038
370894.546	193118.3719	184.775757	0.476	1	-62	0.023328
370894.2798	193118.3488	184.776203	0.475	1	-50	0.024682
370893.9987	193118.3273	184.752749	0.487	1	-50	0.026269
370893.7288	193118.3056	184.792486	0.487	1	50	0.02355
370893.4511	193118.2823	184.83321	0.482	1	88	0.022321
370893.174	193118.2594	184.866966	0.501	1	140	0.019995
370892.8948	193118.2368	184.908602	0.506	1	122	0.018793
370892.6211	193118.2126	184.959363	0.496	1	154	0.016711
370892.3554	193118.1906	184.961688	0.494	1	110	0.015875
370892.0881	193118.1685	184.943724	0.472	1	99	0.018034
370891.814	193118.1454	184.922826	0.479	1	128	0.017886
370891.7808	193118.1513	184.904154	0.485	1	138	0.017469
370891.6559	193118.1486	184.852804	0.487	1	101	0.020261
370891.3973	193118.1263	184.832639	0.474	1	103	0.020845
370891.1483	193118.1083	184.825731	0.481	1	145	0.020003
370890.8818	193118.0863	184.875709	0.494	1	178	0.021601
370890.603	193118.061	184.91364	0.476	1	182	0.019293
370890.327	193118.0362	184.969109	0.485	1	178	0.016508
370890.039	193118.01	185.000796	0.51	1	64	0.015171
370889.7678	193117.9852	184.994776	0.492	1	0	0.010983
370889.49	193117.9613	184.94245	0.499	1	-50	0.012973
370889.2063	193117.9372	184.852342	0.49	1	-50	0.014882
370888.9178	193117.9161	184.773289	0.494	1	-50	0.016783
370888.6362	193117.8918	184.76407	0.483	1	-111	0.022502
370888.5728	193117.8936	184.802123	0.47	1	-50	0.020306
370888.4693	193117.8937	184.856012	0.47	1	-50	0.022978
370888.2219	193117.8733	184.891528	0.509	1	-65	0.022943
370887.9709	193117.8539	184.894055	0.505	1	-128	0.022279
370887.7059	193117.8367	184.894275	0.499	1	-113	0.019938
370887.4192	193117.8105	184.946337	0.49	1	-50	0.018081
370887.1385	193117.7827	184.996853	0.478	1	50	0.017076
370886.8439	193117.7558	184.963811	0.488	1	56	0.017638
370886.5595	193117.7347	184.875379	0.485	1	67	0.019914
370886.2767	193117.7152	184.823607	0.497	1	106	0.019883
370885.9785	193117.6933	184.760158	0.504	1	50	0.022288
370885.6974	193117.6701	184.780238	0.508	1	107	0.019655
370885.3992	193117.6447	184.841952	0.508	1	74	0.018574
370885.1084	193117.6187	184.866022	0.509	1	57	0.017619
370885.1749	193117.6311	184.881324	0.488	1	50	0.015774
370884.9827	193117.6143	184.882223	0.481	1	-50	0.015251
370884.7313	193117.591	184.899953	0.488	1	50	0.012862
370884.4749	193117.5696	184.890696	0.506	1	-51	0.012165
370884.207	193117.5452	184.88488	0.507	1	-52	0.015495
370883.9251	193117.523	184.862894	0.509	1	-75	0.014222
370883.6286	193117.5022	184.805795	0.511	1	-159	0.016826
370883.3389	193117.4794	184.767693	0.484	1	-184	0.020444
370883.0323	193117.455	184.756386	0.512	1	-148	0.021792
370882.7464	193117.4328	184.747649	0.495	1	-129	0.022531
370882.4514	193117.4079	184.756177	0.481	1	-103	0.023339
370882.1682	193117.3862	184.763056	0.482	1	-51	0.021942
370881.8873	193117.366	184.765793	0.473	1	-50	0.018654
370882.0275	193117.3825	184.786171	0.481	1	78	0.019421
370881.7826	193117.3634	184.789401	0.483	1	89	0.01981
370881.5785	193117.3451	184.796567	0.491	1	94	0.017674
370881.2976	193117.3231	184.823535	0.5	1	110	0.015912
370881.0341	193117.3004	184.822135	0.487	1	110	0.01535
370880.7395	193117.2747	184.795456	0.488	1	89	0.014948
370880.4507	193117.2515	184.765949	0.475	1	130	0.017622
370880.1558	193117.2283	184.734815	0.497	1	60	0.019469
370879.8709	193117.2047	184.726294	0.465	1	100	0.021225
370879.5736	193117.18	184.708607	0.466	1	113	0.022019
370879.2759	193117.1564	184.733115	0.462	1	144	0.020437
370878.9811	193117.1302	184.782092	0.466	1	168	0.018887
370878.9952	193117.1316	184.813894	0.472	1	175	0.014899
370878.8657	193117.1243	184.841585	0.49	1	190	0.014475
370878.6242	193117.1049	184.864181	0.51	1	132	0.013188
370878.3809	193117.0848	184.880729	0.514	1	124	0.011058
370878.1279	193117.0651	184.874672	0.475	1	50	0.010618
370877.8489	193117.0401	184.871877	0.482	1	50	0.008103
370877.5576	193117.0163	184.849773	0.475	1	-50	0.007814
370877.2594	193116.9917	184.802938	0.476	1	-50	0.010494
370876.9552	193116.9671	184.764075	0.475	1	-61	0.011938
370876.6635	193116.9455	184.716508	0.489	1	-50	0.011175
370876.3662	193116.9227	184.720438	0.489	1	-66	0.01178
370876.0673	193116.8974	184.751879	0.504	1	-50	0.013299
370875.8778	193116.8811	184.804504	0.496	1	-50	0.011099
370875.9634	193116.8885	184.845193	0.479	1	-54	0.010647
370875.7161	193116.8655	184.870208	0.476	1	-105	0.008356
370875.4716	193116.8456	184.864583	0.48	1	-141	0.008607
370875.2203	193116.8233	184.839288	0.482	1	-143	0.008435
370874.9698	193116.8017	184.774152	0.488	1	-221	0.009197
370874.6866	193116.7777	184.709655	0.476	1	-228	0.011392
370874.3847	193116.7523	184.63147	0.49	1	-216	0.01259
370874.0878	193116.7299	184.590535	0.478	1	-155	0.013072
370873.7919	193116.7075	184.613849	0.481	1	-99	0.019348
370873.4893	193116.6822	184.618599	0.501	1	-61	0.020506
370873.1988	193116.6618	184.592857	0.495	1	-50	0.023409
370872.9193	193116.6442	184.583829	0.5	1	50	0.02151
370872.8739	193116.6454	184.685769	0.495	1	0	0.019627
370872.8007	193116.6386	184.76633	0.496	1	50	0.016408
370872.5569	193116.6163	184.859861	0.491	1	50	0.01178
370872.3124	193116.5973	184.887923	0.497	1	58	0.011012
370872.0754	193116.58	184.843619	0.487	1	50	0.014392
370871.8148	193116.5609	184.736955	0.475	1	-50	0.015703
370871.5213	193116.5392	184.678842	0.471	1	-50	0.016857
370871.2344	193116.5162	184.664983	0.461	1	63	0.018564
370870.9481	193116.4943	184.662489	0.474	1	112	0.018487
370870.6552	193116.4705	184.676135	0.469	1	162	0.019079
370870.376	193116.447	184.733358	0.476	1	175	0.020371
370870.0785	193116.4226	184.788763	0.475	1	153	0.018828
370869.7912	193116.3973	184.79905	0.491	1	125	0.012215
370869.5416	193116.376	184.818407	0.504	1	146	0.01118
370869.6551	193116.384	184.839387	0.484	1	116	0.009225
370869.4065	193116.3622	184.831105	0.47	1	86	0.008709
370869.1635	193116.3442	184.810503	0.466	1	81	0.010224
370868.9079	193116.324	184.776943	0.476	1	111	0.010314
370868.6384	193116.303	184.749563	0.468	1	73	0.011632
370868.3601	193116.2813	184.714838	0.484	1	50	0.014091
370868.0663	193116.2604	184.692155	0.484	1	50	0.015356
370867.7775	193116.2374	184.744236	0.485	1	50	0.012854
370867.4909	193116.2128	184.789894	0.496	1	0	0.011093
370867.2034	193116.1905	184.80229	0.498	1	50	0.011236
370866.9243	193116.1673	184.836266	0.488	1	-75	0.010927
370866.6349	193116.1455	184.850063	0.492	1	-106	0.00734
370866.3527	193116.122	184.860826	0.482	1	-122	0.010128
370866.5025	193116.1335	184.847771	0.474	1	-146	0.009577
370866.2644	193116.1177	184.824764	0.472	1	-149	0.010692
370866.0161	193116.0983	184.832196	0.479	1	-115	0.011733
370865.7689	193116.0774	184.822779	0.475	1	-129	0.011916
370865.5002	193116.0574	184.82897	0.493	1	-114	0.013484
370865.2243	193116.0337	184.831964	0.486	1	-78	0.014156
370864.9406	193116.0103	184.809503	0.488	1	-156	0.015074
370864.6512	193115.9864	184.796624	0.492	1	-132	0.013501
370864.3654	193115.9623	184.757693	0.501	1	-130	0.014769
370864.0906	193115.9399	184.733808	0.493	1	-179	0.014751
370863.8086	193115.9176	184.695591	0.491	1	-123	0.015803
370863.5243	193115.8964	184.664924	0.477	1	-96	0.018332
370863.2442	193115.8751	184.689736	0.482	1	-52	0.019118
370863.1256	193115.8687	184.727421	0.484	1	-50	0.018079
370863.0963	193115.8719	184.759387	0.474	1	56	0.017102
370862.8543	193115.8532	184.801122	0.475	1	69	0.018429
370862.6183	193115.8335	184.812433	0.489	1	150	0.018569
370862.3588	193115.8122	184.835903	0.501	1	118	0.015631
370862.085	193115.7909	184.806382	0.491	1	121	0.01686
370861.8017	193115.7707	184.817422	0.488	1	82	0.016487
370861.5183	193115.748	184.79514	0.492	1	96	0.016672
370861.2361	193115.724	184.791999	0.489	1	119	0.013771
370860.9591	193115.7015	184.785707	0.471	1	101	0.014344
370860.6703	193115.6765	184.803071	0.489	1	149	0.012499
370860.3908	193115.6524	184.796215	0.443	1	131	0.012362
370860.1087	193115.6286	184.80171	0.485	1	159	0.01495
370859.835	193115.6055	184.78792	0.474	1	110	0.015136
370859.9336	193115.6213	184.807431	0.487	1	113	0.015215
370859.7136	193115.6038	184.804151	0.499	1	-159	0.01443
370859.4666	193115.5848	184.786092	0.484	1	-463	0.017417
370859.2175	193115.5599	185.310869	0.458	1	50	0.033942
370858.9613	193115.5181	186.324911	0.471	1	-386	0.036388
370858.6844	193115.4681	188.061638	0.466	1	-313	0.034221
370858.4236	193115.4015	190.109664	0.474	1	-105	0.032841
370858.1624	193115.3253	192.521824	0.477	1	50	0.022912
370857.9033	193115.2321	195.309392	0.529	1	50	0.005193
370857.6543	193115.1316	198.05085	0.531	1	-172	-0.005453
370857.41	193115.0123	200.906526	0.515	1	-159	-0.017953
370857.19	193114.8801	203.77195	0.509	1	-186	-0.034588
370856.9724	193114.7288	206.901978	0.518	1	-202	-0.051014
370857.1328	193114.4092	210.188221	0.511	0	-538	-0.063951
370857.0006	193114.2243	213.416802	0.533	0	-455	-0.084049
370856.8558	193114.0398	216.659992	0.602	0	-347	-0.102042
370856.7253	193113.8454	219.855277	0.543	0	-71	-0.127076
370856.5925	193113.6356	223.189997	0.425	0	-177	-0.143353
370856.4705	193113.4492	226.588664	0.343	0	-267	-0.158057
370856.3538	193113.2531	231.066619	0.383	0	-126	-0.177738
370856.2487	193113.0425	234.23269	0.598	0	-272	-0.195093
370856.1604	193112.8404	237.536815	0.669	0	257	-0.221114
370856.0721	193112.6182	240.872577	0.596	0	-140	-0.22941
370855.9991	193112.3854	244.217115	0.467	0	-127	-0.241549
370855.9422	193112.1539	247.684936	0.54	0	152	-0.256314
370855.899	193111.9287	251.072268	0.599	0	134	-0.262632
370855.8721	193111.6955	254.379789	0.481	0	-201	-0.263595
370856.0009	193111.3939	257.867692	0.346	0	-283	-0.270305
370856.2456	193111.081	261.30975	0.365	0	413	-0.298216
370856.2948	193110.8526	264.73342	0.507	0	1000	-0.350304
370856.3381	193110.6327	268.014918	0.588	0	1000	-0.387423
370856.3741	193110.4051	269.959391	0.555	0	1000	-0.405334
370856.3942	193110.1742	270.602418	0.48	0	510	-0.395682
370856.3935	193109.9429	269.356841	0.419	0	-440	-0.343463
370856.3793	193109.7135	267.785162	0.475	0	-1000	-0.28742
370856.3516	193109.4792	266.735182	0.476	0	-499	-0.205058
370856.3289	193109.2417	267.252347	0.519	0	-269	-0.176854
370856.3142	193109.002	268.255437	0.432	0	109	-0.165757
370856.3075	193108.7655	269.196629	0.439	0	168	-0.164911
370856.307	193108.5288	270.014478	0.455	0	50	-0.164953
370856.31	193108.2966	270.614098	0.496	0	-50	-0.161095
370856.315	193108.0645	271.021281	0.486	0	63	-0.152819
370856.3245	193107.8395	271.442395	0.482	0	-50	-0.145406
370856.3331	193107.6149	271.758457	0.467	0	50	-0.134419
370856.3419	193107.3964	272.034589	0.481	0	50	-0.127401
370856.3527	193107.1844	272.36582	0.468	0	255	-0.123264
370856.3646	193106.9681	272.438742	0.484	0	-233	-0.110494
370856.3737	193106.7503	272.280378	0.487	0	-258	-0.09327
370856.3791	193106.539	272.19042	0.476	0	-158	-0.077861
370856.387	193106.3271	272.385865	0.459	0	-50	-0.071048
370856.3971	193106.1171	272.628635	0.473	0	-120	-0.068495
370856.4033	193105.8834	272.859279	0.46	0	-50	-0.060697
370856.4318	193105.4296	273.092561	0.489	0	53	-0.054606
370856.4575	193105.0575	273.313946	0.462	0	-52	-0.050306
370856.474	193104.8197	273.463541	0.454	0	50	-0.04559
370856.487	193104.6071	273.543062	0.468	0	-50	-0.042698
370856.4997	193104.3916	273.602763	0.478	0	94	-0.035017
370856.5133	193104.1863	273.669169	0.479	0	55	-0.029999
370856.5256	193103.984	273.707381	0.469	0	50	-0.026643
370856.5389	193103.7791	273.782421	0.476	0	110	-0.023243
370856.5523	193103.5761	273.85977	0.488	0	128	-0.022452
370856.5661	193103.375	273.946529	0.479	0	102	-0.018017
370856.5792	193103.1775	274.022214	0.478	0	98	-0.012369
370856.5946	193102.9759	274.113128	0.47	0	168	-0.012522
370856.6102	193102.7664	274.214299	0.469	0	257	-0.012333
370856.6473	193102.1542	274.290781	0.472	0	134	-0.009584
370856.6638	193101.9012	274.33265	0.468	0	138	-0.006729
370856.6779	193101.6639	274.361354	0.464	0	113	-0.002002
370856.6905	193101.4297	274.353702	0.462	0	60	0.002188
370856.6983	193101.2185	274.375839	0.461	0	-50	0.011454
370856.7122	193101.0134	274.470537	0.489	0	50	0.01203
370856.7242	193100.8255	274.624527	0.488	0	50	0.009444
370856.7383	193100.6382	274.764995	0.488	0	98	0.005232
370856.7557	193100.444	274.873868	0.475	0	114	-0.000331
370856.7741	193100.2524	274.902605	0.476	0	74	-0.000757
370856.7919	193100.0646	274.835789	0.479	0	-50	0.004555
370856.8068	193099.8717	274.688314	0.494	0	-100	0.00501
370856.8347	193099.4243	274.557794	0.46	0	-152	0.02002
370856.8594	193099.0036	274.555537	0.447	0	-127	0.025593
370856.8805	193098.7529	274.707662	0.458	0	50	0.022917
370856.9037	193098.5243	274.957081	0.462	0	96	0.015453
370856.929	193098.2833	275.148648	0.471	0	50	0.010969
370856.9448	193098.0832	275.130918	0.48	0	-80	0.014326
370856.9599	193097.8925	275.029869	0.49	0	-191	0.017832
370856.972	193097.7087	274.882898	0.489	0	-212	0.020238
370856.9834	193097.5157	274.745699	0.501	0	-209	0.025355
370856.9965	193097.3302	274.716885	0.5	0	-103	0.027236
370857.0109	193097.1466	274.809694	0.508	0	-65	0.024785
370857.0253	193096.9538	274.894731	0.476	0	-50	0.023919
370857.0492	193096.6296	275.021793	0.475	0	-50	0.024481
370857.0813	193096.094	275.028711	0.474	0	-50	0.025393
370857.0992	193095.8556	275.005644	0.481	0	-50	0.026659
370857.1142	193095.6201	274.940328	0.478	0	-111	0.02974
370857.1248	193095.3808	274.866942	0.488	0	-490	0.043401
370857.1451	193095.1539	275.42851	0.472	0	-732	0.049364
370857.1781	193094.9702	277.063492	0.44	0	-328	0.039952
370857.2161	193094.8063	279.26205	0.431	0	-422	0.010575
370857.2721	193094.6326	282.081617	0.555	0	272	-0.016412
370857.3358	193094.4732	284.296951	0.485	0	-75	-0.059568
370857.4104	193094.3113	287.122694	0.492	0	-134	-0.09514
370857.4907	193094.1557	290.242332	0.474	0	501	-0.136818
370857.87	193093.6946	293.465451	0.523	0	282	-0.155556
370858.0511	193093.471	296.38664	0.568	0	-50	-0.172682
370858.1896	193093.2849	298.84276	0.563	0	-468	-0.164357
370858.3158	193093.1264	300.963439	0.527	0	-633	-0.153529
370858.4858	193092.9393	303.500378	0.518	0	-136	-0.163538
370858.6718	193092.7525	306.096651	0.508	0	-244	-0.155719
370858.8412	193092.587	309.158258	0.439	0	-257	-0.156273
370859.0103	193092.4369	312.346174	0.38	0	-235	-0.164489
370859.2012	193092.2939	315.568399	0.434	0	-221	-0.17488
370859.3895	193092.1659	318.697484	0.534	0	-322	-0.18773
370859.5859	193092.0573	321.998143	0.577	0	-154	-0.201222
370859.7971	193091.9526	325.30276	0.518	0	-262	-0.208322
370860.0094	193091.8678	328.668778	0.522	0	-133	-0.218396
370860.2202	193091.7883	331.747293	0.507	0	-50	-0.223364
370860.451	193091.7207	334.964013	0.412	0	-221	-0.23131
370860.6995	193091.6766	338.459115	0.369	0	-520	-0.2347
370861.0919	193091.9643	341.778304	0.424	0	-125	-0.252981
370861.3173	193091.9799	345.290567	0.558	0	-159	-0.254949
370861.5293	193091.9958	348.838694	0.576	0	83	-0.271169
370861.7609	193092.0237	352.200897	0.516	0	685	-0.30437
370861.9941	193092.0456	355.41537	0.547	0	797	-0.343006
370862.2327	193092.0742	357.614876	0.568	0	429	-0.371225
370862.4528	193092.0924	358.516213	0.557	0	753	-0.373235
370862.6774	193092.1009	358.384252	0.474	0	-50	-0.349811
370862.9046	193092.1057	357.773858	0.503	0	-729	-0.305564
370863.1371	193092.1023	357.576725	0.444	0	-183	-0.265012
370863.3741	193092.0987	358.319148	0.505	0	-52	-0.249705
370863.6078	193092.0986	359.583278	0.515	0	85	-0.240451
370863.8468	193092.1058	0.362751	0.504	0	585	-0.237612
370864.076	193092.1193	0.849748	0.459	0	316	-0.230828
370864.3102	193092.1275	0.374384	0.467	0	-467	-0.201398
370864.5405	193092.1311	359.925509	0.496	1	-272	-0.168107
370864.7648	193092.1319	359.951018	0.509	1	-156	-0.146285
370865.0032	193092.135	0.242299	0.494	1	-50	-0.129253
370865.235	193092.1389	0.774362	0.489	1	59	-0.12071
370865.469	193092.1442	1.203139	0.492	1	50	-0.112901
370865.713	193092.1499	1.368201	0.489	1	63	-0.105911
370865.9448	193092.1621	1.702406	0.473	1	-141	-0.094966
370866.1875	193092.1713	2.035181	0.483	1	90	-0.096688
370866.4244	193092.182	2.426131	0.481	1	50	-0.082091
370866.6702	193092.1954	2.282222	0.504	1	-50	-0.070489
370866.9103	193092.2054	2.37228	0.497	1	51	-0.062971
370867.1566	193092.2167	2.749773	0.508	1	54	-0.056396
370867.3969	193092.2297	2.839686	0.492	1	50	-0.050347
370867.6354	193092.2414	3.041426	0.49	1	50	-0.04427
370867.8789	193092.2557	3.213835	0.476	1	-50	-0.039676
370868.123	193092.2702	3.411496	0.473	1	69	-0.037302
370868.3743	193092.2871	3.593756	0.487	1	50	-0.034411
370868.6273	193092.3068	3.752304	0.505	1	-50	-0.031109
370868.8686	193092.3268	3.833181	0.505	1	-50	-0.029506
370869.119	193092.3451	3.857125	0.513	1	-70	-0.023823
370869.3684	193092.3627	3.868855	0.505	1	-175	-0.017977
370869.6145	193092.3789	3.906972	0.516	1	-120	-0.012228
370869.8565	193092.3947	3.938421	0.507	1	-107	-0.005978
370870.1097	193092.4116	4.011443	0.492	1	-50	-0.001386
370870.3649	193092.43	4.122839	0.511	1	50	0.002449
370870.6144	193092.4485	4.251733	0.516	1	50	0.006945
370870.8747	193092.4676	4.401021	0.503	1	88	0.007159
370871.1358	193092.4881	4.525554	0.482	1	133	0.006765
370871.3874	193092.5075	4.63043	0.507	1	112	0.006182
370871.6391	193092.5264	4.679369	0.504	1	60	0.004257
370871.8851	193092.5458	4.692664	0.481	1	67	0.00627
370872.1316	193092.5647	4.69806	0.479	1	102	0.007992
370872.3838	193092.5845	4.701655	0.475	1	114	0.008063
370872.6303	193092.6024	4.679251	0.479	1	75	0.013069
370872.8793	193092.6207	4.640873	0.469	1	71	0.014966
370873.1162	193092.6374	4.689923	0.488	1	143	0.015467
370873.3508	193092.6552	4.781147	0.496	1	199	0.016439
370873.6003	193092.6756	4.857054	0.501	1	166	0.018203
370873.8395	193092.6961	4.918419	0.484	1	69	0.017883
370874.0858	193092.7167	4.975385	0.49	1	76	0.018236
370874.3258	193092.7361	4.981944	0.474	1	-50	0.018294
370874.5686	193092.7565	4.978751	0.48	1	-71	0.018743
370874.816	193092.777	4.95906	0.484	1	-112	0.020401
370875.0573	193092.7969	4.95384	0.479	1	-121	0.023081
370875.3045	193092.8167	4.9396	0.474	1	-117	0.024489
370875.545	193092.8339	4.926268	0.485	1	-118	0.030391
370875.7935	193092.8534	4.971424	0.488	1	-89	0.033355
370876.0353	193092.8714	5.018592	0.489	1	-55	0.032262
370876.2885	193092.8907	5.06651	0.507	1	-63	0.032614
370876.537	193092.9097	5.097839	0.497	1	-90	0.034983
370876.785	193092.9289	5.152286	0.505	1	-115	0.034906
370877.0333	193092.9474	5.193053	0.497	1	-186	0.036819
370877.2885	193092.9649	5.177864	0.493	1	-169	0.037586
370877.5379	193092.9898	5.203082	0.478	1	-203	0.035577
370877.7816	193093.0077	5.179471	0.474	1	-167	0.03813
370878.0292	193093.0263	5.157607	0.497	1	-171	0.040129
370878.2847	193093.0456	5.150353	0.503	1	-67	0.041998
370878.538	193093.0647	5.159668	0.491	1	-50	0.043038
370878.7787	193093.0831	5.188629	0.492	1	50	0.044053
370879.0336	193093.1048	5.251923	0.491	1	64	0.043278
370879.2811	193093.1251	5.314266	0.505	1	69	0.042924
370879.5373	193093.1458	5.360143	0.508	1	99	0.041448
370879.7751	193093.1669	5.388509	0.521	1	60	0.040236
370880.0281	193093.189	5.351909	0.503	1	61	0.042701
370880.2772	193093.2097	5.30256	0.476	1	72	0.041907
370880.531	193093.2295	5.258128	0.486	1	50	0.043432
370880.7862	193093.2509	5.213276	0.491	1	72	0.043917
370881.0329	193093.2706	5.187283	0.496	1	50	0.047168
370881.2861	193093.289	5.182254	0.493	1	85	0.050869
370881.5371	193093.3065	5.246307	0.489	1	170	0.049698
370881.787	193093.3255	5.329433	0.478	1	-4	0.048229
370882.0361	193093.3463	5.420733	0.48	1	210	0.045908
370882.2869	193093.3667	5.503753	0.497	1	231	0.041603
370882.544	193093.3864	5.493012	0.489	1	135	0.041004
370882.7886	193093.4061	5.447942	0.466	1	58	0.040325
370883.0404	193093.4254	5.382414	0.499	1	62	0.046143
370883.2973	193093.447	5.378413	0.474	1	50	0.040825
370883.5522	193093.4682	5.371514	0.482	1	-50	0.041035
370883.7939	193093.4865	5.356794	0.493	1	-50	0.042736
370884.0491	193093.5076	5.373632	0.485	1	-50	0.04142
370884.2957	193093.5271	5.397812	0.461	1	50	0.041756
370884.5509	193093.5476	5.387581	0.476	1	50	0.040951
370884.8003	193093.5687	5.368854	0.462	1	50	0.040164
370885.0448	193093.588	5.383662	0.475	1	50	0.039813
370885.2997	193093.6095	5.398082	0.5	1	-50	0.043174
370885.5493	193093.632	5.408387	0.498	1	-114	0.043287
370885.7995	193093.6511	5.361363	0.475	1	-140	0.042116
370886.0517	193093.6703	5.356829	0.469	1	-166	0.045079
370886.2927	193093.6898	5.369927	0.482	1	-147	0.04376
370886.5385	193093.7085	5.371699	0.488	1	-194	0.043998
370886.8111	193093.7277	5.342725	0.493	1	-54	0.045238
370887.0602	193093.7488	5.37412	0.484	1	50	0.046233
370887.3107	193093.767	5.33648	0.475	1	-76	0.049111
370887.5544	193093.7882	5.319547	0.496	1	-50	0.049993
370887.81	193093.8051	5.286616	0.492	1	50	0.048254
370888.0568	193093.8237	5.254326	0.483	1	-79	0.051169
370888.2955	193093.8417	5.226968	0.485	1	-50	0.052296
370888.5588	193093.8627	5.250714	0.493	1	-50	0.052693
370888.8066	193093.8825	5.315455	0.492	1	52	0.049022
370889.0571	193093.9018	5.383254	0.497	1	73	0.047413
370889.3001	193093.925	5.471134	0.506	1	106	0.045799
370889.5487	193093.9447	5.506953	0.495	1	121	0.044904
370889.7963	193093.9658	5.49043	0.499	1	169	0.044322
370890.0413	193093.9848	5.453537	0.495	1	117	0.043059
370890.1742	193093.9731	5.434087	0.495	1	168	0.044031
370890.3572	193093.9794	5.412016	0.501	1	190	0.04286
370890.592	193093.9962	5.418046	0.49	1	101	0.041583
370890.8401	193094.0149	5.412508	0.477	1	106	0.044844
370891.0988	193094.0375	5.394047	0.485	1	69	0.045923
370891.3566	193094.0587	5.392009	0.49	1	50	0.046982
370891.6136	193094.08	5.380921	0.5	1	-50	0.048037
370891.8658	193094.0998	5.388289	0.478	1	-50	0.04869
370892.1257	193094.1198	5.397607	0.483	1	50	0.046985
370892.3894	193094.1453	5.452358	0.481	1	50	0.046781
370892.6571	193094.1667	5.475952	0.494	1	50	0.041696
370892.9129	193094.1848	5.506525	0.471	1	50	0.04529
370893.1872	193094.2086	5.563221	0.491	1	54	0.038977
370893.4467	193094.2284	5.576998	0.492	1	-50	0.036636
370893.7114	193094.2527	5.533923	0.47	1	-86	0.039951
370893.9658	193094.2774	5.507523	0.47	1	-185	0.038734
370894.1992	193094.295	5.432687	0.482	1	-205	0.039668
370894.1927	193094.2725	5.379953	0.485	1	-210	0.041385
370894.4222	193094.2863	5.324478	0.492	1	-210	0.046462
370894.6836	193094.3068	5.282924	0.484	1	-149	0.047953
370894.9445	193094.3305	5.319029	0.49	1	-108	0.046772
370895.2184	193094.3539	5.319587	0.489	1	-70	0.050798
370895.4761	193094.3774	5.355215	0.498	1	-71	0.047304
370895.7528	193094.399	5.366191	0.498	1	-52	0.049392
370896.0079	193094.4216	5.371261	0.489	1	-50	0.05011
370896.2778	193094.4444	5.406525	0.492	1	-54	0.04801
370896.5491	193094.4696	5.430744	0.488	1	-50	0.047242
370896.8165	193094.493	5.444933	0.482	1	-50	0.047197
370897.0808	193094.5151	5.460152	0.504	1	-50	0.04625
370897.3493	193094.5383	5.426787	0.508	1	50	0.046263
370897.6182	193094.5613	5.430413	0.498	1	85	0.045562
370897.8767	193094.582	5.425074	0.486	1	50	0.049266
370897.836	193094.5528	5.390743	0.496	1	96	0.04783
370898.0758	193094.5693	5.367077	0.49	1	137	0.044072
370898.3264	193094.5916	5.384964	0.489	1	143	0.048634
370898.6006	193094.6164	5.426246	0.498	1	148	0.044177
370898.8635	193094.6399	5.429104	0.503	1	112	0.049707
370899.1436	193094.6658	5.422394	0.491	1	109	0.047535
370899.4189	193094.6908	5.42039	0.494	1	79	0.047994
370899.6979	193094.7146	5.424703	0.49	1	50	0.047384
370899.9764	193094.7376	5.442449	0.503	1	91	0.047978
370900.2628	193094.7622	5.441303	0.486	1	86	0.049639
370900.5353	193094.7872	5.472919	0.485	1	120	0.048767
370900.8123	193094.8121	5.493736	0.465	1	120	0.046663
370901.085	193094.837	5.516145	0.481	1	112	0.046763
370900.9865	193094.8064	5.554138	0.489	1	74	0.045611
370901.2168	193094.821	5.548704	0.485	1	50	0.04629
370901.4528	193094.8413	5.540915	0.484	1	-50	0.046555
370901.7255	193094.8616	5.502674	0.471	1	-64	0.046793
370902.0031	193094.8845	5.508841	0.468	1	-72	0.046692
370902.2819	193094.9102	5.533445	0.482	1	-78	0.044773
370902.5716	193094.9341	5.480942	0.505	1	-129	0.046823
370902.8435	193094.9569	5.449126	0.498	1	-164	0.050751
370903.1279	193094.9801	5.429584	0.494	1	-158	0.051175
370903.4105	193095.0037	5.421206	0.485	1	-108	0.049785
370903.6916	193095.0289	5.415051	0.476	1	-77	0.05128
370903.9821	193095.0544	5.435243	0.48	1	-88	0.04892
370904.2533	193095.078	5.461089	0.513	1	-132	0.050119
370904.1501	193095.0533	5.498723	0.489	1	-153	0.049368
370904.3781	193095.0678	5.49108	0.496	1	-173	0.049825
370904.6139	193095.0884	5.476817	0.476	1	-189	0.050042
370904.8826	193095.1119	5.443419	0.486	1	-97	0.049928
370905.1454	193095.1323	5.367724	0.496	1	-179	0.053333
370905.4289	193095.1571	5.354377	0.511	1	-68	0.053135
370905.7114	193095.1821	5.381358	0.503	1	-57	0.050454
370905.9946	193095.2084	5.402296	0.491	1	50	0.050788
370906.2762	193095.2337	5.413672	0.5	1	93	0.050003
370906.5602	193095.2579	5.424073	0.488	1	71	0.052556
370906.846	193095.2843	5.456203	0.481	1	104	0.049875
370907.1266	193095.3109	5.489284	0.503	1	127	0.047674
370907.4066	193095.3334	5.477174	0.497	1	-50	0.052705
370907.2974	193095.3074	5.507177	0.49	1	120	0.04618
370907.5294	193095.322	5.477892	0.495	1	74	0.047197
370907.7798	193095.3417	5.448696	0.511	1	72	0.046228
370908.0292	193095.3603	5.43422	0.515	1	91	0.045323
370908.2926	193095.3818	5.430123	0.499	1	123	0.046718
370908.5784	193095.4098	5.451885	0.493	1	162	0.044174
370908.8644	193095.4354	5.422591	0.48	1	213	0.043388
370909.1491	193095.4618	5.426249	0.482	1	182	0.0429
370909.4257	193095.4871	5.409341	0.481	1	148	0.046967
370909.7239	193095.5129	5.386078	0.473	1	110	0.049023
370909.9962	193095.5351	5.37279	0.472	1	50	0.04862
370910.295	193095.5617	5.398785	0.481	1	0	0.04884
370910.5802	193095.5877	5.444976	0.5	1	-50	0.045679
370910.475	193095.5606	5.467481	0.498	1	-50	0.044958
370910.7067	193095.5807	5.513272	0.498	1	50	0.042738
370910.9481	193095.5996	5.562447	0.49	1	50	0.042148
370911.203	193095.6214	5.616148	0.492	1	50	0.04173
370911.4715	193095.6437	5.599341	0.483	1	-81	0.04222
370911.7672	193095.668	5.537562	0.491	1	-106	0.044154
370912.0473	193095.6927	5.502002	0.486	1	-133	0.046008
370912.3362	193095.7156	5.413326	0.492	1	-162	0.050831
370912.6306	193095.7391	5.328971	0.49	1	-198	0.052222
370912.9298	193095.7628	5.32075	0.497	1	-140	0.054644
370913.2153	193095.7857	5.36873	0.516	1	-125	0.052568
370913.4956	193095.8085	5.420587	0.52	1	-89	0.052148
370913.4552	193095.787	5.448619	0.511	1	50	0.053252
370913.6413	193095.8016	5.51664	0.509	1	61	0.050346
370913.8818	193095.8263	5.570984	0.514	1	135	0.047633
370914.1407	193095.8467	5.579742	0.508	1	66	0.047953
370914.4006	193095.8691	5.55086	0.512	1	63	0.048614
370914.6865	193095.8946	5.534859	0.503	1	125	0.04876
370914.9662	193095.9195	5.480957	0.491	1	55	0.050549
370915.2549	193095.9456	5.430995	0.499	1	71	0.051246
370915.5493	193095.9708	5.372974	0.482	1	50	0.052455
370915.8435	193095.995	5.352828	0.499	1	90	0.052088
370916.1305	193096.0189	5.354203	0.485	1	50	0.054958
370916.4144	193096.0432	5.394074	0.482	1	107	0.054765
370916.6949	193096.0676	5.443053	0.467	1	83	0.049199
370916.5729	193096.0383	5.475647	0.455	1	88	0.048964
370916.8129	193096.0599	5.511026	0.458	1	180	0.04633
370917.062	193096.0779	5.540639	0.469	1	-578	0.062815
370917.3075	193096.1043	6.203699	0.462	1	-219	0.077743
370917.5799	193096.1506	7.704072	0.51	1	-317	0.077474
370917.8498	193096.2102	9.855796	0.532	1	-94	0.075515
370918.1217	193096.2868	12.257127	0.486	1	-50	0.06817
370918.4097	193096.3862	14.53385	0.488	1	-143	0.048374
370918.674	193096.4941	17.53869	0.512	1	-258	0.029121
370918.9495	193096.6246	20.298916	0.55	1	-83	0.011276
370919.2083	193096.7754	23.11949	0.553	1	-189	-0.010325
370918.9229	193096.9959	26.773293	0.509	1	177	-0.026031
370919.0863	193097.1809	30.236066	0.447	1	134	-0.049929
370919.2453	193097.3587	33.355523	0.448	1	207	-0.068435
370919.3846	193097.5365	36.361217	0.467	0	-666	-0.084733
370919.5176	193097.7253	39.530109	0.458	0	-450	-0.099108
370919.6482	193097.94	42.959114	0.506	0	-451	-0.122365
370919.7766	193098.1259	46.328626	0.527	0	-352	-0.145196
370919.8969	193098.3084	49.522781	0.58	0	84	-0.168387
370920.0051	193098.4964	52.646039	0.55	0	124	-0.181652
370920.1011	193098.6936	55.869687	0.456	0	50	-0.199926
370920.2018	193098.927	59.223956	0.359	0	50	-0.221034
370920.2849	193099.1593	62.541889	0.404	0	-170	-0.238554
370920.3476	193099.3784	65.866856	0.516	0	-221	-0.254027
370920.3945	193099.5926	68.988176	0.562	0	50	-0.274487
370920.4267	193099.8409	72.512744	0.517	0	-104	-0.288309
370920.3156	193100.1278	75.94679	0.522	0	-123	-0.302706
370920.046	193100.4403	80.188322	0.591	0	398	-0.330106
370920.0096	193100.6601	83.434731	0.579	0	773	-0.354035
370919.9702	193100.8799	86.207811	0.472	0	238	-0.380083
370919.9393	193101.1281	87.871904	0.427	0	958	-0.393896
370919.9299	193101.3776	88.580804	0.452	0	413	-0.388395
370919.93	193101.5986	88.173848	0.418	0	-233	-0.346648
370919.9427	193101.8311	87.218091	0.477	0	-899	-0.298055
370919.9614	193102.0788	87.128917	0.505	0	-261	-0.255645
370919.9746	193102.3141	87.53962	0.547	0	50	-0.231293
370919.9844	193102.5645	88.242927	0.536	0	50	-0.221544
370919.9907	193102.815	88.919052	0.511	0	50	-0.210391
370919.9889	193103.0619	89.588519	0.49	0	57	-0.202529
370919.9846	193103.3276	90.167706	0.48	0	65	-0.200602
370919.9783	193103.609	90.682926	0.486	0	50	-0.1948
370919.9681	193103.904	91.222471	0.502	0	465	-0.190779
370919.9553	193104.2014	91.49968	0.503	0	280	-0.181488
370919.945	193104.5214	91.302512	0.519	0	-344	-0.160489
370919.9349	193104.8376	91.110034	0.537	0	-216	-0.14076
370919.924	193105.1881	91.214023	0.534	0	-83	-0.120681
370919.9122	193105.4994	91.546348	0.522	0	50	-0.116001
370919.8813	193105.2682	91.951244	0.469	0	73	-0.109197
370919.8571	193105.5303	92.387825	0.462	0	67	-0.109296
370919.843	193105.7771	92.608887	0.467	0	-69	-0.106113
370919.8275	193106.024	92.802176	0.481	0	201	-0.104376
370919.8131	193106.2775	92.820964	0.505	0	55	-0.099715
370919.8027	193106.5587	92.664755	0.521	0	-290	-0.085305
370919.7943	193106.8991	92.542249	0.504	0	-255	-0.073311
370919.7844	193107.25	92.601484	0.502	0	-194	-0.058631
370919.7699	193107.619	92.779791	0.495	0	-50	-0.054298
370919.7506	193107.9989	93.057809	0.487	0	-50	-0.053811
370919.7492	193107.7493	93.329924	0.477	0	-85	-0.055858
370919.7322	193107.9919	93.513813	0.48	0	50	-0.053949
370919.7079	193108.2353	93.681594	0.475	0	68	-0.053475
370919.6976	193108.4603	93.614035	0.455	0	-50	-0.047176
370919.6932	193108.7076	93.444203	0.488	0	-119	-0.036556
370919.6851	193108.9459	93.39261	0.498	0	-50	-0.030144
370919.6711	193109.1963	93.456497	0.503	0	50	-0.025978
370919.6551	193109.4526	93.605538	0.5	0	69	-0.024123
370919.6398	193109.7157	93.748896	0.503	0	140	-0.0236
370919.6236	193109.9892	93.884966	0.507	0	94	-0.022298
370919.6014	193110.2817	94.037495	0.463	0	97	-0.02316
370919.5769	193110.5718	94.164113	0.488	0	111	-0.026562
370919.5531	193110.8845	94.220049	0.484	0	142	-0.025683
370919.5283	193111.196	94.248045	0.488	0	145	-0.026645
370919.5006	193111.5374	94.192929	0.492	0	77	-0.024431
370919.4796	193111.8587	94.05527	0.495	0	50	-0.016109
370919.4926	193111.6426	94.026621	0.503	0	-50	-0.012842
370919.4726	193111.8882	94.039388	0.495	0	50	-0.013011
370919.4555	193112.1296	94.096644	0.492	0	50	-0.009263
370919.435	193112.3731	94.20981	0.5	0	69	-0.010682
370919.4124	193112.6286	94.365339	0.487	0	50	-0.01211
370919.3885	193112.9028	94.510229	0.473	0	53	-0.014583
370919.3604	193113.2503	94.527721	0.472	0	-65	-0.013666
370919.33	193113.6228	94.49686	0.483	0	-88	-0.014329
370919.3038	193113.9618	94.418578	0.497	0	-113	-0.013198
370919.2783	193114.2967	94.331587	0.494	0	-173	-0.008689
370919.2984	193114.0758	94.261686	0.49	0	-1000	-0.011641
370919.2818	193114.3053	94.539256	0.479	0	-1000	0.017945
370919.2339	193114.5462	96.258294	0.476	0	-412	0.019738
370919.1547	193114.765	99.023072	0.507	0	-239	-0.005244
370919.0478	193114.968	102.362934	0.6	0	243	-0.042653
370918.908	193115.1677	105.5851	0.438	0	434	-0.104552
370918.7672	193115.3848	109.965113	0.515	0	169	-0.146686
370918.6483	193115.591	112.443439	0.534	0	50	-0.160008
370918.539	193115.7925	114.602814	0.525	0	-526	-0.160624
370918.4076	193116.0163	116.257264	0.506	0	-160	-0.150224
370918.2769	193116.2152	118.151119	0.497	0	-142	-0.138103
370918.1328	193116.4239	120.810846	0.522	0	-226	-0.144468
370917.9752	193116.617	124.022583	0.484	0	-281	-0.152557
370917.794	193116.8063	127.451214	0.381	0	-203	-0.16824
370917.6015	193116.9838	130.708835	0.411	0	-234	-0.186026
370917.417	193117.1365	133.873524	0.518	0	-196	-0.202456
370917.227	193117.261	137.271508	0.546	0	-314	-0.213005
370916.9664	193117.2388	140.798333	0.527	0	-50	-0.232428
370916.6502	193117.0967	144.060284	0.564	0	50	-0.242002
370916.4272	193117.1537	147.365373	0.511	0	-103	-0.251788
370916.1974	193117.2056	151.147427	0.43	0	-328	-0.261476
370915.9386	193117.2553	154.833345	0.342	0	234	-0.280127
370915.7134	193117.3041	158.378088	0.429	0	348	-0.294388
370915.5013	193117.3346	161.842951	0.573	0	-94	-0.301107
370915.2719	193117.359	164.794556	0.536	0	-445	-0.303129
370915.033	193117.376	168.051498	0.494	0	-124	-0.306227
370914.8016	193117.3743	171.32714	0.51	0	430	-0.329958
370914.5663	193117.3623	174.358643	0.601	0	772	-0.366011
370914.3258	193117.3379	176.695391	0.593	0	183	-0.390977
370914.1016	193117.3123	179.203012	0.543	0	1000	-0.397381
370913.866	193117.2856	180.173954	0.472	0	684	-0.390189
370913.6331	193117.2654	179.418776	0.474	0	-110	-0.347403
370913.4048	193117.2603	177.258732	0.441	0	-1000	-0.273651
370913.1727	193117.2654	176.015492	0.446	0	-723	-0.212631
370912.93	193117.2768	176.081218	0.461	0	-225	-0.176703
370912.6887	193117.2809	177.481749	0.513	0	124	-0.175586
370912.4468	193117.2758	179.436215	0.546	0	435	-0.184709
370912.2035	193117.2637	180.59498	0.497	0	264	-0.190727
370911.9591	193117.2472	181.360878	0.517	1	221	-0.191923
370911.7057	193117.2287	181.586331	0.463	1	57	-0.178994
370911.4577	193117.2125	181.592338	0.487	1	-50	-0.163974
370911.2087	193117.1982	181.479549	0.473	1	-127	-0.142256
370910.9542	193117.1845	181.352001	0.472	1	-191	-0.119969
370910.6992	193117.1737	181.308753	0.478	1	-121	-0.106302
370910.4404	193117.1634	181.473423	0.478	1	-53	-0.092708
370910.1912	193117.1504	181.771913	0.487	1	-50	-0.083105
370909.9411	193117.1378	182.053271	0.491	1	50	-0.07695
370909.6839	193117.1228	182.402524	0.483	1	54	-0.072813
370909.4189	193117.107	182.673183	0.474	1	50	-0.063882
370909.1672	193117.0924	182.833809	0.483	1	-50	-0.053335
370908.9128	193117.0772	182.956515	0.488	1	-165	-0.046315
370908.6617	193117.0619	183.088936	0.485	1	-118	-0.037997
370908.4069	193117.0444	183.199688	0.486	1	-84	-0.035699
370908.1532	193117.0295	183.297376	0.492	1	-126	-0.02496
370907.8994	193117.0135	183.430345	0.504	1	-50	-0.018742
370907.6448	193116.9975	183.57757	0.501	1	-50	-0.012652
370907.4017	193116.9824	183.718172	0.487	1	97	-0.009843
370907.1535	193116.9635	183.910291	0.491	1	138	-0.00837
370906.8919	193116.9427	184.080949	0.488	1	71	-0.010541
370906.6481	193116.922	184.189854	0.473	1	150	-0.008978
370906.3956	193116.9012	184.233167	0.485	1	127	-0.005691
370906.1416	193116.8809	184.263035	0.476	1	118	-0.00094
370905.8963	193116.8614	184.297755	0.474	1	50	0.001143
370905.6469	193116.8422	184.341487	0.497	1	97	0.003213
370905.4001	193116.8233	184.379147	0.491	1	56	0.006934
370905.1549	193116.804	184.426479	0.491	1	50	0.009612
370904.9135	193116.7861	184.497567	0.49	1	73	0.012875
370904.6697	193116.7687	184.567805	0.503	1	60	0.0165
370904.4256	193116.7468	184.661276	0.481	1	150	0.01615
370904.1806	193116.7282	184.759709	0.464	1	106	0.019655
370903.9473	193116.7069	184.872307	0.477	1	131	0.018153
370903.6975	193116.686	184.954465	0.473	1	50	0.018018
370903.4549	193116.6739	184.954123	0.474	1	-50	0.023163
370903.2085	193116.657	184.983712	0.468	1	-68	0.022672
370902.9682	193116.6369	185.0205	0.458	1	-59	0.020923
370902.7243	193116.616	185.00858	0.452	1	-109	0.023952
370902.4724	193116.5957	184.993225	0.474	1	-155	0.027428
370902.2427	193116.5787	185.021069	0.505	1	-139	0.027758
370901.9967	193116.5587	185.037416	0.507	1	-93	0.028437
370901.7507	193116.5391	185.067109	0.492	1	-95	0.029159
370901.5069	193116.518	185.106279	0.483	1	-55	0.030317
370901.2745	193116.4964	185.1555	0.486	1	-119	0.031868
370901.0354	193116.4758	185.176005	0.488	1	-136	0.032526
370900.787	193116.4572	185.161193	0.477	1	-134	0.039227
370900.5461	193116.4377	185.174307	0.486	1	-168	0.04157
370900.3162	193116.4179	185.176312	0.493	1	-144	0.041023
370900.072	193116.3992	185.173069	0.507	1	-143	0.045904
370899.833	193116.3799	185.168869	0.505	1	-150	0.044995
370899.6019	193116.3634	185.147044	0.506	1	-99	0.046182
370899.3606	193116.3453	185.176984	0.496	1	-60	0.049166
370899.1328	193116.3275	185.230935	0.49	1	50	0.051889
370898.8922	193116.3099	185.266007	0.492	1	62	0.050096
370898.6604	193116.292	185.299528	0.491	1	79	0.050703
370898.4192	193116.2731	185.355315	0.476	1	82	0.049475
370898.1808	193116.2558	185.40657	0.483	1	114	0.048048
370897.9435	193116.2372	185.450271	0.478	1	91	0.047766
370897.7119	193116.2191	185.471451	0.46	1	126	0.048243
370897.4696	193116.1997	185.461222	0.49	1	128	0.048704
370897.2435	193116.1829	185.425348	0.489	1	101	0.048362
370897.0094	193116.1645	185.404446	0.501	1	96	0.05009
370896.7805	193116.1463	185.392155	0.51	1	112	0.04882
370896.5446	193116.1266	185.380186	0.489	1	119	0.049334
370896.2927	193116.1033	185.441116	0.448	1	138	0.050276
370896.0635	193116.0845	185.454687	0.451	1	76	0.050227
370895.8302	193116.0673	185.464936	0.463	1	50	0.049115
370895.6	193116.0494	185.479933	0.461	1	50	0.050452
370895.3681	193116.0294	185.514242	0.448	1	-50	0.046872
370895.1402	193116.0097	185.536769	0.474	1	-50	0.044924
370894.9033	193115.991	185.542488	0.464	1	-58	0.046242
370894.6704	193115.9725	185.540708	0.472	1	-105	0.045969
370894.4411	193115.9555	185.554978	0.491	1	-79	0.048645
370894.2013	193115.9371	185.526902	0.488	1	-132	0.051425
370893.965	193115.9192	185.497048	0.499	1	-112	0.051618
370893.7342	193115.9014	185.490232	0.487	1	-107	0.050794
370893.4895	193115.8842	185.463466	0.476	1	-150	0.053754
370893.2513	193115.8659	185.440098	0.477	1	-207	0.054869
370893.0074	193115.8482	185.427018	0.485	1	-131	0.053529
370892.7639	193115.8295	185.426815	0.504	1	-137	0.056295
370892.5219	193115.8112	185.44001	0.504	1	-155	0.054161
370892.2736	193115.7912	185.454654	0.513	1	-107	0.051341
370892.0344	193115.7725	185.510257	0.5	1	-50	0.049882
370891.782	193115.7524	185.549508	0.514	1	-50	0.051396
370891.5309	193115.7301	185.566603	0.506	1	-50	0.052447
370891.2635	193115.7072	185.570865	0.481	1	108	0.050999
370891.0124	193115.6864	185.53262	0.469	1	96	0.054625
370890.7644	193115.6669	185.510878	0.47	1	92	0.054075
370890.5152	193115.6466	185.473749	0.467	1	106	0.053575
370890.2697	193115.6281	185.434328	0.462	1	99	0.053859
370890.0164	193115.6075	185.402609	0.489	1	86	0.054172
370889.7724	193115.5898	185.401643	0.504	1	94	0.053979
370889.5276	193115.5727	185.425058	0.491	1	88	0.054458
370889.2833	193115.5545	185.447967	0.487	1	67	0.05395
370889.0339	193115.5335	185.491195	0.496	1	83	0.050256
370888.7925	193115.5147	185.539049	0.461	1	161	0.048569
370888.5424	193115.4949	185.558566	0.451	1	95	0.047851
370888.3017	193115.4772	185.574071	0.427	1	140	0.044165
370888.0516	193115.455	185.557295	0.44	1	92	0.04629
370887.8026	193115.4343	185.542791	0.467	1	-50	0.045758
370887.5637	193115.4139	185.563257	0.457	1	50	0.041849
370887.3203	193115.3929	185.550022	0.456	1	-50	0.042902
370887.0624	193115.3708	185.502535	0.48	1	-95	0.04251
370886.8263	193115.3503	185.477407	0.476	1	-103	0.042649
370886.5758	193115.3298	185.466344	0.486	1	-91	0.03953
370886.3375	193115.3105	185.450603	0.486	1	-132	0.042451
370886.0964	193115.2911	185.424073	0.484	1	-95	0.042923
370885.8556	193115.2719	185.410128	0.486	1	-143	0.045352
370885.6233	193115.2535	185.401269	0.482	1	-173	0.046678
370885.3817	193115.2351	185.381571	0.457	1	-171	0.0501
370885.1501	193115.2164	185.378055	0.459	1	-170	0.049358
370884.9127	193115.1989	185.372813	0.475	1	-132	0.051683
370884.6789	193115.1797	185.379063	0.478	1	-169	0.051152
370884.4392	193115.1602	185.415315	0.486	1	-154	0.050574
370884.2	193115.1424	185.441371	0.483	1	-120	0.050717
370883.9598	193115.1247	185.481438	0.507	1	-50	0.050426
370883.7304	193115.1059	185.522178	0.511	1	50	0.048681
370883.4898	193115.0871	185.498007	0.49	1	-50	0.04882
370883.2534	193115.0693	185.453629	0.486	1	0	0.050796
370883.0216	193115.0512	185.426293	0.465	1	50	0.051048
370882.7894	193115.0338	185.353187	0.458	1	-50	0.054114
370882.5478	193115.0172	185.317053	0.473	1	50	0.057832
370882.3158	193114.9995	185.324447	0.485	1	52	0.060248
370882.077	193114.98	185.364842	0.479	1	111	0.052199
370881.8494	193114.9633	185.384763	0.484	1	102	0.05363
370881.6202	193114.9458	185.405658	0.491	1	119	0.051468
370881.3938	193114.9291	185.435102	0.494	1	129	0.051763
370881.1634	193114.9121	185.46065	0.496	1	144	0.050974
370880.9347	193114.8919	185.503765	0.487	1	163	0.045382
370880.7068	193114.8707	185.540496	0.481	1	199	0.044547
370880.4768	193114.8486	185.575113	0.458	1	158	0.042834
370880.2477	193114.8296	185.533405	0.453	1	94	0.045927
370880.0168	193114.8123	185.475915	0.46	1	50	0.048255
370879.7913	193114.7964	185.410246	0.455	1	50	0.051304
370879.5541	193114.7787	185.398373	0.461	1	53	0.050677
370879.329	193114.7624	185.418575	0.474	1	50	0.049898
370879.0802	193114.7465	185.429142	0.477	1	50	0.051233
370878.6221	193114.7498	185.438436	0.471	1	-50	0.04985
370878.354	193114.7332	185.461093	0.485	1	-50	0.049259
370878.1259	193114.7154	185.460207	0.486	1	50	0.047731
370877.9015	193114.6969	185.478574	0.486	1	-60	0.048871
370877.6714	193114.676	185.506205	0.475	1	50	0.045139
370877.4473	193114.657	185.529918	0.458	1	-80	0.046749
370877.2128	193114.6357	185.552049	0.457	1	-60	0.045675
370876.9826	193114.6134	185.585402	0.462	1	-96	0.043514
370876.7572	193114.5909	185.602604	0.466	1	-75	0.043142
370876.5257	193114.5673	185.599498	0.453	1	-147	0.043086
370876.2884	193114.5464	185.51425	0.476	1	-182	0.045025
370876.061	193114.526	185.443203	0.486	1	-193	0.044861
370875.8242	193114.5075	185.372446	0.494	1	-116	0.045248
370875.5853	193114.487	185.343679	0.508	1	-160	0.047779
370875.3515	193114.468	185.326849	0.517	1	-148	0.050612
370875.1264	193114.4496	185.352184	0.505	1	-61	0.049005
370874.885	193114.4275	185.355077	0.497	1	-88	0.051448
370874.6569	193114.409	185.357498	0.499	1	-102	0.051271
370874.4239	193114.3917	185.347203	0.485	1	-69	0.051693
370874.1936	193114.3741	185.343744	0.487	1	-105	0.056091
370873.9537	193114.3559	185.358226	0.48	1	-50	0.051992
370873.7128	193114.3336	185.410066	0.486	1	-50	0.051801
370873.4862	193114.314	185.481402	0.494	1	-50	0.050856
370873.2507	193114.2959	185.505357	0.5	1	0	0.048177
370873.0029	193114.2755	185.513386	0.504	1	95	0.048529
370872.7706	193114.2537	185.48891	0.51	1	54	0.04803
370872.4697	193114.2384	185.438177	0.491	1	74	0.048364
370872.1121	193114.2204	185.433504	0.476	1	172	0.04372
370871.8589	193114.2	185.404928	0.464	1	129	0.047213
370871.6277	193114.1814	185.396737	0.459	1	92	0.046724
370871.3871	193114.162	185.379394	0.457	1	96	0.047337
370871.1543	193114.1437	185.356177	0.472	1	113	0.04973
370870.9247	193114.1246	185.332848	0.474	1	130	0.052324
370870.6946	193114.1053	185.327009	0.486	1	86	0.052105
370870.4605	193114.0852	185.363193	0.483	1	139	0.049444
370870.2287	193114.0661	185.39201	0.486	1	108	0.045383
370870.0044	193114.0472	185.434995	0.499	1	123	0.044865
370869.7785	193114.0278	185.488961	0.486	1	134	0.041762
370869.5533	193114.0081	185.511984	0.471	1	147	0.03992
370869.3292	193113.9879	185.513592	0.461	1	117	0.04051
370869.0994	193113.9691	185.479931	0.458	1	87	0.041062
370868.8687	193113.9499	185.441007	0.441	1	50	0.040978
370868.6499	193113.9322	185.429026	0.439	1	50	0.041036
370868.4193	193113.9146	185.406519	0.455	1	50	0.044697
370868.1919	193113.8973	185.41168	0.475	1	-65	0.04477
370867.9611	193113.8793	185.429761	0.489	1	-53	0.042986
370867.6097	193113.8612	185.43686	0.482	1	-78	0.042245
370867.2104	193113.8417	185.43143	0.502	1	-99	0.042418
370866.9797	193113.8216	185.463676	0.499	1	-88	0.041726
370866.7575	193113.8013	185.465753	0.484	1	-55	0.040595
370866.5303	193113.7787	185.454054	0.469	1	-121	0.041372
370866.3136	193113.7602	185.412777	0.478	1	-101	0.041519
370866.095	193113.7409	185.375385	0.478	1	-151	0.043805
370865.8776	193113.722	185.347081	0.471	1	-204	0.044892
370865.6599	193113.7034	185.301622	0.473	1	-195	0.046192
370865.4392	193113.6857	185.289355	0.493	1	-175	0.051333
370865.2207	193113.6683	185.269919	0.492	1	-155	0.051969
370865.008	193113.6512	185.258491	0.502	1	-133	0.051418
370864.7821	193113.6341	185.278113	0.523	1	-119	0.05285
370864.5709	193113.6176	185.323001	0.513	1	-50	0.051004
370864.352	193113.5999	185.360917	0.526	1	-50	0.050145
370864.0275	193113.5779	185.422284	0.522	1	50	0.047663
370863.5741	193113.5538	185.432765	0.502	1	50	0.047921
370863.3349	193113.5342	185.440588	0.46	1	50	0.048354
370863.1069	193113.5172	185.451691	0.462	1	66	0.046777
370862.8862	193113.4991	185.440216	0.463	1	87	0.045719
370862.669	193113.4816	185.444033	0.48	1	156	0.046012
370862.4659	193113.4637	185.453931	0.485	1	102	0.047071
370862.2461	193113.4427	185.452178	0.491	1	82	0.045355
370862.0292	193113.4243	185.427167	0.503	1	79	0.043128
370861.81	193113.4029	185.420546	0.514	1	102	0.041773
370861.6003	193113.3836	185.406418	0.497	1	151	0.041999
370861.381	193113.3649	185.383611	0.484	1	94	0.041481
370861.1642	193113.3465	185.297201	0.483	1	156	0.044479
370860.9493	193113.3277	185.27127	0.488	1	161	0.046793
370860.7232	193113.3086	185.26475	0.452	1	154	0.043488
370860.2698	193113.2865	185.264362	0.434	1	146	0.045222
370859.9384	193113.2652	185.305115	0.441	1	-50	0.041895
370859.7003	193113.2438	185.326713	0.48	1	-129	0.041425
370859.4882	193113.2265	185.611655	0.478	1	-217	0.062958
370859.2785	193113.2009	186.608306	0.491	1	-448	0.066319
370859.0744	193113.168	188.284402	0.469	1	-171	0.063761
370858.8625	193113.1166	190.233327	0.467	1	-312	0.060917
370858.6672	193113.061	192.479859	0.486	1	-174	0.0531
370858.4729	193112.9896	195.073289	0.535	1	-50	0.037154
370858.2714	193112.9129	197.923027	0.497	1	-204	0.018364
370858.0768	193112.8258	200.639065	0.489	1	-123	0.005194
370857.8743	193112.7145	203.530703	0.511	1	-190	-0.012732
370857.694	193112.5951	206.534815	0.517	1	-50	-0.023404
370857.3929	193112.1453	209.679462	0.514	1	66	-0.040666
370857.2215	193111.9386	212.764125	0.514	0	-664	-0.05394
370857.0715	193111.7624	215.871292	0.484	0	-473	-0.065879
370856.9325	193111.5723	219.079227	0.395	0	-176	-0.085608
370856.8082	193111.3959	222.492515	0.321	0	-497	-0.105817
370856.673	193111.2063	226.140228	0.445	0	-555	-0.135905
370856.5516	193111.0211	229.407466	0.596	0	50	-0.154438
370856.4473	193110.8258	232.668196	0.617	0	69	-0.170182
370856.35	193110.6186	236.13491	0.602	0	-50	-0.186333
370856.2648	193110.4097	239.478348	0.499	0	-100	-0.206108
370856.1818	193110.1805	242.772396	0.429	0	178	-0.219776
370856.1143	193109.959	245.987117	0.475	0	422	-0.240815
370856.0604	193109.7256	249.187839	0.433	0	50	-0.250396
370856.0284	193109.4773	252.72005	0.385	0	-262	-0.267421
370856.3484	193109.1037	256.151109	0.41	0	-431	-0.274859
370856.4006	193108.8649	260.113972	0.537	0	294	-0.293655
370856.4388	193108.6543	264.088997	0.65	0	1000	-0.323187
370856.4818	193108.4218	267.15207	0.571	0	750	-0.366896
370856.5147	193108.1806	269.226752	0.476	0	1000	-0.38974
370856.534	193107.9435	269.696302	0.441	0	567	-0.384043
370856.5359	193107.7285	268.976035	0.451	0	-139	-0.348254
370856.5268	193107.4952	267.486885	0.469	0	-986	-0.271792
370856.5074	193107.264	266.830852	0.502	0	-337	-0.223325
370856.4871	193107.0233	267.236263	0.498	0	-53	-0.192579
370856.4741	193106.7837	268.054744	0.502	0	51	-0.183675
370856.4692	193106.5505	268.985886	0.475	0	138	-0.182175
370856.4699	193106.3074	269.727562	0.493	0	132	-0.17816
370856.4733	193106.0443	270.446378	0.496	0	102	-0.17698
370856.4799	193105.7941	270.944859	0.49	0	86	-0.16585
370856.4878	193105.5312	271.389929	0.495	0	107	-0.159876
370856.4978	193105.2687	271.724993	0.502	0	428	-0.158118
370856.5113	193104.9959	272.002562	0.498	0	358	-0.155353
370856.5227	193104.729	271.904214	0.489	0	95	-0.140284
370856.5328	193104.4575	271.668614	0.467	0	-50	-0.121035
370856.5399	193104.1864	271.678412	0.473	0	132	-0.110793
370856.5496	193103.9139	271.926005	0.467	0	55	-0.100789
370856.562	193103.6292	272.214041	0.432	0	83	-0.094787
370856.5759	193103.3514	272.537239	0.455	0	124	-0.091464
370856.5921	193103.0754	272.808988	0.476	0	74	-0.087372
370856.6101	193102.797	273.057275	0.489	0	290	-0.084287
370856.6309	193102.5052	273.192865	0.483	0	134	-0.08069
370856.6497	193102.2539	273.157488	0.477	0	-64	-0.06659
370856.6659	193102.3449	273.032752	0.474	0	-126	-0.055729
370856.6753	193102.1062	273.007633	0.492	0	-125	-0.044545
370856.6903	193101.8504	273.122639	0.482	0	50	-0.042593
370856.7072	193101.5973	273.334014	0.476	0	-50	-0.042966
370856.7275	193101.3188	273.456769	0.476	0	-112	-0.041127
370856.744	193101.0422	273.580887	0.494	0	-50	-0.040223
370856.7636	193100.7518	273.717266	0.495	0	-62	-0.035662
370856.7809	193100.4697	273.820821	0.491	0	-96	-0.029849
370856.7971	193100.1788	273.878201	0.482	0	-87	-0.02367
370856.816	193099.8877	273.936941	0.485	0	-64	-0.018856
370856.8345	193099.6069	274.008312	0.484	0	-90	-0.017578
370856.8539	193099.3203	274.064282	0.476	0	-122	-0.015496
370856.8474	193099.3859	274.079274	0.473	0	-111	-0.014534
370856.8622	193099.2077	274.127535	0.476	0	-118	-0.014389
370856.8789	193098.9601	274.193545	0.466	0	-76	-0.011818
370856.8953	193098.7084	274.204844	0.47	0	-100	-0.006256
370856.9133	193098.4511	274.219615	0.47	0	-68	-0.00392
370856.9319	193098.1704	274.246864	0.463	0	-67	-0.00042
370856.951	193097.8879	274.287653	0.461	0	-50	0.003565
370856.9715	193097.5944	274.33925	0.472	0	50	0.007257
370856.9924	193097.3066	274.42245	0.477	0	94	0.007929
370857.0151	193097.0121	274.55039	0.486	0	188	0.007411
370857.0389	193096.7222	274.652786	0.485	0	167	0.007037
370857.0615	193096.4388	274.715616	0.491	0	141	0.007704
370857.0836	193096.1635	274.740307	0.476	0	61	0.010317
370857.0684	193096.2281	274.737989	0.478	0	59	0.011363
370857.0761	193096.0367	274.703728	0.467	0	50	0.013467
370857.0942	193095.7995	274.65909	0.473	0	91	0.015052
370857.1104	193095.5482	274.657082	0.485	0	113	0.015874
370857.1295	193095.2945	274.780903	0.477	0	193	0.014809
370857.1529	193095.0204	274.885051	0.464	0	199	0.015125
370857.1758	193094.7324	274.992314	0.475	0	222	0.020857
370857.2018	193094.4408	275.051047	0.473	0	198	0.017916
370857.2253	193094.159	275.042242	0.497	0	111	0.017472
370857.2478	193093.8769	274.958507	0.491	0	75	0.021646
370857.27	193093.596	274.877335	0.488	0	-50	0.023361
370857.2911	193093.3148	274.834216	0.488	0	-50	0.024524
370857.3165	193093.0324	274.90737	0.485	0	50	0.020628
370857.3361	193092.7839	274.965227	0.489	0	-386	0.019709
370857.313	193092.8856	275.097725	0.485	0	-854	0.0236
370857.3417	193092.6494	275.822149	0.503	0	-375	0.034757
370857.3968	193092.4138	277.556257	0.496	0	-429	0.021716
370857.4651	193092.1792	279.978352	0.441	0	-134	0.003887
370857.5563	193091.9443	282.708062	0.521	0	-94	-0.033566
370857.6555	193091.6974	285.7312	0.495	0	50	-0.064967
370857.7721	193091.4399	288.524275	0.541	0	196	-0.088642
370857.8961	193091.2044	291.155942	0.523	0	706	-0.13152
370858.035	193090.9609	293.502474	0.475	0	-50	-0.145261
370858.1861	193090.7148	295.79212	0.452	0	-148	-0.148183
370858.3417	193090.4825	298.063304	0.413	0	-276	-0.148201
370858.4971	193090.2787	300.793693	0.405	0	-411	-0.153111
370858.6958	193090.344	303.792756	0.476	0	-277	-0.163511
370858.9218	193090.3453	306.97765	0.577	0	305	-0.186474
370859.1037	193090.2245	310.173735	0.627	0	-50	-0.199327
370859.3216	193090.1015	314.509512	0.532	0	72	-0.218484
370859.5307	193089.9908	317.88666	0.434	0	50	-0.229557
370859.7316	193089.8774	321.295833	0.457	0	197	-0.238416
370859.9351	193089.7639	324.227132	0.516	0	580	-0.242066
370860.1499	193089.6641	327.074251	0.478	0	-418	-0.247789
370860.3863	193089.5706	329.869842	0.392	0	-100	-0.261426
370860.6242	193089.486	333.391872	0.414	0	-95	-0.264678
370860.8485	193089.426	336.812359	0.555	0	50	-0.272643
370861.0614	193089.3806	340.165956	0.63	0	-121	-0.278276
370861.2852	193089.3532	343.552585	0.582	0	-364	-0.281345
370861.5272	193089.3337	346.915569	0.445	0	-104	-0.29264
370861.7788	193089.3314	350.228396	0.384	0	593	-0.317726
370862.0481	193089.6775	353.414623	0.453	0	1000	-0.347389
370862.2763	193089.7732	356.102795	0.491	0	643	-0.38418
370862.504	193089.8129	358.119188	0.517	0	975	-0.400813
370862.7472	193089.8368	359.118821	0.509	0	560	-0.400339
370862.9847	193089.8233	358.249736	0.447	0	-166	-0.356601
370863.2252	193089.8027	357.066337	0.473	0	-892	-0.29614
370863.4523	193089.7791	356.736819	0.501	0	-263	-0.247041
370863.6923	193089.7604	357.182224	0.467	0	-82	-0.226196
370863.9492	193089.7486	357.907046	0.425	0	-108	-0.215491
370864.1994	193089.7417	358.563256	0.464	0	105	-0.205398
370864.4651	193089.741	359.248061	0.497	0	50	-0.202428
370864.7348	193089.7451	359.879448	0.517	0	50	-0.199115
370865.0046	193089.751	0.406299	0.51	1	276	-0.196549
370865.2889	193089.761	0.718801	0.466	1	70	-0.189143
370865.5672	193089.769	0.879727	0.461	1	50	-0.178192
370865.8505	193089.7788	0.996991	0.468	1	-65	-0.164294
370866.1422	193089.7886	1.071269	0.464	1	-58	-0.152097
370866.438	193089.797	1.128065	0.475	1	-90	-0.13603
370866.7388	193089.8061	1.288958	0.496	1	-50	-0.125537
370867.031	193089.8154	1.514919	0.501	1	-68	-0.117722
370866.965	193089.8531	1.728367	0.495	1	-50	-0.10867
370867.1369	193089.8705	1.95676	0.502	1	50	-0.102728
370867.3784	193089.8837	2.146735	0.491	1	50	-0.098024
370867.6349	193089.8985	2.323637	0.476	1	64	-0.095376
370867.8797	193089.9103	2.502058	0.468	1	50	-0.088363
370868.1606	193089.9261	2.646095	0.472	1	-96	-0.08461
370868.4591	193089.9419	2.749587	0.487	1	-124	-0.078098
370868.7603	193089.9588	2.822995	0.487	1	-142	-0.072251
370869.0757	193089.975	2.8854	0.479	1	-123	-0.066997
370869.3889	193089.9922	2.953339	0.506	1	-123	-0.058407
370869.7004	193090.0096	3.033398	0.502	1	-116	-0.052973
370870.0156	193090.027	3.142733	0.506	1	-92	-0.048952
370869.8165	193090.0261	3.267083	0.502	1	-80	-0.043311
370870.0454	193090.0389	3.363804	0.519	1	-50	-0.039791
370870.2919	193090.0551	3.486614	0.494	1	-50	-0.037073
370870.536	193090.071	3.587029	0.481	1	50	-0.035207
370870.7902	193090.0891	3.658851	0.472	1	-50	-0.032633
370871.0451	193090.1046	3.673296	0.472	1	50	-0.029305
370871.3535	193090.1248	3.705716	0.477	1	50	-0.026419
370871.687	193090.1446	3.726256	0.481	1	50	-0.022726
370872.0046	193090.1639	3.748634	0.483	1	57	-0.019827
370872.3286	193090.1834	3.774474	0.5	1	50	-0.016119
370872.6432	193090.2041	3.857644	0.49	1	55	-0.015751
370872.8721	193090.2216	3.969071	0.511	1	77	-0.017698
370872.7353	193090.2159	4.077939	0.519	1	98	-0.016879
370872.9615	193090.2334	4.159444	0.517	1	107	-0.016986
370873.2164	193090.2554	4.232642	0.495	1	144	-0.018856
370873.4626	193090.2735	4.2387	0.492	1	124	-0.015698
370873.7015	193090.2922	4.224858	0.474	1	126	-0.015197
370873.9564	193090.313	4.220638	0.477	1	133	-0.014563
370874.2651	193090.3365	4.20303	0.459	1	68	-0.011842
370874.5812	193090.3595	4.187793	0.463	1	100	-0.009693
370874.9091	193090.3839	4.189177	0.48	1	50	-0.008978
370875.2064	193090.4083	4.222882	0.494	1	50	-0.010349
370875.5114	193090.4302	4.21748	0.505	1	84	-0.010678
370875.8143	193090.4521	4.259166	0.491	1	50	-0.007965
370875.625	193090.4438	4.329085	0.487	1	52	-0.008299
370875.8671	193090.4624	4.383722	0.477	1	50	-0.008727
370876.11	193090.4827	4.425355	0.46	1	-50	-0.00835
370876.3565	193090.504	4.448442	0.455	1	-82	-0.010484
370876.6017	193090.5265	4.427967	0.489	1	-50	-0.016301
370876.8645	193090.5426	4.387853	0.466	1	-159	-0.010897
370877.1682	193090.5656	4.388987	0.49	1	-122	-0.011693
370877.4715	193090.5866	4.408614	0.516	1	-138	-0.012008
370877.7652	193090.6118	4.415109	0.499	1	-169	-0.01071
370878.0759	193090.6328	4.346961	0.508	1	-187	-0.007092
370878.3707	193090.6533	4.310525	0.501	1	-134	-0.005718
370878.6778	193090.6756	4.288813	0.505	1	-152	-0.005541
370878.8968	193090.6935	4.291643	0.517	1	-156	-0.00248
370878.7761	193090.69	4.299048	0.518	1	-144	-0.002827
370879.0216	193090.7066	4.284514	0.503	1	-109	-0.002714
370879.2711	193090.7246	4.251509	0.47	1	-143	-0.000501
370879.512	193090.7468	4.266104	0.46	1	-97	-0.004297
370879.7604	193090.7673	4.301568	0.49	1	-50	-0.004967
370880.0354	193090.7905	4.355947	0.487	1	50	-0.007209
370880.3259	193090.8132	4.427163	0.507	1	-50	-0.006564
370880.6353	193090.8381	4.447777	0.493	1	50	-0.008502
370880.9246	193090.8599	4.42882	0.492	1	84	-0.008441
370881.23	193090.8816	4.401167	0.501	1	90	-0.008575
370881.5319	193090.9049	4.395377	0.505	1	68	-0.007157
370881.8347	193090.9262	4.363335	0.484	1	50	-0.006865
370881.8681	193090.9272	4.335495	0.48	1	66	-0.005051
370881.9399	193090.9315	4.337671	0.462	1	91	-0.002557
370882.1851	193090.9499	4.373177	0.463	1	116	-0.003653
370882.4264	193090.966	4.368641	0.48	1	83	-0.001761
370882.671	193090.9834	4.382049	0.481	1	91	-0.00071
370882.928	193091.0011	4.420111	0.466	1	122	0.000145
370883.2143	193091.0277	4.494143	0.477	1	167	-0.002094
370883.5243	193091.0552	4.527742	0.502	1	166	-0.008839
370883.8287	193091.0808	4.552119	0.509	1	118	-0.01013
370884.1356	193091.1088	4.523104	0.488	1	119	-0.008617
370884.4411	193091.1332	4.459694	0.498	1	124	-0.007288
370884.7609	193091.1574	4.401949	0.508	1	111	-0.005117
370884.7929	193091.1583	4.36961	0.448	1	92	-0.002703
370884.8514	193091.1643	4.386073	0.468	1	50	-0.003771
370885.0894	193091.1828	4.407001	0.457	1	83	-0.005295
370885.3301	193091.2028	4.453034	0.453	1	66	-0.006695
370885.5838	193091.2273	4.522086	0.481	1	53	-0.008757
370885.8225	193091.2471	4.523079	0.483	1	50	-0.009956
370886.1147	193091.2667	4.512889	0.483	1	-50	-0.008748
370886.4305	193091.2917	4.499226	0.489	1	-69	-0.008261
370886.7323	193091.3139	4.470906	0.502	1	-70	-0.007962
370887.0373	193091.338	4.473372	0.493	1	-121	-0.008355
370887.3486	193091.3604	4.436993	0.509	1	-138	-0.006781
370887.6555	193091.3829	4.409833	0.488	1	-123	-0.004277
370887.9074	193091.4024	4.398488	0.477	1	-158	-0.003833
370887.7444	193091.3921	4.414365	0.461	1	-116	-0.004128
370887.9873	193091.4107	4.413625	0.456	1	-190	-0.00118
370888.2198	193091.4332	4.445978	0.47	1	-183	-0.005481
370888.4746	193091.4526	4.431321	0.484	1	-141	-0.00336
370888.7319	193091.4727	4.416004	0.508	1	-183	-0.0011
370888.9989	193091.493	4.414247	0.507	1	-135	0.000697
370889.2974	193091.5146	4.387177	0.511	1	-103	0.002487
370889.6045	193091.5399	4.394414	0.514	1	-98	0.003943
370889.9111	193091.5637	4.397741	0.515	1	-50	0.003655
370890.2084	193091.585	4.418748	0.497	1	-50	0.004394
370890.5162	193091.609	4.453427	0.478	1	-50	0.003963
370890.8176	193091.6351	4.47235	0.479	1	-50	0.003986
370890.8323	193091.6348	4.484162	0.48	1	50	0.005075
370890.9079	193091.6418	4.513021	0.473	1	115	0.001698
370891.1472	193091.6571	4.537699	0.47	1	86	0.002354
370891.398	193091.6751	4.548135	0.48	1	115	0.003667
370891.6279	193091.6944	4.562739	0.512	1	89	0.003152
370891.8896	193091.7145	4.591803	0.505	1	82	0.001766
370892.1794	193091.7362	4.578401	0.503	1	85	0.001986
370892.4731	193091.7587	4.569398	0.515	1	134	0.000192
370892.77	193091.785	4.57521	0.515	1	133	-0.001638
370893.0691	193091.8105	4.583987	0.515	1	110	-0.000558
370893.3596	193091.8324	4.591486	0.492	1	153	-0.00078
370893.6582	193091.8565	4.570567	0.488	1	179	-0.00076
370893.9483	193091.8809	4.575957	0.469	1	177	-0.002547
370893.8768	193091.8742	4.552729	0.466	1	136	-0.001393
370894.0494	193091.8876	4.548524	0.458	1	83	-0.000512
370894.2968	193091.9071	4.536252	0.496	1	134	-0.000433
370894.5407	193091.9277	4.535714	0.473	1	65	0.000188
370894.7958	193091.9505	4.53195	0.5	1	90	-0.001537
370895.0569	193091.968	4.546246	0.522	1	89	0.002092
370895.338	193091.9895	4.533019	0.504	1	50	0.002481
370895.6398	193092.0135	4.574982	0.488	1	-50	0.001096
370895.9286	193092.0366	4.610988	0.461	1	-50	0.000677
370896.2111	193092.0597	4.621541	0.459	1	-50	-0.00128
370896.5011	193092.083	4.672454	0.463	1	-50	-0.000298
370896.7954	193092.1064	4.702959	0.476	1	-54	-0.00155
370897.0683	193092.1281	4.690101	0.482	1	-97	-0.00312
370897.2828	193092.1468	4.662885	0.496	1	-129	0.000476
370897.2014	193092.1382	4.613265	0.5	1	-154	0.000972
370897.4422	193092.1563	4.557704	0.517	1	-162	0.003471
370897.6811	193092.1741	4.506625	0.508	1	-141	0.004511
370897.9369	193092.19	4.49226	0.515	1	-141	0.005545
370898.2083	193092.2155	4.510703	0.494	1	-153	0.0051
370898.4854	193092.2386	4.541441	0.501	1	-178	0.006212
370898.7776	193092.2622	4.562815	0.494	1	-159	0.006022
370899.0585	193092.285	4.578804	0.469	1	-111	0.005827
370899.3409	193092.3071	4.585656	0.45	1	-87	0.006742
370899.6202	193092.3307	4.610571	0.467	1	-72	0.005629
370899.9058	193092.3555	4.649713	0.481	1	-50	0.004767
370900.185	193092.3785	4.645509	0.499	1	-75	0.003846
370900.4671	193092.4017	4.63069	0.505	1	-50	0.003559
370900.5429	193092.4051	4.574476	0.51	1	50	0.005691
370900.6028	193092.4062	4.528787	0.517	1	50	0.008196
370900.8492	193092.421	4.490044	0.514	1	50	0.012926
370901.0864	193092.4386	4.471402	0.502	1	50	0.011966
370901.3512	193092.4589	4.481867	0.504	1	68	0.012087
370901.6253	193092.4795	4.591716	0.484	1	113	0.009473
370901.9176	193092.5026	4.671202	0.479	1	173	0.003654
370902.1917	193092.5259	4.702695	0.456	1	113	0.002094
370902.4748	193092.5507	4.71755	0.473	1	76	5.9E-05
370902.7614	193092.5731	4.667842	0.488	1	128	0.00333
370903.04	193092.5945	4.599763	0.5	1	97	0.007913
370903.3224	193092.6176	4.560251	0.497	1	100	0.008854
370903.6037	193092.6398	4.553059	0.499	1	119	0.009834
370903.6174	193092.6384	4.588923	0.505	1	142	0.009441
370903.7564	193092.6512	4.633964	0.503	1	104	0.006737
370903.9989	193092.6732	4.659225	0.492	1	170	0.003115
370904.2514	193092.6931	4.692632	0.486	1	150	0.002225
370904.5148	193092.7188	4.744262	0.456	1	180	0.000588
370904.7784	193092.7415	4.730335	0.457	1	52	-7.2E-05
370905.0738	193092.7658	4.728128	0.457	1	50	-0.001433
370905.3555	193092.7896	4.682077	0.497	1	50	0.000431
370905.628	193092.8107	4.602454	0.469	1	-50	0.001851
370905.9139	193092.831	4.557451	0.479	1	-50	0.005854
370906.197	193092.8531	4.557067	0.507	1	-52	0.007824
370906.4783	193092.8728	4.590974	0.491	1	-57	0.006281
370906.7417	193092.8934	4.628371	0.507	1	-50	0.002724
370906.943	193092.9067	4.648049	0.502	1	-50	0.004239
370906.8862	193092.9036	4.711867	0.487	1	-71	0.001239
370907.1452	193092.922	4.75008	0.475	1	-117	0.002368
370907.3743	193092.9459	4.803177	0.464	1	-61	5.8E-05
370907.6454	193092.9671	4.77034	0.458	1	-95	0.000721
370907.9249	193092.9875	4.689021	0.472	1	-131	0.001797
370908.1981	193093.01	4.625718	0.476	1	-134	0.005971
370908.4782	193093.0313	4.549942	0.506	1	-207	0.012447
370908.7571	193093.0535	4.510535	0.503	1	-166	0.012603
370909.028	193093.074	4.509493	0.496	1	-198	0.015003
370909.3147	193093.0954	4.512093	0.514	1	-133	0.015599
370909.5822	193093.1168	4.585597	0.515	1	-139	0.011697
370909.8608	193093.1385	4.65221	0.506	1	-73	0.011349
370910.1276	193093.1609	4.707177	0.499	1	-55	0.009719
370910.2114	193093.1668	4.728347	0.482	1	-55	0.009392
370910.2899	193093.1729	4.731107	0.471	1	-50	0.010378
370910.5335	193093.193	4.732013	0.449	1	-50	0.008917
370910.7859	193093.2107	4.712825	0.473	1	-56	0.010207
370911.0505	193093.2318	4.701334	0.478	1	50	0.009394
370911.3216	193093.2524	4.674088	0.507	1	50	0.009053
370911.608	193093.2748	4.658932	0.505	1	68	0.009534
370911.8878	193093.2952	4.643321	0.502	1	61	0.01155
370912.1613	193093.316	4.62496	0.494	1	50	0.012661
370912.4409	193093.3369	4.622494	0.521	1	50	0.013777
370912.7302	193093.3595	4.626651	0.473	1	92	0.016813
370913.0075	193093.3805	4.651354	0.479	1	115	0.015746
370913.2832	193093.4034	4.720601	0.473	1	159	0.012791
370913.5455	193093.4262	4.787952	0.464	1	191	0.012718
370913.4397	193093.414	4.849499	0.483	1	196	0.012099
370913.6677	193093.4327	4.851016	0.47	1	146	0.011803
370913.9238	193093.4535	4.836003	0.483	1	146	0.011806
370914.1762	193093.4752	4.812174	0.503	1	54	0.011485
370914.4493	193093.4996	4.809928	0.498	1	124	0.012072
370914.7249	193093.5227	4.775772	0.505	1	80	0.010832
370915.017	193093.5464	4.763272	0.499	1	50	0.011641
370915.286	193093.5671	4.76593	0.494	1	77	0.012291
370915.5695	193093.5888	4.791076	0.491	1	-50	0.012899
370915.8522	193093.6115	4.823114	0.476	1	-50	0.014382
370916.1305	193093.634	4.840471	0.467	1	50	0.012372
370916.415	193093.658	4.86662	0.468	1	-50	0.011382
370916.7044	193093.6802	4.875129	0.471	1	-50	0.011478
370916.7165	193093.6782	4.870637	0.482	1	-50	0.011988
370916.8275	193093.6876	4.87468	0.495	1	-74	0.00967
370917.07	193093.7049	4.825672	0.496	1	-809	0.010002
370917.3254	193093.722	4.796773	0.507	1	-1000	0.033799
370917.5739	193093.7532	5.889325	0.467	1	-158	0.049235
370917.8428	193093.7987	7.526849	0.47	1	-343	0.047533
370918.1127	193093.8629	9.937831	0.492	1	-352	0.036316
370918.3878	193093.9455	12.4859	0.544	1	-50	0.028041
370918.6566	193094.0447	15.231389	0.491	1	-78	0.004821
370918.9118	193094.1601	17.476085	0.501	1	-185	-0.009031
370919.1779	193094.2868	20.258617	0.537	1	-115	-0.019973
370919.43	193094.4341	23.69677	0.587	1	-148	-0.045677
370919.1844	193094.703	27.073033	0.528	1	-181	-0.063011
370919.3347	193094.8763	30.064796	0.449	1	185	-0.077444
370919.4884	193095.0607	33.208275	0.498	1	233	-0.096877
370919.636	193095.2584	36.367893	0.51	0	50	-0.118553
370919.7593	193095.4553	39.781156	0.446	0	-168	-0.138503
370919.8821	193095.6621	43.136006	0.362	0	-375	-0.156584
370920.0065	193095.8597	46.658602	0.421	0	-487	-0.173659
370920.1109	193096.0447	50.002101	0.592	0	-210	-0.196558
370920.2169	193096.2438	53.165305	0.642	0	-165	-0.211573
370920.3023	193096.4318	56.894693	0.551	0	52	-0.236017
370920.3875	193096.6503	60.458825	0.384	0	-50	-0.25163
370920.4584	193096.8755	63.840856	0.417	0	243	-0.267622
370920.5193	193097.1071	67.299998	0.426	0	312	-0.277173
370920.5617	193097.3455	70.598335	0.456	0	50	-0.290784
370920.5829	193097.5764	73.949405	0.464	0	-572	-0.305342
370920.5799	193097.8281	77.348443	0.433	0	199	-0.326582
370920.2278	193098.1488	80.590274	0.528	0	381	-0.33775
370920.1879	193098.3755	83.835177	0.59	0	765	-0.355618
370920.1489	193098.5999	86.153322	0.548	0	323	-0.389434
370920.117	193098.8455	87.624827	0.503	0	828	-0.396857
370920.1035	193099.0865	88.728685	0.458	0	541	-0.395572
370920.1044	193099.3212	88.516782	0.478	0	50	-0.359039
370920.1166	193099.5549	87.537857	0.473	0	-973	-0.297282
370920.1353	193099.8062	86.985961	0.441	0	-328	-0.249798
370920.153	193100.0446	87.343842	0.454	0	-144	-0.229283
370920.1649	193100.2775	87.921388	0.453	0	-50	-0.208523
370920.1722	193100.5348	88.605953	0.504	0	50	-0.205801
370920.1758	193100.7977	89.310268	0.528	0	50	-0.199609
370920.1741	193101.0917	89.969182	0.532	0	98	-0.193521
370920.1662	193101.39	90.513999	0.5	0	91	-0.193178
370920.158	193101.6989	91.000793	0.497	0	397	-0.193946
370920.1454	193102.0127	91.404268	0.497	0	309	-0.187355
370920.13	193102.3576	91.343608	0.487	0	-50	-0.174336
370920.1188	193102.7003	90.995904	0.483	0	-263	-0.152861
370920.0976	193102.7626	90.918229	0.472	0	-50	-0.137367
370920.0745	193102.7386	91.131844	0.476	0	50	-0.125915
370920.0574	193102.9832	91.49147	0.5	0	50	-0.120555
370920.0424	193103.2148	91.846409	0.49	0	50	-0.117192
370920.0223	193103.4606	92.182927	0.486	0	50	-0.117354
370920.0046	193103.7132	92.510682	0.494	0	335	-0.115617
370919.98	193103.9689	92.705274	0.51	0	32	-0.116048
370919.9695	193104.2898	92.606711	0.499	0	-224	-0.103573
370919.9559	193104.7165	92.402537	0.478	0	-256	-0.082086
370919.9416	193105.0852	92.42556	0.467	0	-98	-0.076574
370919.9232	193105.4535	92.663828	0.459	0	-112	-0.073216
370919.922	193105.2169	92.92572	0.467	0	-68	-0.069258
370919.9033	193105.4178	93.1859	0.499	0	-61	-0.073552
370919.8894	193105.6509	93.360982	0.486	0	70	-0.069917
370919.8789	193105.9038	93.302228	0.475	0	-135	-0.059924
370919.8738	193106.148	93.10977	0.478	0	-160	-0.048771
370919.8662	193106.3947	93.042284	0.496	0	-130	-0.040329
370919.8508	193106.6326	93.137453	0.486	0	-61	-0.037798
370919.8358	193106.9056	93.345211	0.476	0	50	-0.036688
370919.8155	193107.2017	93.533178	0.475	0	50	-0.037495
370919.7959	193107.495	93.690514	0.481	0	-50	-0.040094
370919.7726	193107.8132	93.820277	0.48	0	77	-0.04053
370919.7453	193108.1287	93.907663	0.485	0	126	-0.040317
370919.7171	193108.456	93.902852	0.474	0	164	-0.0406
370919.6936	193108.7925	93.73647	0.491	0	-50	-0.031348
370919.7126	193108.611	93.601309	0.51	0	-55	-0.020343
370919.7039	193108.8312	93.593091	0.504	0	57	-0.016229
370919.6894	193109.0717	93.75519	0.496	0	226	-0.016708
370919.6677	193109.3176	94.036796	0.493	0	165	-0.020341
370919.6454	193109.5647	94.246543	0.491	0	211	-0.026028
370919.6242	193109.8218	94.393206	0.48	0	177	-0.029709
370919.6015	193110.1138	94.332763	0.49	0	50	-0.030795
370919.5765	193110.4805	94.199688	0.478	0	-50	-0.026217
370919.5518	193110.8481	94.097609	0.486	0	-84	-0.02137
370919.5304	193111.1936	94.000421	0.489	0	-50	-0.015118
370919.515	193111.4325	93.985082	0.487	0	-50	-0.013806
370919.5384	193111.2381	94.054486	0.493	0	50	-0.005367
370919.5131	193111.4763	94.28818	0.493	0	199	-0.009743
370919.4892	193111.7179	94.526908	0.497	0	-974	-0.009653
370919.4579	193111.9659	95.260534	0.465	0	-891	0.004166
370919.4046	193112.1902	97.245997	0.502	0	-596	-0.005732
370919.3021	193112.4355	100.495013	0.523	0	65	-0.035004
370919.1868	193112.6752	103.764299	0.469	0	-141	-0.075564
370919.0679	193112.9493	106.748001	0.537	0	741	-0.118874
370918.9393	193113.2249	109.284546	0.594	0	312	-0.148061
370918.7962	193113.4969	111.638987	0.607	0	-309	-0.158499
370918.665	193113.7154	113.918583	0.54	0	-473	-0.156128
370918.5512	193113.8803	116.230909	0.51	0	-479	-0.156381
370918.4329	193114.0448	118.893998	0.5	0	97	-0.164897
370918.2906	193114.2115	121.805774	0.477	0	-67	-0.177038
370918.0607	193114.2378	125.089544	0.443	0	-149	-0.187677
370917.7908	193114.2341	128.249956	0.452	0	50	-0.206157
370917.5961	193114.3533	131.420675	0.478	0	-248	-0.218052
370917.3967	193114.4671	134.883819	0.512	0	-490	-0.228469
370917.1966	193114.5873	139.909678	0.509	0	394	-0.252427
370916.9833	193114.7069	143.274611	0.61	0	505	-0.277155
370916.7666	193114.815	146.010795	0.602	0	95	-0.277914
370916.5319	193114.9122	149.079071	0.5	0	-272	-0.27519
370916.3072	193114.9916	152.13885	0.352	0	-171	-0.27046
370916.0815	193115.0535	155.341954	0.345	0	-187	-0.277666
370915.8576	193115.1041	158.768698	0.462	0	-263	-0.284416
370915.6368	193115.1397	162.344	0.578	0	-319	-0.288951
370915.4185	193115.1583	165.625164	0.617	0	-145	-0.298172
370915.177	193115.1603	169.189143	0.514	0	50	-0.311314
370914.8891	193114.8042	172.443726	0.512	0	890	-0.343637
370914.6566	193114.7437	175.072117	0.576	0	772	-0.376649
370914.4245	193114.706	176.998124	0.54	0	50	-0.395414
370914.1759	193114.6825	178.279004	0.473	0	1000	-0.393976
370913.9459	193114.6751	179.715659	0.412	0	494	-0.385271
370913.724	193114.6803	179.062714	0.453	0	-308	-0.341155
370913.4948	193114.6952	177.552436	0.447	0	-973	-0.27733
370913.2562	193114.7194	176.603107	0.489	0	-457	-0.222697
370912.9951	193114.7416	177.035026	0.475	0	-83	-0.197432
370912.7573	193114.7536	177.97021	0.49	0	141	-0.190423
370912.5175	193114.7576	179.002574	0.507	0	223	-0.19204
370912.2866	193114.7558	179.780298	0.511	0	50	-0.185675
370912.0408	193114.7491	180.480566	0.502	1	157	-0.184767
370911.8049	193114.7419	180.866465	0.482	1	50	-0.177521
370911.5788	193114.7342	181.091619	0.497	1	-50	-0.166333
370911.3466	193114.7248	181.268787	0.484	1	-50	-0.158162
370911.1138	193114.7138	181.396776	0.481	1	50	-0.14492
370910.8778	193114.7049	181.515041	0.481	1	-50	-0.132666
370910.6508	193114.6964	181.627654	0.482	1	-50	-0.121083
370910.4201	193114.6872	181.704695	0.476	1	-50	-0.109492
370910.194	193114.6786	181.825675	0.469	1	-96	-0.097849
370909.9667	193114.6719	182.007988	0.474	1	-50	-0.08789
370909.7395	193114.6624	182.285389	0.474	1	-50	-0.080192
370909.5147	193114.6522	182.578303	0.481	1	-50	-0.076287
370909.287	193114.6413	182.845485	0.497	1	-50	-0.072535
370909.0592	193114.6306	182.985314	0.506	1	50	-0.064873
370908.8273	193114.6182	183.090612	0.507	1	-84	-0.057151
370908.6066	193114.6061	183.16405	0.51	1	-50	-0.04946
370908.3734	193114.5908	183.231123	0.507	1	-52	-0.044638
370908.1202	193114.5741	183.304616	0.479	1	50	-0.036869
370907.6376	193114.5372	183.406035	0.452	1	114	-0.032065
370907.3658	193114.5199	183.528353	0.453	1	92	-0.024514
370907.1396	193114.5058	183.652149	0.466	1	56	-0.021104
370906.9178	193114.4904	183.746	0.453	1	101	-0.018677
370906.7012	193114.4771	183.862137	0.455	1	87	-0.012847
370906.4838	193114.461	183.982087	0.498	1	127	-0.010649
370906.2668	193114.4464	184.102185	0.517	1	114	-0.011273
370906.0564	193114.4311	184.212356	0.505	1	172	-0.008883
370905.8378	193114.416	184.300038	0.498	1	121	-0.006605
370905.6245	193114.4014	184.380572	0.484	1	101	-0.002638
370905.4156	193114.3855	184.442305	0.479	1	64	0.000872
370905.2012	193114.37	184.493238	0.462	1	55	0.003111
370904.9787	193114.3548	184.541909	0.443	1	50	0.006415
370904.7631	193114.3418	184.566278	0.444	1	50	0.011554
370904.4213	193114.3249	184.583521	0.454	1	50	0.011209
370903.968	193114.3029	184.648407	0.454	1	-50	0.014005
370903.7187	193114.285	184.69345	0.468	1	-50	0.016721
370903.5018	193114.2694	184.759799	0.479	1	-50	0.015377
370903.2808	193114.2502	184.820183	0.491	1	-50	0.014622
370903.069	193114.2319	184.877052	0.496	1	-70	0.014304
370902.828	193114.2121	184.863234	0.493	1	-171	0.020381
370902.6192	193114.1947	184.87298	0.466	1	-194	0.021874
370902.4162	193114.1786	184.854749	0.457	1	-189	0.025327
370902.2073	193114.163	184.836263	0.464	1	-197	0.029139
370902.0013	193114.1466	184.81764	0.482	1	-177	0.030311
370901.7894	193114.131	184.819442	0.472	1	-154	0.03246
370901.5778	193114.1155	184.830131	0.482	1	-123	0.033968
370901.3731	193114.0994	184.903262	0.494	1	-102	0.03523
370900.8446	193114.0674	184.995993	0.515	1	-67	0.035288
370900.5487	193114.0444	185.09097	0.527	1	-50	0.033965
370900.3062	193114.0257	185.111504	0.519	1	50	0.035042
370900.0783	193114.0066	185.104782	0.503	1	0	0.036116
370899.875	193113.9925	185.089667	0.503	1	50	0.035595
370899.6653	193113.976	185.091165	0.487	1	50	0.034696
370899.4594	193113.959	185.096323	0.461	1	50	0.035918
370899.2511	193113.9438	185.116207	0.466	1	70	0.038298
370899.0493	193113.929	185.109848	0.462	1	78	0.039015
370898.8407	193113.9134	185.135384	0.474	1	130	0.038126
370898.63	193113.8967	185.165878	0.504	1	153	0.036277
370898.4248	193113.8801	185.196823	0.506	1	148	0.037991
370898.2131	193113.8608	185.263405	0.484	1	167	0.036736
370897.988	193113.8412	185.293536	0.493	1	157	0.037437
370897.3986	193113.8057	185.300049	0.486	1	169	0.037596
370897.1502	193113.7857	185.279075	0.475	1	112	0.037963
370896.9101	193113.7676	185.25387	0.455	1	134	0.038765
370896.6986	193113.7515	185.232464	0.452	1	153	0.038082
370896.4779	193113.7329	185.224778	0.452	1	168	0.039672
370896.2654	193113.7156	185.258005	0.461	1	199	0.038416
370896.0715	193113.6984	185.292762	0.47	1	62	0.038435
370895.8664	193113.6809	185.312557	0.48	1	85	0.039423
370895.6575	193113.6636	185.326275	0.476	1	54	0.037796
370895.4565	193113.6457	185.332085	0.487	1	79	0.039544
370895.2394	193113.6266	185.345435	0.477	1	-50	0.039348
370895.033	193113.6092	185.373364	0.488	1	-50	0.036879
370894.8232	193113.5931	185.388037	0.486	1	-67	0.038692
370894.339	193113.5606	185.369953	0.476	1	-73	0.039115
370893.9916	193113.5403	185.350803	0.458	1	-146	0.042019
370893.76	193113.524	185.338733	0.456	1	-94	0.043039
370893.511	193113.5054	185.329782	0.455	1	-128	0.04245
370893.3016	193113.4891	185.330491	0.464	1	-186	0.044589
370893.102	193113.4732	185.319069	0.445	1	-156	0.042602
370892.8993	193113.4559	185.320283	0.486	1	-145	0.044939
370892.6682	193113.4346	185.309247	0.51	1	-68	0.046142
370892.4607	193113.416	185.306343	0.512	1	-50	0.045487
370892.2595	193113.3978	185.310726	0.502	1	-52	0.048217
370892.0603	193113.3802	185.302728	0.5	1	-52	0.047669
370891.8537	193113.3637	185.29137	0.47	1	50	0.04879
370891.6529	193113.3466	185.296755	0.462	1	50	0.048054
370891.2256	193113.3199	185.337825	0.476	1	139	0.046782
370890.8202	193113.2913	185.389689	0.475	1	50	0.046514
370890.5772	193113.2755	185.38499	0.479	1	97	0.0502
370890.3439	193113.2566	185.362186	0.483	1	74	0.049914
370890.0996	193113.2371	185.381365	0.501	1	123	0.048796
370889.8967	193113.2191	185.352306	0.497	1	88	0.050389
370889.6931	193113.2018	185.348245	0.483	1	123	0.049181
370889.4889	193113.1848	185.356668	0.464	1	151	0.0477
370889.2767	193113.1653	185.409249	0.438	1	128	0.043071
370889.0645	193113.1511	185.403128	0.436	1	136	0.042598
370888.8552	193113.1316	185.415942	0.437	1	118	0.039676
370888.6524	193113.111	185.455829	0.458	1	70	0.037091
370888.4393	193113.0938	185.424087	0.482	1	50	0.039266
370888.2338	193113.0754	185.408769	0.475	1	50	0.037466
370887.6997	193113.0381	185.40396	0.478	1	-50	0.037807
370887.4215	193113.0166	185.392407	0.491	1	62	0.035651
370887.1787	193112.9969	185.348536	0.506	1	-50	0.03805
370886.9442	193112.9769	185.303744	0.487	1	-50	0.038471
370886.7265	193112.96	185.255643	0.467	1	-50	0.03873
370886.5149	193112.9412	185.265314	0.46	1	-78	0.039879
370886.3049	193112.923	185.280702	0.468	1	-66	0.039741
370886.0923	193112.9046	185.293547	0.477	1	-80	0.039366
370885.8757	193112.8849	185.333173	0.463	1	-134	0.04006
370885.6617	193112.8671	185.351358	0.457	1	-140	0.038507
370885.4427	193112.8485	185.37246	0.484	1	-121	0.039239
370885.2251	193112.8314	185.347927	0.484	1	-168	0.042129
370885.0102	193112.8145	185.329238	0.477	1	-163	0.041708
370884.7896	193112.797	185.311394	0.49	1	-154	0.044454
370884.5697	193112.7797	185.303409	0.501	1	-133	0.044904
370884.1054	193112.7546	185.274882	0.51	1	-129	0.045443
370883.7839	193112.7345	185.262455	0.5	1	-111	0.046492
370883.5441	193112.7136	185.272551	0.498	1	-111	0.046206
370883.3203	193112.696	185.265352	0.486	1	-67	0.04496
370883.0994	193112.6778	185.279876	0.473	1	-50	0.045591
370882.8806	193112.6583	185.286091	0.469	1	-50	0.045285
370882.661	193112.6394	185.287903	0.479	1	50	0.044516
370882.4394	193112.6186	185.311463	0.486	1	89	0.04669
370882.2169	193112.5984	185.334051	0.511	1	54	0.045551
370881.9869	193112.577	185.35109	0.487	1	97	0.047806
370881.7682	193112.5591	185.346029	0.489	1	112	0.047317
370881.5377	193112.5409	185.316732	0.49	1	66	0.046519
370881.3151	193112.5227	185.297209	0.474	1	85	0.04841
370881.0752	193112.5048	185.295045	0.459	1	108	0.051251
370880.8482	193112.4835	185.310602	0.448	1	155	0.048929
370880.6115	193112.4622	185.379234	0.448	1	124	0.047884
370880.3784	193112.4413	185.435844	0.451	1	127	0.048321
370880.1461	193112.4211	185.471464	0.467	1	169	0.045635
370879.9117	193112.4046	185.453367	0.483	1	119	0.048425
370879.6734	193112.3865	185.43093	0.487	1	135	0.048704
370879.2918	193112.3688	185.413699	0.481	1	102	0.043659
370878.9708	193112.3512	185.386025	0.484	1	130	0.044424
370878.7211	193112.3295	185.382604	0.485	1	86	0.042741
370878.4801	193112.3103	185.405948	0.484	1	115	0.039883
370878.2405	193112.2892	185.415793	0.475	1	50	0.040776
370878.0049	193112.2677	185.421005	0.444	1	50	0.039816
370877.7688	193112.2476	185.434512	0.446	1	68	0.04057
370877.5292	193112.2259	185.432068	0.461	1	50	0.040542
370877.2825	193112.2025	185.439013	0.455	1	-50	0.040992
370877.0421	193112.1823	185.444667	0.454	1	-50	0.038804
370876.7851	193112.1601	185.435709	0.481	1	-66	0.039473
370876.5366	193112.1391	185.448512	0.496	1	-50	0.041674
370876.2907	193112.1177	185.453878	0.497	1	-58	0.04289
370876.0461	193112.0964	185.417473	0.472	1	-50	0.043454
370875.7892	193112.0734	185.395158	0.481	1	-165	0.042765
370875.542	193112.054	185.354521	0.498	1	-161	0.048744
370875.2844	193112.0349	185.333372	0.487	1	-212	0.052255
370875.0295	193112.0177	185.336145	0.477	1	-145	0.051318
370874.7726	193111.9997	185.364602	0.457	1	-90	0.051725
370874.5092	193111.9786	185.397177	0.462	1	-117	0.051191
370874.2397	193111.959	185.418185	0.456	1	-178	0.05143
370873.9861	193111.9396	185.469876	0.48	1	-113	0.049899
370873.7242	193111.9154	185.511164	0.488	1	-90	0.049009
370873.4579	193111.8907	185.531267	0.499	1	-134	0.05037
370873.1898	193111.867	185.487673	0.493	1	-96	0.051751
370872.9311	193111.8477	185.413032	0.501	1	-70	0.051185
370872.6653	193111.8252	185.336413	0.508	1	-98	0.05259
370872.4059	193111.8033	185.295809	0.482	1	-86	0.052354
370872.1418	193111.7798	185.27528	0.468	1	-50	0.053759
370871.8772	193111.7572	185.284689	0.479	1	-50	0.054188
370871.6066	193111.734	185.302955	0.463	1	-50	0.052586
370871.5778	193111.7647	185.318199	0.476	1	56	0.053383
370871.4161	193111.7624	185.335835	0.485	1	51	0.050983
370871.1761	193111.7428	185.371734	0.49	1	89	0.050813
370870.9152	193111.7223	185.409579	0.487	1	125	0.050274
370870.6439	193111.6972	185.441094	0.495	1	112	0.050036
370870.381	193111.6738	185.483414	0.494	1	124	0.04901
370870.1132	193111.6505	185.471864	0.493	1	97	0.050609
370869.848	193111.6284	185.473758	0.483	1	93	0.048776
370869.5733	193111.6057	185.460139	0.476	1	132	0.045521
370869.3012	193111.583	185.450065	0.463	1	93	0.044201
370869.0314	193111.5599	185.42593	0.468	1	109	0.046122
370868.7546	193111.5371	185.395042	0.461	1	50	0.045839
370868.4815	193111.5132	185.382122	0.472	1	77	0.044573
370868.2082	193111.4906	185.359421	0.471	1	134	0.043353
370867.9447	193111.4703	185.335606	0.467	1	160	0.042106
370868.0207	193111.4968	185.352661	0.488	1	111	0.040659
370867.7891	193111.4761	185.375211	0.484	1	122	0.039736
370867.5492	193111.4542	185.392881	0.501	1	112	0.037896
370867.2852	193111.4285	185.374269	0.493	1	91	0.035124
370867.0055	193111.4024	185.366479	0.491	1	50	0.034019
370866.7282	193111.378	185.350008	0.481	1	-50	0.034485
370866.4516	193111.3534	185.343622	0.465	1	-50	0.032727
370866.1574	193111.3276	185.338533	0.469	1	-50	0.034582
370865.8862	193111.3045	185.330782	0.461	1	-69	0.033065
370865.6052	193111.2801	185.319022	0.465	1	-76	0.032416
370865.3253	193111.2555	185.288379	0.472	1	-146	0.033221
370865.0415	193111.2327	185.246491	0.486	1	-155	0.036421
370864.7927	193111.2143	185.249234	0.487	1	-129	0.036278
370864.8864	193111.2364	185.262723	0.493	1	-132	0.03649
370864.6594	193111.2202	185.249672	0.472	1	-153	0.036626
370864.3993	193111.2021	185.248256	0.501	1	-148	0.03731
370864.1359	193111.1817	185.232854	0.502	1	-145	0.037481
370863.8695	193111.1597	185.24449	0.503	1	-136	0.036644
370863.5842	193111.1359	185.219907	0.499	1	-121	0.037864
370863.2978	193111.1093	185.206766	0.478	1	-136	0.03624
370863.0133	193111.085	185.199499	0.477	1	-64	0.036525
370862.7287	193111.0603	185.214209	0.484	1	-70	0.038324
370862.4555	193111.0353	185.209511	0.488	1	-95	0.037198
370862.1491	193111.0091	185.192505	0.499	1	-50	0.039538
370861.8626	193110.9831	185.145049	0.51	1	-50	0.040575
370861.6885	193110.9744	185.097609	0.502	1	-50	0.042454
370861.7483	193110.9963	185.077686	0.486	1	50	0.044354
370861.4992	193110.9793	185.07681	0.479	1	50	0.045592
370861.2449	193110.9576	185.105035	0.487	1	72	0.041692
370860.996	193110.9361	185.137964	0.455	1	137	0.042998
370860.7202	193110.9097	185.183042	0.471	1	89	0.040686
370860.433	193110.8833	185.236922	0.46	1	97	0.035876
370860.1486	193110.8583	185.274836	0.476	1	186	0.033502
370859.8628	193110.8324	185.283092	0.48	1	-52	0.032762
370859.5778	193110.8082	185.282148	0.488	1	-537	0.037864
370859.2776	193110.7795	185.776355	0.491	1	-392	0.048681
370858.999	193110.7465	186.895977	0.469	1	-153	0.059367
370858.7248	193110.6995	188.733714	0.48	1	-435	0.044669
370858.8301	193110.608	190.923543	0.481	1	-296	0.03697
370858.6601	193110.505	193.106854	0.477	1	-173	0.022555
370858.4474	193110.3958	195.832838	0.464	1	-50	0.015991
370858.228	193110.2639	198.441322	0.513	1	-199	0.00051
370858.0239	193110.1382	201.179791	0.501	1	-90	-0.012805
370857.8035	193109.9945	204.152248	0.479	1	-55	-0.026856
370857.5748	193109.8345	207.220074	0.465	1	-69	-0.048001
370857.347	193109.6608	210.297589	0.501	0	-374	-0.05584
370857.1399	193109.4852	213.385433	0.518	0	-199	-0.064141
370856.9366	193109.2822	218.389602	0.394	0	-409	-0.09067
370856.7638	193109.0754	221.137659	0.331	0	-242	-0.108187
370856.6013	193108.8592	224.329683	0.488	0	-110	-0.136515
370856.896	193108.6811	227.528618	0.657	0	-50	-0.15197
370856.8195	193108.4693	230.564808	0.655	0	-277	-0.166889
370856.7457	193108.2489	234.059784	0.477	0	99	-0.190586
370856.6748	193108.0205	237.479156	0.38	0	218	-0.203713
370856.616	193107.7906	240.697943	0.438	0	178	-0.215191
370856.5572	193107.5654	243.842815	0.501	0	54	-0.224217
370856.4997	193107.3457	247.122509	0.466	0	-319	-0.231731
370856.448	193107.1041	250.475941	0.361	0	-395	-0.240224
370856.4156	193106.8698	253.854004	0.392	0	-590	-0.252484
370856.4014	193106.6486	257.263893	0.57	0	-108	-0.264372
370856.3968	193106.4189	260.631617	0.714	0	552	-0.28584
370856.4071	193106.1995	263.821151	0.612	0	767	-0.308358
370856.4317	193105.9443	266.723841	0.436	0	538	-0.351672
370856.4669	193105.6937	269.192897	0.35	0	1000	-0.381997
370856.5028	193105.4677	270.066655	0.404	0	651	-0.383723
370856.5271	193105.2593	269.293524	0.493	0	-164	-0.328479
370856.5718	193105.0196	267.859515	0.475	0	-996	-0.274362
370856.6519	193104.7416	267.071618	0.45	0	-253	-0.216515
370856.6537	193104.4903	267.319825	0.488	0	-110	-0.190639
370856.6514	193104.2696	268.124669	0.51	0	119	-0.179701
370856.653	193104.0263	269.063125	0.518	0	266	-0.17735
370856.6578	193103.7836	269.843443	0.472	0	94	-0.176722
370856.666	193103.543	270.614558	0.469	0	131	-0.175516
370856.6766	193103.2978	271.132278	0.464	0	90	-0.173987
370856.6891	193103.0506	271.621236	0.486	0	301	-0.169064
370856.7063	193102.8018	271.730913	0.503	0	125	-0.159315
370856.7174	193102.5458	271.389485	0.496	0	-364	-0.13974
370856.7251	193102.2859	271.291884	0.473	0	-125	-0.113026
370856.735	193102.0166	271.415777	0.445	0	-50	-0.097681
370856.7439	193101.756	271.776164	0.457	0	50	-0.095829
370856.7563	193101.4861	272.148474	0.454	0	104	-0.086079
370856.7702	193101.2102	272.505374	0.463	0	101	-0.082661
370856.7834	193100.9417	272.778163	0.465	0	164	-0.08103
370856.8004	193100.6527	273.05451	0.493	0	257	-0.079078
370856.8174	193100.3692	273.25213	0.501	0	233	-0.077687
370856.8351	193100.0831	273.338483	0.5	0	168	-0.066906
370856.8528	193099.7891	273.344148	0.469	0	-50	-0.056342
370856.8708	193099.4958	273.352311	0.481	0	-50	-0.04967
370856.8757	193099.5198	273.407884	0.464	0	-71	-0.040481
370856.8817	193099.3817	273.519139	0.46	0	-50	-0.032952
370856.8982	193099.1425	273.659467	0.464	0	-50	-0.032379
370856.9136	193098.8951	273.826775	0.488	0	-50	-0.027043
370856.9299	193098.639	273.97203	0.47	0	50	-0.025093
370856.9467	193098.364	274.049817	0.475	0	-50	-0.018282
370856.9652	193098.0697	274.103742	0.464	0	-50	-0.014988
370856.9843	193097.7699	274.166457	0.457	0	50	-0.009022
370857.0034	193097.4851	274.209152	0.474	0	-93	-0.006749
370857.0238	193097.1867	274.242783	0.478	0	-110	-0.002766
370857.0428	193096.9004	274.30858	0.475	0	-102	0.000841
370857.0668	193096.6046	274.414442	0.468	0	-117	0.003097
370857.0876	193096.3147	274.510682	0.495	0	-99	0.004902
370857.0703	193096.4507	274.601851	0.49	0	-65	0.005795
370857.0893	193096.2145	274.713643	0.479	0	-80	0.005061
370857.1061	193095.973	274.711945	0.47	0	-95	0.005091
370857.1232	193095.7261	274.708094	0.475	0	-124	0.01127
370857.1344	193095.4709	274.63449	0.481	0	-152	0.021183
370857.1533	193095.1831	274.635202	0.477	0	-104	0.025312
370857.1765	193094.8732	274.689457	0.465	0	-115	0.027385
370857.1995	193094.571	274.781437	0.474	0	-50	0.031049
370857.2241	193094.2694	274.928965	0.461	0	-50	0.029427
370857.2502	193093.973	275.067293	0.49	0	0	0.026081
370857.2781	193093.6403	275.185236	0.472	0	129	0.023705
370857.2971	193093.4154	275.187478	0.493	0	128	0.022987
370857.2758	193093.5253	275.10696	0.47	0	140	0.025698
370857.2917	193093.2791	275.042019	0.493	0	88	0.029471
370857.3051	193093.036	274.946622	0.495	0	-50	0.035189
370857.3192	193092.7947	274.934915	0.481	0	74	0.037554
370857.3352	193092.5375	275.029857	0.483	0	166	0.039413
370857.363	193092.2368	275.19382	0.478	0	166	0.036715
370857.3915	193091.9288	275.384738	0.476	0	297	0.029928
370857.423	193091.6231	275.449694	0.485	0	140	0.026664
370857.4546	193091.3157	275.437779	0.482	0	-50	0.02682
370857.4826	193091.0147	275.316395	0.497	0	50	0.028651
370857.5047	193090.7192	275.153728	0.498	0	50	0.033093
370857.4925	193090.6859	275.055667	0.487	0	-50	0.040367
370857.4831	193090.6257	275.037174	0.498	0	-314	0.04729
370857.5105	193090.3886	275.594866	0.508	0	-604	0.042702
370857.5511	193090.1522	276.878292	0.497	0	-514	0.035872
370857.618	193089.9109	278.89948	0.461	0	78	0.031716
370857.6989	193089.665	281.418163	0.439	0	50	0.002859
370857.7961	193089.3901	284.597551	0.543	0	50	-0.036541
370857.908	193089.1232	287.101173	0.492	0	-159	-0.066179
370858.0353	193088.8515	289.958841	0.487	0	366	-0.09924
370858.1792	193088.5972	292.654704	0.497	0	50	-0.122166
370858.3368	193088.3369	294.874223	0.421	0	-322	-0.131122
370858.4993	193088.0788	297.032256	0.412	0	-428	-0.136381
370858.6637	193088.327	299.403168	0.466	0	-141	-0.145537
370858.839	193088.18	302.340623	0.524	0	-249	-0.153593
370859.0214	193088.0334	305.341695	0.55	0	-124	-0.164075
370859.2002	193087.9072	308.544295	0.54	0	-219	-0.181372
370859.3994	193087.7893	311.897608	0.49	0	-233	-0.197764
370859.6082	193087.6675	315.360665	0.494	0	-231	-0.218047
370859.8066	193087.5445	319.1824	0.509	0	492	-0.242188
370860.0052	193087.4284	322.831865	0.477	0	303	-0.250627
370860.2266	193087.321	326.273465	0.382	0	-50	-0.262615
370860.46	193087.2247	329.254594	0.358	0	-238	-0.26738
370860.6762	193087.1467	331.655704	0.489	0	-250	-0.263724
370860.9162	193087.0667	334.857942	0.64	0	-329	-0.263805
370861.1282	193087.009	338.497972	0.613	0	-50	-0.274401
370861.3433	193086.9712	341.86573	0.525	0	-50	-0.275501
370861.5782	193086.9405	345.274426	0.409	0	-138	-0.276852
370861.8338	193086.9266	348.58395	0.419	0	296	-0.292338
370862.1138	193087.1511	351.848599	0.39	0	795	-0.313921
370862.3569	193087.3432	354.777234	0.465	0	-97	-0.349889
370862.5724	193087.3884	357.124333	0.538	0	271	-0.380066
370862.8082	193087.4177	358.53048	0.518	0	959	-0.390666
370863.0534	193087.4286	0.283345	0.444	0	537	-0.388708
370863.278	193087.4275	358.777025	0.435	0	-410	-0.342155
370863.5107	193087.4087	357.290095	0.486	0	-858	-0.277613
370863.7417	193087.3861	356.620161	0.496	0	-440	-0.216697
370863.992	193087.3635	357.164656	0.507	0	-254	-0.197518
370864.2279	193087.3488	358.174636	0.486	0	178	-0.188992
370864.468	193087.3427	359.081189	0.474	0	243	-0.183499
370864.7404	193087.3464	0.332653	0.484	0	100	-0.186837
370864.9933	193087.354	1.062389	0.493	1	226	-0.184083
370865.2495	193087.3629	1.355059	0.476	1	74	-0.176218
370865.5167	193087.3729	1.687278	0.468	1	0	-0.165916
370865.7846	193087.3836	1.613955	0.471	1	-65	-0.148452
370866.0459	193087.3929	1.612104	0.479	1	-95	-0.138076
370866.3221	193087.4011	1.58028	0.485	1	-83	-0.119629
370866.6003	193087.4111	1.788858	0.485	1	-113	-0.102888
370866.8846	193087.418	1.724859	0.497	1	-50	-0.088382
370867.1736	193087.4282	1.930534	0.492	1	50	-0.081387
370867.4698	193087.4389	2.186254	0.503	1	50	-0.074088
370867.7551	193087.4514	2.448468	0.489	1	-50	-0.067257
370868.0643	193087.4672	2.727479	0.466	1	50	-0.062475
370868.0877	193087.4854	2.996581	0.471	1	68	-0.061407
370868.1657	193087.5032	3.162226	0.479	1	-50	-0.056696
370868.407	193087.5156	3.263844	0.495	1	-78	-0.049749
370868.6603	193087.53	3.35934	0.481	1	-100	-0.042856
370868.9067	193087.5418	3.473934	0.499	1	-61	-0.036398
370869.1774	193087.5571	3.541309	0.5	1	-57	-0.029723
370869.4859	193087.5752	3.627909	0.507	1	-62	-0.024518
370869.7909	193087.5941	3.721795	0.498	1	-98	-0.019468
370870.103	193087.6128	3.798901	0.502	1	-75	-0.013904
370870.4091	193087.6328	3.886145	0.489	1	-90	-0.008275
370870.7226	193087.6508	3.958374	0.491	1	-108	-0.005022
370871.0374	193087.6722	4.081105	0.474	1	-68	0.000931
370870.8328	193087.6532	4.211244	0.468	1	-50	0.00265
370871.0846	193087.6667	4.328213	0.468	1	-50	0.006798
370871.3323	193087.6836	4.400316	0.474	1	50	0.007986
370871.5705	193087.7009	4.48064	0.484	1	50	0.008342
370871.8302	193087.7193	4.51087	0.474	1	64	0.008317
370872.1083	193087.7416	4.547695	0.492	1	89	0.010479
370872.4312	193087.7671	4.584449	0.498	1	103	0.01333
370872.7482	193087.7917	4.627564	0.492	1	140	0.013862
370873.0784	193087.8178	4.679172	0.487	1	99	0.014915
370873.403	193087.8435	4.745115	0.494	1	97	0.017433
370873.7306	193087.8698	4.792004	0.499	1	126	0.019164
370873.5225	193087.8414	4.831451	0.495	1	128	0.019885
370873.7614	193087.8609	4.854393	0.487	1	98	0.018914
370874.0058	193087.8785	4.88924	0.489	1	142	0.021557
370874.2451	193087.9005	4.946406	0.483	1	178	0.019598
370874.4878	193087.9178	4.967976	0.49	1	158	0.02198
370874.7429	193087.936	4.967673	0.506	1	99	0.024864
370875.0591	193087.9646	4.985248	0.505	1	104	0.024858
370875.3838	193087.9894	4.990977	0.49	1	50	0.027012
370875.7099	193088.0139	4.983417	0.502	1	-50	0.030155
370876.0467	193088.0382	4.993358	0.497	1	-50	0.031487
370876.3839	193088.0631	5.037464	0.479	1	50	0.032261
370876.2132	193088.0399	5.120762	0.489	1	-50	0.032547
370876.419	193088.0569	5.196447	0.479	1	50	0.029879
370876.6614	193088.0774	5.229246	0.486	1	50	0.028278
370876.8987	193088.0963	5.272287	0.484	1	50	0.02806
370877.149	193088.118	5.273523	0.492	1	-54	0.03026
370877.4001	193088.1349	5.25168	0.499	1	-51	0.028678
370877.7023	193088.161	5.230788	0.504	1	-94	0.032525
370878.0184	193088.1903	5.227068	0.502	1	-122	0.032745
370878.3594	193088.2189	5.178713	0.494	1	-215	0.039378
370878.6897	193088.2438	5.093487	0.508	1	-161	0.042242
370879.0021	193088.2659	5.068815	0.494	1	-150	0.046229
370879.2592	193088.2879	5.127035	0.484	1	-163	0.043662
370879.0872	193088.2634	5.168421	0.473	1	-128	0.043245
370879.3217	193088.2834	5.21275	0.494	1	-109	0.042634
370879.5704	193088.3049	5.239725	0.478	1	-59	0.039749
370879.8252	193088.3242	5.282944	0.489	1	-79	0.03847
370880.0722	193088.3439	5.272475	0.488	1	-50	0.040173
370880.3339	193088.3634	5.24761	0.504	1	-50	0.040776
370880.6445	193088.3889	5.217333	0.497	1	-50	0.039906
370880.9775	193088.4179	5.20797	0.488	1	50	0.039413
370881.3025	193088.4442	5.164048	0.493	1	-50	0.039345
370881.6292	193088.471	5.144095	0.497	1	-50	0.040354
370881.944	193088.4953	5.152486	0.477	1	50	0.041085
370881.7918	193088.4699	5.136249	0.484	1	50	0.039957
370882.0047	193088.4852	5.153912	0.482	1	63	0.039614
370882.2469	193088.5049	5.207225	0.478	1	111	0.038246
370882.4986	193088.5255	5.255127	0.486	1	106	0.03803
370882.7416	193088.5474	5.296691	0.475	1	147	0.034897
370882.9879	193088.5686	5.302779	0.486	1	130	0.036354
370883.2679	193088.5962	5.318465	0.48	1	185	0.036464
370883.5842	193088.6247	5.296463	0.491	1	139	0.035203
370883.9198	193088.6542	5.274378	0.496	1	125	0.034391
370884.2385	193088.6805	5.235635	0.492	1	64	0.037275
370884.5575	193088.7079	5.201192	0.488	1	50	0.03701
370884.8962	193088.7374	5.198588	0.491	1	50	0.039842
370884.6574	193088.7007	5.208184	0.473	1	55	0.038293
370884.9056	193088.7232	5.240067	0.481	1	110	0.036985
370885.1542	193088.743	5.271812	0.476	1	57	0.036508
370885.395	193088.7613	5.295501	0.472	1	72	0.035082
370885.6454	193088.7791	5.293855	0.483	1	50	0.034495
370885.9159	193088.8003	5.334221	0.502	1	50	0.035104
370886.2401	193088.8285	5.345658	0.505	1	50	0.034909
370886.5743	193088.8572	5.341309	0.499	1	50	0.03345
370886.894	193088.8844	5.329851	0.491	1	-75	0.033279
370887.2316	193088.9132	5.351176	0.484	1	-50	0.032468
370887.553	193088.9402	5.31962	0.464	1	-81	0.032467
370887.3335	193088.9145	5.270013	0.481	1	-129	0.034161
370887.5653	193088.9332	5.245298	0.49	1	-131	0.033859
370887.8045	193088.9542	5.22149	0.493	1	-143	0.03301
370888.0456	193088.973	5.193555	0.478	1	-119	0.035282
370888.3086	193088.9914	5.180193	0.5	1	-134	0.038395
370888.5571	193089.0133	5.170643	0.492	1	-116	0.038618
370888.8536	193089.0375	5.165926	0.508	1	-104	0.039864
370889.171	193089.062	5.135343	0.505	1	-139	0.042025
370889.5016	193089.0893	5.173559	0.513	1	-115	0.040671
370889.8355	193089.1184	5.206883	0.499	1	-173	0.041674
370890.1499	193089.1464	5.224812	0.479	1	-120	0.040643
370890.3738	193089.1646	5.246953	0.483	1	-115	0.041083
370890.2399	193089.1437	5.271446	0.491	1	-50	0.039729
370890.4817	193089.1614	5.273008	0.458	1	-84	0.041464
370890.7223	193089.1786	5.221906	0.47	1	-85	0.04134
370890.9623	193089.1948	5.206712	0.469	1	50	0.039288
370891.2191	193089.2157	5.197863	0.475	1	50	0.039718
370891.4771	193089.2348	5.18933	0.476	1	52	0.040737
370891.796	193089.2615	5.192939	0.485	1	73	0.040869
370892.1339	193089.2898	5.207395	0.507	1	101	0.039747
370892.4671	193089.3169	5.224365	0.506	1	88	0.042938
370892.7839	193089.3445	5.188265	0.485	1	50	0.041444
370893.12	193089.3723	5.173562	0.485	1	99	0.039524
370892.9068	193089.3445	5.176725	0.507	1	73	0.041281
370893.1407	193089.3633	5.184327	0.468	1	80	0.041958
370893.3819	193089.381	5.161617	0.476	1	136	0.040782
370893.6272	193089.4009	5.161661	0.485	1	130	0.041397
370893.8725	193089.421	5.19955	0.48	1	185	0.040479
370894.1293	193089.4442	5.252672	0.491	1	178	0.039216
370894.4502	193089.4754	5.303605	0.491	1	155	0.036204
370894.7726	193089.5038	5.341531	0.507	1	151	0.034593
370895.1201	193089.5365	5.357889	0.489	1	124	0.034786
370895.4413	193089.5645	5.319378	0.486	1	54	0.032675
370895.7633	193089.5926	5.308368	0.477	1	50	0.031199
370895.6152	193089.5677	5.280845	0.483	1	-50	0.03225
370895.8026	193089.5822	5.26303	0.481	1	-50	0.031799
370896.0433	193089.6011	5.232919	0.477	1	-54	0.03142
370896.2822	193089.6205	5.211694	0.482	1	-50	0.031561
370896.5312	193089.6371	5.184562	0.491	1	-50	0.033314
370896.7812	193089.6548	5.17732	0.484	1	-50	0.034101
370897.0655	193089.6776	5.186252	0.509	1	-50	0.032693
370897.3904	193089.7075	5.217447	0.501	1	-65	0.033019
370897.726	193089.7362	5.204351	0.503	1	-71	0.032987
370898.0654	193089.7684	5.256209	0.494	1	-113	0.031349
370898.3849	193089.7979	5.264408	0.487	1	-158	0.030677
370898.6902	193089.8252	5.260102	0.485	1	-144	0.030569
370898.4753	193089.8008	5.239914	0.501	1	-173	0.030848
370898.7241	193089.8215	5.217603	0.483	1	-186	0.032585
370898.961	193089.838	5.180344	0.486	1	-177	0.033676
370899.1985	193089.8567	5.165924	0.498	1	-118	0.034464
370899.4492	193089.8741	5.160565	0.508	1	-118	0.037078
370899.6933	193089.8937	5.157991	0.485	1	-69	0.039263
370900.0134	193089.9164	5.133307	0.485	1	-50	0.041799
370900.3325	193089.9412	5.137693	0.508	1	-50	0.042542
370900.6718	193089.9706	5.101528	0.51	1	-50	0.044265
370900.9989	193089.9976	5.085659	0.518	1	-65	0.04108
370901.3283	193090.0247	5.077479	0.485	1	-50	0.041032
370901.2724	193090.0139	5.102795	0.481	1	50	0.038261
370901.3894	193090.0217	5.135342	0.477	1	50	0.037425
370901.6314	193090.0406	5.163929	0.492	1	50	0.036074
370901.8759	193090.0626	5.184074	0.493	1	129	0.03333
370902.1128	193090.08	5.201829	0.49	1	96	0.034206
370902.3686	193090.1021	5.167092	0.492	1	116	0.033657
370902.6476	193090.1249	5.124698	0.504	1	88	0.034202
370902.9728	193090.1543	5.102138	0.512	1	137	0.033966
370903.3024	193090.1832	5.069813	0.491	1	123	0.033826
370903.6475	193090.213	5.028031	0.478	1	98	0.035092
370903.9775	193090.2401	4.989286	0.488	1	50	0.034715
370904.2217	193090.2615	4.99724	0.489	1	50	0.031252
370904.0584	193090.241	4.980251	0.504	1	73	0.030823
370904.3056	193090.2612	4.991977	0.497	1	50	0.030289
370904.5416	193090.2808	5.018692	0.475	1	55	0.030972
370904.782	193090.3005	5.071056	0.482	1	90	0.03027
370905.0199	193090.3188	5.094292	0.499	1	89	0.028933
370905.285	193090.3388	5.122241	0.497	1	85	0.026653
370905.6147	193090.3673	5.169377	0.5	1	107	0.022309
370905.9407	193090.3973	5.238113	0.509	1	114	0.019735
370906.2674	193090.4276	5.268495	0.478	1	64	0.015144
370906.6062	193090.4571	5.210061	0.491	1	-55	0.016723
370906.9378	193090.4877	5.147688	0.491	1	-87	0.01806
370906.7146	193090.4633	5.070523	0.492	1	-94	0.016534
370906.9519	193090.4795	5.002967	0.482	1	-99	0.020917
370907.2016	193090.4994	4.963806	0.502	1	-136	0.02512
370907.4341	193090.5176	4.943804	0.496	1	-162	0.027797
370907.6925	193090.5362	4.949743	0.49	1	-128	0.027667
370907.9504	193090.5504	4.924783	0.488	1	-122	0.032321
370908.232	193090.5741	4.973698	0.511	1	-57	0.030911
370908.562	193090.603	5.056131	0.512	1	-50	0.025566
370908.9025	193090.6324	5.103681	0.496	1	-63	0.025313
370909.2288	193090.6629	5.186117	0.506	1	-90	0.023677
370909.568	193090.6939	5.231039	0.493	1	-75	0.021765
370909.5485	193090.6894	5.20088	0.487	1	-135	0.022526
370909.6207	193090.6933	5.155905	0.491	1	-145	0.023252
370909.8577	193090.7089	5.112067	0.486	1	-158	0.027162
370910.0988	193090.7283	5.059339	0.492	1	-122	0.028114
370910.3338	193090.7427	5.022389	0.476	1	-81	0.031566
370910.5874	193090.7616	4.992316	0.479	1	-50	0.033653
370910.8528	193090.7798	4.987139	0.483	1	50	0.03549
370911.1714	193090.8033	4.986385	0.489	1	50	0.039747
370911.5111	193090.831	5.024761	0.483	1	94	0.036727
370911.8412	193090.8567	5.063856	0.482	1	77	0.036372
370912.1802	193090.886	5.119869	0.48	1	85	0.039478
370912.4986	193090.9137	5.169868	0.475	1	56	0.035585
370912.2911	193090.8891	5.229417	0.49	1	50	0.034085
370912.5272	193090.9099	5.243246	0.493	1	114	0.033236
370912.7725	193090.9317	5.228	0.489	1	56	0.032898
370913.0083	193090.9497	5.19807	0.484	1	97	0.035655
370913.2553	193090.9682	5.132641	0.478	1	78	0.037662
370913.5054	193090.9867	5.10415	0.493	1	123	0.040022
370913.795	193091.0095	5.084424	0.501	1	183	0.039727
370914.1217	193091.0387	5.104212	0.488	1	169	0.039801
370914.4667	193091.0694	5.162416	0.487	1	173	0.036283
370914.7971	193091.0979	5.215937	0.488	1	136	0.035523
370915.1183	193091.128	5.266749	0.487	1	91	0.035493
370915.2999	193091.1431	5.285344	0.488	1	55	0.034322
370915.1814	193091.1257	5.298103	0.482	1	50	0.033826
370915.4257	193091.1454	5.283593	0.473	1	50	0.031828
370915.6353	193091.1605	5.275935	0.508	1	0	0.031652
370915.9081	193091.1842	5.263099	0.507	1	50	0.031073
370916.16	193091.2032	5.234526	0.491	1	50	0.030751
370916.41	193091.2227	5.218383	0.484	1	50	0.030407
370916.7226	193091.2499	5.231049	0.487	1	50	0.029527
370917.039	193091.2761	5.211945	0.489	1	-50	0.029637
370917.385	193091.3083	5.23427	0.483	1	-50	0.028054
370917.7004	193091.3373	5.198143	0.494	1	-807	0.034577
370918.0334	193091.366	5.723572	0.465	1	-424	0.052785
370918.017	193091.3892	7.058929	0.463	1	-424	0.057138
370918.0704	193091.4543	9.10502	0.532	1	-192	0.055568
370918.2868	193091.5383	11.451094	0.507	1	-50	0.050549
370918.4975	193091.6529	14.113111	0.498	1	-113	0.029967
370918.7099	193091.7815	16.813918	0.537	1	-381	0.005007
370918.9155	193091.9054	19.667289	0.564	1	-135	-0.008747
370919.1361	193092.0461	22.427268	0.571	1	50	-0.023695
370919.4157	193092.2123	25.4595	0.533	1	-149	-0.038964
370919.5789	193092.3372	28.491509	0.512	1	-113	-0.058651
370919.7322	193092.4756	31.620852	0.436	1	57	-0.083315
370919.888	193092.6204	34.694938	0.511	0	-216	-0.094046
370920.0585	193092.7936	37.828533	0.526	0	-306	-0.112219
370920.2121	193092.976	40.924242	0.464	0	-493	-0.131778
370920.3465	193093.1613	44.139058	0.392	0	-197	-0.154952
370920.4794	193093.3666	47.605686	0.431	0	-214	-0.173655
370920.2937	193093.7241	50.787343	0.579	0	-82	-0.190258
370920.3346	193093.9392	53.998369	0.695	0	-357	-0.20326
370920.3949	193094.1541	57.418734	0.542	0	-210	-0.223763
370920.4749	193094.392	61.953821	0.424	0	325	-0.251615
370920.5437	193094.6282	64.959121	0.406	0	191	-0.260495
370920.5974	193094.8489	68.281369	0.483	0	54	-0.267332
370920.6377	193095.078	71.416118	0.463	0	-192	-0.265812
370920.6652	193095.3265	75.345918	0.423	0	-236	-0.275931
370920.6772	193095.5715	78.987612	0.405	0	108	-0.292384
370920.6738	193095.8049	82.584135	0.551	0	756	-0.326687
370920.6561	193096.0269	85.219346	0.616	0	849	-0.363567
370920.6332	193096.2621	87.09881	0.541	0	103	-0.382876
370920.6021	193096.5239	88.29498	0.458	0	957	-0.38287
370920.3261	193096.7843	88.481875	0.409	0	223	-0.373935
370920.3007	193097.0119	87.779759	0.492	0	-908	-0.330555
370920.329	193097.2508	87.030153	0.5	0	-538	-0.277177
370920.3484	193097.5132	87.337161	0.495	0	-134	-0.245518
370920.3549	193097.7367	87.900709	0.551	0	88	-0.231816
370920.3563	193097.99	88.615426	0.529	0	50	-0.224965
370920.3531	193098.2315	89.344693	0.499	0	93	-0.221294
370920.3472	193098.4836	89.961772	0.484	0	114	-0.217851
370920.3363	193098.7653	90.608422	0.475	0	430	-0.217292
370920.3247	193099.0458	91.01719	0.476	0	432	-0.216809
370920.3141	193099.3466	90.856105	0.487	0	-368	-0.196285
370920.3067	193099.6607	90.580712	0.519	0	-299	-0.174148
370920.3024	193099.9876	90.560593	0.519	0	-90	-0.155414
370920.293	193100.334	90.895458	0.515	0	50	-0.15254
370920.2814	193100.6889	91.309757	0.491	0	74	-0.146673
370920.2286	193100.4316	91.764782	0.483	0	83	-0.149269
370920.2107	193100.677	92.156261	0.48	0	364	-0.147567
370920.2043	193100.9093	92.260434	0.476	0	-50	-0.132993
370920.1969	193101.1499	92.115202	0.497	0	-251	-0.122564
370920.194	193101.405	92.018532	0.477	0	-196	-0.107234
370920.183	193101.6517	92.153616	0.487	0	-187	-0.099647
370920.1673	193101.9269	92.443536	0.501	0	-70	-0.096799
370920.1575	193102.1625	92.729265	0.488	0	50	-0.093871
370920.1441	193102.4202	93.008095	0.516	0	70	-0.086767
370920.1272	193102.6816	93.139397	0.516	0	50	-0.084788
370920.1105	193102.9528	93.05592	0.5	0	-142	-0.07416
370920.0947	193103.2461	92.868894	0.487	0	-234	-0.064426
370920.0816	193103.5418	92.806719	0.471	0	-150	-0.051906
370920.0671	193103.8514	92.935142	0.482	0	-55	-0.046205
370920.0485	193104.1728	93.14146	0.473	0	-50	-0.042358
370920.027	193104.5055	93.372602	0.481	0	-50	-0.039502
370920.0235	193104.4596	93.555041	0.483	0	-50	-0.0396
370920.0095	193104.5651	93.735421	0.484	0	83	-0.039652
370919.9911	193104.8077	93.913127	0.502	0	50	-0.035715
370919.9748	193105.0608	93.900691	0.51	0	109	-0.030932
370919.9522	193105.3046	93.821338	0.497	0	130	-0.032407
370919.9354	193105.5729	93.73852	0.52	0	56	-0.024123
370919.9195	193105.8864	93.766886	0.484	0	70	-0.018867
370919.9003	193106.2282	93.855335	0.48	0	126	-0.015377
370919.8769	193106.5887	93.975401	0.465	0	193	-0.017888
370919.856	193106.8881	94.104724	0.465	0	174	-0.017689
370919.8392	193107.1344	94.224634	0.476	0	145	-0.019221
370919.8451	193107.0041	94.272277	0.478	0	131	-0.018571
370919.8272	193107.221	94.258673	0.504	0	114	-0.021386
370919.812	193107.4662	94.246359	0.497	0	117	-0.020806
370919.795	193107.7142	94.241716	0.475	0	69	-0.018222
370919.7771	193107.9563	94.217131	0.495	0	52	-0.011931
370919.7548	193108.2186	94.18312	0.508	0	50	-0.008885
370919.736	193108.5162	94.153825	0.492	0	87	-0.008674
370919.7158	193108.8177	94.183401	0.483	0	50	-0.005369
370919.6951	193109.1368	94.254384	0.468	0	50	-0.006972
370919.668	193109.4805	94.402644	0.458	0	134	-0.015206
370919.6399	193109.8248	94.489209	0.458	0	-1000	-0.006185
370919.6116	193110.1361	95.401647	0.481	0	-656	0.005861
370919.5728	193109.8863	97.575538	0.536	0	-635	-0.002804
370919.4689	193110.1012	100.745033	0.441	0	-108	-0.039087
370919.3366	193110.3081	104.059746	0.54	0	50	-0.085735
370919.2175	193110.5003	107.26743	0.62	0	231	-0.119127
370919.0978	193110.6622	109.726449	0.556	0	368	-0.151785
370918.958	193110.868	112.083517	0.536	0	-320	-0.1653
370918.8264	193111.078	114.33702	0.479	0	-189	-0.160784
370918.696	193111.2836	116.789621	0.438	0	-298	-0.161913
370918.5596	193111.4745	119.590768	0.515	0	-388	-0.169474
370918.4082	193111.6555	122.704922	0.458	0	-362	-0.186684
370918.2535	193111.8241	125.808039	0.534	0	206	-0.211179
370918.0798	193111.9805	129.125575	0.596	0	80	-0.236117
370917.9011	193112.123	132.519947	0.517	0	-176	-0.25057
370917.7009	193112.2588	136.862288	0.451	0	-70	-0.270829
370917.5	193112.3796	140.459079	0.545	0	108	-0.284502
370917.283	193112.4934	143.734077	0.548	0	123	-0.295977
370916.9165	193112.378	146.721791	0.49	0	157	-0.304408
370916.6171	193112.3624	149.780386	0.372	0	-64	-0.298582
370916.3834	193112.4157	152.672845	0.358	0	-164	-0.293612
370916.1452	193112.4663	155.425765	0.41	0	-179	-0.288614
370915.9337	193112.505	158.798073	0.474	0	-233	-0.289623
370915.7225	193112.5329	162.100256	0.545	0	-319	-0.292687
370915.4858	193112.5584	165.552584	0.569	0	-453	-0.301021
370915.2583	193112.5626	169.170486	0.509	0	259	-0.325297
370915.0269	193112.5532	173.292004	0.53	0	1000	-0.35571
370914.796	193112.5352	176.454172	0.564	0	995	-0.386009
370914.5598	193112.5021	178.797127	0.56	0	1000	-0.413497
370914.3332	193112.4675	179.5859	0.499	0	449	-0.408812
370914.103	193112.4515	178.676138	0.426	0	-318	-0.353096
370913.8721	193112.4447	176.990349	0.476	0	-1000	-0.283215
370913.6449	193112.4481	175.889308	0.469	0	-630	-0.230749
370913.407	193112.4578	176.317288	0.55	0	-98	-0.204422
370913.1737	193112.4605	177.406173	0.512	0	66	-0.195067
370912.9395	193112.4572	178.608077	0.47	0	301	-0.196611
370912.7043	193112.4501	179.48843	0.461	0	92	-0.197479
370912.461	193112.4391	180.242714	0.469	0	90	-0.19736
370912.2212	193112.428	180.705629	0.489	1	231	-0.190092
370911.9796	193112.4149	180.978601	0.483	1	137	-0.180237
370911.7392	193112.401	181.121918	0.488	1	52	-0.168459
370911.496	193112.388	181.152431	0.485	1	-50	-0.154006
370911.2563	193112.3757	181.155142	0.502	1	-125	-0.140904
370911.0087	193112.3658	181.133742	0.498	1	-135	-0.129362
370910.7755	193112.3569	181.242591	0.491	1	-55	-0.112269
370910.5386	193112.3468	181.470464	0.48	1	-50	-0.105164
370910.2989	193112.3361	181.723094	0.475	1	50	-0.099418
370910.0537	193112.3233	181.976978	0.483	1	50	-0.096339
370909.8095	193112.3104	182.221111	0.485	1	50	-0.093337
370909.5685	193112.2951	182.437711	0.48	1	66	-0.091364
370909.3278	193112.2797	182.567581	0.48	1	50	-0.085532
370909.0783	193112.2633	182.691785	0.495	1	0	-0.080198
370908.8409	193112.2463	182.804564	0.487	1	-50	-0.074858
370908.5931	193112.2292	182.931477	0.484	1	-50	-0.069909
370908.3556	193112.212	183.062122	0.481	1	-94	-0.064226
370908.1083	193112.1971	183.150626	0.489	1	-117	-0.056855
370907.8722	193112.1795	183.249772	0.48	1	-126	-0.053961
370907.6215	193112.1602	183.351253	0.483	1	-110	-0.05234
370907.3755	193112.1418	183.416313	0.489	1	-114	-0.04276
370907.1325	193112.1249	183.48388	0.497	1	-82	-0.036259
370906.8985	193112.1074	183.571007	0.507	1	-50	-0.032126
370906.6501	193112.0893	183.633712	0.484	1	-50	-0.026696
370906.401	193112.0725	183.708681	0.471	1	0	-0.017251
370906.1684	193112.056	183.769401	0.486	1	-50	-0.012183
370905.917	193112.0393	183.856562	0.475	1	50	-0.008104
370905.6576	193112.0208	184.003859	0.475	1	107	-0.005827
370905.4081	193112.0026	184.118365	0.457	1	61	-0.002337
370905.1607	193111.9838	184.241238	0.472	1	50	-0.003246
370904.9155	193111.9664	184.356022	0.466	1	94	-0.002468
370904.6733	193111.9494	184.456598	0.477	1	163	-0.002418
370904.4265	193111.9302	184.537165	0.48	1	181	-0.000259
370904.1684	193111.9066	184.632203	0.487	1	215	-0.001913
370903.9235	193111.884	184.663453	0.455	1	126	0.001045
370903.6725	193111.8596	184.686522	0.485	1	106	0.005529
370903.43	193111.8427	184.661666	0.487	1	86	0.010784
370903.1828	193111.8224	184.668126	0.477	1	67	0.012898
370902.9251	193111.8023	184.676413	0.472	1	50	0.016083
370902.6784	193111.7833	184.69349	0.466	1	54	0.018645
370902.4274	193111.7633	184.761401	0.472	1	-50	0.020606
370902.1763	193111.7419	184.82984	0.477	1	50	0.020884
370901.9303	193111.722	184.906896	0.485	1	0	0.021575
370901.6662	193111.7003	184.973249	0.48	1	-50	0.022636
370901.413	193111.6796	185.029757	0.49	1	-50	0.02411
370901.1624	193111.6591	185.076654	0.489	1	-50	0.022847
370900.9093	193111.6392	185.096105	0.48	1	-64	0.023847
370900.6585	193111.6205	185.126593	0.484	1	-72	0.025199
370900.3998	193111.6004	185.143629	0.488	1	-99	0.030175
370900.15	193111.5799	185.13113	0.492	1	-149	0.033292
370899.8948	193111.5635	185.094495	0.472	1	-207	0.035413
370899.6421	193111.5463	185.091467	0.475	1	-188	0.037535
370899.3948	193111.527	185.109542	0.496	1	-206	0.039179
370899.1368	193111.5077	185.150215	0.483	1	-170	0.039646
370898.8834	193111.4894	185.16879	0.5	1	-170	0.039847
370898.6227	193111.4671	185.213445	0.496	1	-156	0.041506
370898.3707	193111.4459	185.264445	0.497	1	-106	0.040661
370898.1226	193111.4254	185.279859	0.501	1	-50	0.041633
370897.861	193111.4037	185.270509	0.493	1	-59	0.043792
370897.6095	193111.3834	185.287686	0.493	1	-50	0.044193
370897.3444	193111.3611	185.293751	0.485	1	-50	0.045662
370897.1017	193111.3411	185.276989	0.471	1	-108	0.045829
370896.8455	193111.3202	185.281767	0.487	1	-50	0.046192
370896.5823	193111.2985	185.301376	0.48	1	-50	0.04699
370896.3247	193111.2771	185.305705	0.488	1	-50	0.048103
370896.217	193111.2925	185.307227	0.463	1	50	0.04881
370896.0971	193111.3055	185.319755	0.486	1	73	0.050409
370895.8502	193111.2877	185.33341	0.494	1	113	0.051768
370895.5873	193111.2658	185.346707	0.48	1	108	0.053193
370895.3338	193111.2473	185.367004	0.487	1	144	0.05559
370895.049	193111.2244	185.430813	0.464	1	159	0.050474
370894.7882	193111.2029	185.466359	0.47	1	99	0.048825
370894.533	193111.1802	185.496124	0.467	1	114	0.045874
370894.2745	193111.1585	185.524135	0.47	1	108	0.04312
370894.0127	193111.1334	185.547715	0.478	1	98	0.041767
370893.754	193111.1092	185.562965	0.467	1	50	0.041183
370893.4951	193111.0865	185.545828	0.467	1	57	0.041395
370893.232	193111.0632	185.514402	0.482	1	69	0.041768
370892.9795	193111.0404	185.460314	0.469	1	50	0.044538
370892.7175	193111.018	185.378852	0.481	1	50	0.047617
370892.4676	193110.9964	185.375205	0.473	1	50	0.048689
370892.2046	193110.9734	185.395494	0.492	1	-50	0.049087
370891.9539	193110.9538	185.412279	0.481	1	-50	0.050282
370891.7014	193110.9316	185.461717	0.48	1	-50	0.049499
370891.5935	193110.9395	185.507225	0.453	1	-50	0.046675
370891.472	193110.9406	185.573878	0.468	1	-91	0.046777
370891.2249	193110.9192	185.552539	0.484	1	-157	0.04529
370890.9717	193110.8977	185.525443	0.482	1	-194	0.04567
370890.7105	193110.8756	185.507507	0.479	1	-143	0.043882
370890.4526	193110.8558	185.488052	0.481	1	-119	0.048678
370890.195	193110.8341	185.477102	0.484	1	-54	0.049055
370889.9197	193110.8125	185.463628	0.487	1	-50	0.052268
370889.6576	193110.7903	185.461919	0.491	1	-70	0.052122
370889.3942	193110.7685	185.419981	0.486	1	-97	0.054301
370889.1432	193110.7465	185.403002	0.495	1	-60	0.052592
370888.8814	193110.7244	185.387633	0.482	1	-92	0.053149
370888.6293	193110.7008	185.408529	0.493	1	-103	0.054707
370888.3683	193110.6788	185.421369	0.484	1	-50	0.052292
370888.1136	193110.6598	185.412802	0.517	1	-50	0.055003
370887.8671	193110.6379	185.454763	0.51	1	107	0.051287
370887.6065	193110.6142	185.509784	0.499	1	107	0.054598
370887.3535	193110.5908	185.515148	0.481	1	149	0.055999
370887.102	193110.568	185.5441	0.474	1	164	0.055215
370886.8414	193110.5472	185.571913	0.465	1	155	0.052512
370886.7395	193110.5566	185.583337	0.465	1	50	0.055441
370886.6025	193110.5596	185.598019	0.471	1	127	0.053894
370886.3602	193110.5394	185.590056	0.482	1	183	0.05366
370886.1043	193110.5176	185.569636	0.468	1	146	0.053398
370885.8451	193110.4949	185.513201	0.492	1	74	0.053375
370885.5907	193110.4749	185.455379	0.482	1	52	0.053834
370885.3263	193110.4532	185.450172	0.472	1	50	0.054242
370885.0649	193110.4316	185.457119	0.483	1	77	0.054664
370884.817	193110.4131	185.461406	0.479	1	110	0.055625
370884.559	193110.3922	185.511295	0.48	1	129	0.05503
370884.3069	193110.3696	185.56513	0.471	1	142	0.053173
370884.0548	193110.3468	185.641511	0.488	1	172	0.049938
370883.8036	193110.3252	185.650737	0.465	1	89	0.050251
370883.5419	193110.3002	185.644331	0.477	1	50	0.051687
370883.2931	193110.2779	185.633583	0.471	1	-50	0.050013
370883.0389	193110.2538	185.57065	0.465	1	-70	0.05109
370882.7812	193110.2304	185.545568	0.483	1	-110	0.049699
370882.515	193110.2079	185.507392	0.497	1	-134	0.053203
370882.2579	193110.1861	185.481221	0.498	1	-169	0.052026
370881.9937	193110.1648	185.480402	0.487	1	-107	0.0564
370881.7867	193110.1555	185.507423	0.483	1	-89	0.055034
370881.7745	193110.1806	185.565164	0.488	1	-64	0.050887
370881.5271	193110.1597	185.6169	0.483	1	-50	0.052693
370881.2679	193110.1384	185.637691	0.476	1	-120	0.054429
370881.0096	193110.1182	185.652183	0.483	1	-126	0.056484
370880.7499	193110.0955	185.673869	0.459	1	-86	0.056644
370880.4899	193110.0743	185.627026	0.493	1	-153	0.05599
370880.2233	193110.0521	185.586498	0.49	1	-200	0.057051
370879.9578	193110.0307	185.551823	0.486	1	-196	0.056993
370879.6927	193110.0095	185.562095	0.506	1	-111	0.057516
370879.4329	193109.9873	185.556821	0.503	1	-111	0.056892
370879.1688	193109.9624	185.588971	0.498	1	-67	0.055853
370878.9106	193109.9392	185.609288	0.493	1	-57	0.05661
370878.6496	193109.9153	185.598664	0.482	1	-50	0.055501
370878.4004	193109.8948	185.563545	0.472	1	50	0.056004
370878.1379	193109.8724	185.52341	0.454	1	-50	0.059455
370877.882	193109.8505	185.491418	0.472	1	58	0.060744
370877.6508	193109.83	185.437013	0.475	1	-50	0.060919
370877.6122	193109.856	185.413486	0.48	1	50	0.062245
370877.408	193109.8449	185.430844	0.475	1	-50	0.061313
370877.1624	193109.8252	185.464239	0.463	1	-50	0.058842
370876.9002	193109.802	185.53772	0.484	1	99	0.056845
370876.6527	193109.7805	185.59832	0.498	1	168	0.055913
370876.4005	193109.756	185.664194	0.475	1	70	0.054891
370876.1447	193109.7308	185.69677	0.468	1	199	0.051737
370875.8884	193109.7067	185.710477	0.481	1	135	0.051509
370875.6442	193109.6857	185.681971	0.477	1	91	0.053617
370875.3911	193109.6638	185.620179	0.479	1	-50	0.053406
370875.1372	193109.6438	185.503966	0.477	1	50	0.057588
370874.8992	193109.6248	185.473718	0.457	1	80	0.057464
370874.6518	193109.6045	185.520381	0.475	1	54	0.054431
370874.408	193109.5812	185.57632	0.477	1	51	0.055295
370874.1611	193109.5581	185.618031	0.492	1	111	0.053197
370873.9164	193109.5367	185.633415	0.488	1	50	0.053822
370873.6764	193109.5178	185.66368	0.496	1	89	0.052657
370873.4258	193109.4957	185.700701	0.482	1	117	0.05123
370873.188	193109.4715	185.72494	0.475	1	70	0.050903
370872.958	193109.4489	185.722487	0.474	1	50	0.049381
370872.7126	193109.4262	185.668805	0.464	1	-50	0.051539
370872.4691	193109.4059	185.591711	0.458	1	-50	0.053066
370872.23	193109.3865	185.535491	0.474	1	-161	0.05724
370872.0035	193109.3688	185.499999	0.481	1	-120	0.055727
370871.7663	193109.348	185.528984	0.503	1	-125	0.055858
370871.5267	193109.3283	185.526378	0.496	1	-157	0.055616
370871.2952	193109.3097	185.565684	0.501	1	-198	0.058741
370871.0591	193109.2916	185.612949	0.507	1	-148	0.058118
370870.8261	193109.2737	185.627498	0.485	1	-140	0.059883
370870.5903	193109.256	185.631355	0.488	1	-88	0.059482
370870.3618	193109.2385	185.651805	0.473	1	-86	0.059426
370870.1299	193109.2209	185.666103	0.477	1	-96	0.058305
370869.9013	193109.2035	185.676479	0.48	1	-108	0.05848
370869.6693	193109.1847	185.668672	0.476	1	-138	0.059204
370869.4352	193109.1646	185.615072	0.484	1	-132	0.058617
370869.2064	193109.1459	185.573938	0.486	1	-71	0.057711
370868.9787	193109.1259	185.530888	0.468	1	-110	0.058651
370868.7511	193109.1082	185.514708	0.483	1	-88	0.055986
370868.5273	193109.0893	185.538546	0.494	1	-65	0.055822
370868.2943	193109.0693	185.535944	0.505	1	50	0.057474
370868.0736	193109.0511	185.522313	0.499	1	50	0.058336
370867.8466	193109.0318	185.526005	0.485	1	61	0.059275
370867.6144	193109.0128	185.57621	0.476	1	111	0.058768
370867.3899	193108.9958	185.568174	0.471	1	58	0.058318
370867.1656	193108.9789	185.550723	0.46	1	97	0.058522
370866.9423	193108.962	185.54375	0.463	1	98	0.060182
370866.7212	193108.9439	185.562643	0.467	1	82	0.059244
370866.498	193108.9267	185.568479	0.455	1	-3	0.059407
370866.263	193108.91	185.59495	0.472	1	72	0.05664
370866.0399	193108.893	185.641822	0.492	1	0	0.056604
370865.8094	193108.8753	185.679165	0.495	1	135	0.056029
370865.5866	193108.8583	185.690898	0.487	1	184	0.055661
370865.3584	193108.839	185.693958	0.483	1	126	0.053868
370865.1359	193108.8215	185.676103	0.466	1	220	0.051706
370864.8774	193108.8071	185.604615	0.469	1	144	0.055005
370864.3999	193108.8117	185.554848	0.481	1	93	0.056776
370864.1367	193108.7916	185.544809	0.468	1	76	0.053646
370863.9158	193108.7722	185.555432	0.481	1	88	0.0542
370863.6891	193108.7522	185.584742	0.483	1	69	0.05328
370863.4668	193108.7313	185.582139	0.485	1	50	0.051594
370863.2445	193108.7113	185.590714	0.493	1	-50	0.04857
370863.0294	193108.6925	185.601884	0.492	1	-50	0.050702
370862.8027	193108.6709	185.605008	0.494	1	-50	0.050413
370862.5789	193108.6507	185.611131	0.506	1	-50	0.050583
370862.3528	193108.6298	185.651172	0.483	1	50	0.050486
370862.1295	193108.6101	185.64204	0.483	1	50	0.050194
370861.8979	193108.59	185.667159	0.471	1	-50	0.050511
370861.6832	193108.5708	185.62801	0.481	1	-88	0.05055
370861.4526	193108.5526	185.575471	0.468	1	-158	0.054017
370861.2339	193108.5327	185.551709	0.476	1	-200	0.054523
370861.0055	193108.514	185.479246	0.493	1	-156	0.054387
370860.786	193108.498	185.437287	0.491	1	-186	0.055982
370860.5554	193108.4798	185.39163	0.504	1	-402	0.058011
370860.1059	193108.4641	185.39665	0.5	1	-843	0.060239
370859.7953	193108.4414	185.929236	0.512	1	-291	0.077176
370859.5672	193108.4099	187.045399	0.491	1	-405	0.082469
370859.3503	193108.3632	188.862096	0.454	1	-272	0.072364
370859.142	193108.307	190.896556	0.444	1	-164	0.066084
370858.9432	193108.2461	193.242318	0.486	1	-171	0.054166
370858.7393	193108.1713	195.97857	0.47	1	161	0.043504
370858.5426	193108.0841	198.547546	0.492	1	-139	0.027275
370858.3449	193107.9878	201.309437	0.493	1	-123	0.018247
370858.153	193107.8748	204.256904	0.521	1	-50	-0.001828
370857.9698	193107.7537	207.226903	0.498	1	-132	-0.02433
370857.7944	193107.6216	210.26333	0.472	1	-114	-0.033927
370857.6198	193107.462	213.588716	0.484	0	-703	-0.051709
370857.4355	193106.9376	217.856632	0.596	0	-373	-0.077573
370857.3067	193106.7479	221.304675	0.56	0	-241	-0.099812
370857.1875	193106.554	224.78358	0.584	0	-132	-0.113965
370857.0699	193106.3432	228.020876	0.434	0	-229	-0.126519
370856.9437	193106.125	231.551663	0.329	0	-116	-0.150317
370856.8411	193105.9232	234.941048	0.429	0	301	-0.179433
370856.7491	193105.7175	238.192254	0.519	0	253	-0.200373
370856.6786	193105.5147	241.214556	0.559	0	-396	-0.211716
370856.6068	193105.2893	244.143232	0.492	0	-376	-0.218092
370856.5453	193105.0593	247.278955	0.494	0	-170	-0.224062
370856.5006	193104.8302	250.270795	0.554	0	-150	-0.232546
370856.4703	193104.6196	253.402505	0.598	0	176	-0.231253
370856.4442	193104.3742	256.686295	0.491	0	-306	-0.224973
370856.438	193104.1303	259.853275	0.367	0	72	-0.24129
370856.6537	193103.8285	263.146852	0.344	0	716	-0.275624
370856.8306	193103.552	266.16525	0.458	0	1000	-0.31757
370856.8777	193103.3321	268.170269	0.517	0	1000	-0.346676
370856.9076	193103.1088	270.217106	0.505	0	957	-0.352912
370856.9202	193102.8644	270.410069	0.407	0	215	-0.337221
370856.9126	193102.6418	268.885238	0.47	0	-905	-0.280968
370856.8944	193102.4114	267.54147	0.48	0	-805	-0.220551
370856.8748	193102.173	267.476941	0.462	0	-303	-0.1841
370856.8586	193101.9339	267.999264	0.396	0	-50	-0.171875
370856.8502	193101.6931	268.902924	0.44	0	137	-0.162461
370856.8477	193101.4513	269.761919	0.51	0	69	-0.164336
370856.8512	193101.2131	270.455246	0.528	0	99	-0.165488
370856.8584	193100.9667	270.950342	0.512	0	50	-0.157853
370856.8685	193100.7189	271.410827	0.504	0	-50	-0.15805
370856.8801	193100.4645	271.718584	0.465	0	247	-0.153815
370856.8918	193100.2113	271.929669	0.455	0	95	-0.149421
370856.9051	193099.9474	271.879518	0.459	0	-366	-0.133975
370856.9158	193099.694	271.649425	0.47	0	-319	-0.116406
370856.9227	193099.4397	271.649157	0.465	0	-176	-0.101628
370856.9334	193099.1831	271.89895	0.483	0	-95	-0.090132
370856.9462	193098.9208	272.235222	0.514	0	50	-0.089363
370856.9592	193098.6595	272.561581	0.505	0	-92	-0.08867
370856.9758	193098.4015	272.829842	0.5	0	-55	-0.085056
370856.9918	193098.1349	273.03052	0.506	0	81	-0.083279
370857.0086	193097.8741	273.12334	0.476	0	56	-0.077749
370857.0234	193097.6157	273.105645	0.5	0	-190	-0.065873
370857.0388	193097.3366	273.04667	0.469	0	-240	-0.055383
370857.0526	193097.0797	273.084756	0.459	0	-50	-0.046167
370857.0679	193096.8135	273.22946	0.477	0	-50	-0.040955
370857.0844	193096.5407	273.396669	0.481	0	-50	-0.037348
370857.0998	193096.2768	273.579773	0.484	0	50	-0.036369
370857.1177	193096.0089	273.746346	0.488	0	50	-0.035603
370857.1362	193095.7424	273.90693	0.485	0	207	-0.035516
370857.1531	193095.7724	273.972903	0.48	0	134	-0.03238
370857.1673	193095.5635	273.920342	0.486	0	50	-0.025114
370857.1751	193095.3117	273.825592	0.483	0	-50	-0.007501
370857.1895	193095.0452	273.798404	0.455	0	50	-0.003392
370857.2048	193094.7691	273.897138	0.45	0	68	-0.000239
370857.2254	193094.4933	274.180937	0.461	0	137	0.001487
370857.2487	193094.2164	274.423495	0.477	0	206	-0.004807
370857.2709	193093.9399	274.560055	0.457	0	171	-0.005614
370857.292	193093.6776	274.633452	0.475	0	176	-0.004961
370857.3138	193093.4052	274.628899	0.494	0	151	-0.000751
370857.338	193093.1341	274.616119	0.495	0	101	0.000509
370857.3582	193092.8595	274.518167	0.49	0	50	0.006864
370857.3774	193092.5886	274.452122	0.486	0	50	0.010176
370857.3814	193092.4301	274.523436	0.484	0	76	0.014555
370857.3655	193092.4289	274.656528	0.467	0	104	0.014634
370857.3891	193092.1696	274.813969	0.463	0	76	0.011318
370857.4118	193091.9197	275.012316	0.476	0	185	0.005558
370857.4347	193091.6557	275.034821	0.459	0	-50	0.014176
370857.4563	193091.3823	274.985788	0.458	0	-67	0.018507
370857.4745	193091.1034	274.87995	0.481	0	-127	0.022265
370857.4939	193090.8262	274.835498	0.489	0	-77	0.025074
370857.5157	193090.5542	274.919208	0.49	0	50	0.026853
370857.539	193090.268	275.063854	0.516	0	78	0.020275
370857.5612	193090.0108	275.207965	0.501	0	50	0.018849
370857.5874	193089.7301	275.214435	0.489	0	-111	0.018605
370857.6082	193089.4672	275.133388	0.483	0	-152	0.020644
370857.6292	193089.1971	275.044677	0.478	0	-202	0.028546
370857.6288	193089.0812	274.961805	0.479	0	-211	0.03465
370857.6139	193089.0217	274.93093	0.488	0	-174	0.039598
370857.6361	193088.7797	275.102591	0.472	0	-144	0.04103
370857.6567	193088.5243	275.247626	0.479	0	-79	0.039283
370857.6813	193088.243	275.402571	0.48	0	-467	0.039147
370857.705	193087.9749	275.52007	0.488	0	-283	0.044653
370857.7299	193087.7136	276.095185	0.476	0	-1000	0.04687
370857.768	193087.4569	277.9511	0.482	0	-497	0.039353
370857.8199	193087.2073	280.550896	0.511	0	-151	0.01049
370857.8923	193086.96	283.382821	0.503	0	203	-0.031661
370857.9823	193086.7188	286.381295	0.452	0	-506	-0.071788
370858.0918	193086.4733	289.423548	0.504	0	327	-0.102922
370858.2209	193086.2356	292.183058	0.575	0	326	-0.128952
370858.451	193086.2206	294.584978	0.581	0	-242	-0.14809
370858.657	193086.1718	296.805947	0.539	0	-159	-0.151538
370858.8121	193085.9953	299.19227	0.461	0	-128	-0.149675
370858.972	193085.8229	301.820722	0.418	0	-180	-0.154703
370859.1443	193085.6586	304.736882	0.434	0	-341	-0.16152
370859.3248	193085.495	307.979877	0.472	0	-249	-0.181546
370859.5002	193085.3446	311.089814	0.553	0	-281	-0.199554
370859.6705	193085.2158	314.293989	0.584	0	88	-0.220776
370859.8633	193085.0906	317.66819	0.543	0	-50	-0.235707
370860.0775	193084.9682	321.101529	0.475	0	-50	-0.252845
370860.2888	193084.8655	325.307449	0.498	0	116	-0.270523
370860.4967	193084.7728	328.519174	0.494	0	216	-0.279434
370860.7195	193084.6888	331.62982	0.467	0	-288	-0.282049
370860.9493	193084.6229	334.496694	0.387	0	62	-0.296023
370861.211	193084.5713	337.734026	0.405	0	-50	-0.300945
370861.5814	193084.8504	341.297651	0.53	0	-50	-0.306557
370861.8099	193084.8598	344.630055	0.513	0	-280	-0.305446
370862.0433	193084.8785	348.012985	0.571	0	132	-0.318023
370862.2778	193084.8921	351.235584	0.558	0	454	-0.339644
370862.5157	193084.9038	354.068513	0.518	0	580	-0.371155
370862.7576	193084.919	356.178965	0.45	0	257	-0.397834
370862.9913	193084.9348	357.326068	0.452	0	863	-0.402296
370863.2204	193084.9542	358.287001	0.483	0	685	-0.401867
370863.4496	193084.9667	358.095284	0.461	0	50	-0.378107
370863.6819	193084.9698	358.136551	0.46	0	-784	-0.328674
370863.9257	193084.9633	357.166169	0.524	0	-369	-0.276729
370864.1598	193084.9577	357.598422	0.51	0	-50	-0.2554
370864.4174	193084.9558	358.212876	0.517	0	166	-0.240881
370864.674	193084.9578	358.92819	0.492	0	83	-0.236741
370864.944	193084.9594	359.635224	0.482	0	53	-0.237572
370865.2142	193084.9702	0.779301	0.479	1	429	-0.236903
370865.488	193084.9828	0.996687	0.494	1	114	-0.231554
370865.7785	193084.9945	1.379567	0.513	1	-50	-0.216769
370866.0701	193085.0045	1.041152	0.502	1	-184	-0.192375
370866.3636	193085.0136	0.638085	0.505	1	-211	-0.169383
370866.6586	193085.0184	0.459169	0.491	1	-104	-0.146948
370866.9586	193085.0219	0.483984	0.486	1	-73	-0.131304
370867.2732	193085.03	0.793729	0.488	1	50	-0.12106
370867.173	193085.0712	1.193216	0.473	1	91	-0.113428
370867.3673	193085.0892	1.580079	0.477	1	139	-0.108753
370867.608	193085.1024	1.878253	0.492	1	101	-0.103884
370867.8568	193085.1172	2.09923	0.47	1	69	-0.098596
370868.1197	193085.1335	2.251593	0.458	1	60	-0.09332
370868.4218	193085.1467	2.358924	0.479	1	70	-0.085807
370868.74	193085.161	2.466667	0.48	1	50	-0.076041
370869.0379	193085.1746	2.536493	0.492	1	50	-0.069813
370869.3486	193085.1886	2.621088	0.481	1	50	-0.06325
370869.6575	193085.2039	2.760548	0.495	1	81	-0.056195
370869.9714	193085.2205	2.938544	0.479	1	127	-0.048926
370869.8088	193085.2208	3.092243	0.469	1	84	-0.04889
370870.0395	193085.2348	3.252876	0.478	1	195	-0.046739
370870.281	193085.2504	3.394439	0.484	1	173	-0.045693
370870.5268	193085.2687	3.546394	0.467	1	68	-0.043701
370870.7875	193085.2861	3.633343	0.476	1	50	-0.040346
370871.057	193085.3022	3.673949	0.486	1	-57	-0.037331
370871.3815	193085.3235	3.719328	0.48	1	-50	-0.034604
370871.7121	193085.3447	3.738745	0.475	1	-63	-0.031579
370872.0356	193085.3667	3.77036	0.488	1	-71	-0.031923
370872.3684	193085.3913	3.796859	0.499	1	-97	-0.026183
370872.6916	193085.4146	3.822006	0.496	1	-75	-0.02339
370872.4818	193085.4039	3.860822	0.488	1	-87	-0.019893
370872.7158	193085.423	3.918617	0.492	1	-86	-0.018049
370872.9605	193085.4397	3.964808	0.493	1	-88	-0.017136
370873.2026	193085.4571	4.043107	0.485	1	-67	-0.014013
370873.4524	193085.4786	4.103889	0.473	1	-77	-0.013542
370873.7181	193085.4983	4.137757	0.492	1	-101	-0.013594
370874.0508	193085.5214	4.199772	0.492	1	-140	-0.011216
370874.366	193085.5456	4.214022	0.497	1	-137	-0.009287
370874.6918	193085.5702	4.193139	0.509	1	-156	-0.007574
370875.0228	193085.5933	4.179974	0.516	1	-110	-0.006471
370875.3473	193085.6164	4.170624	0.504	1	-87	-0.004054
370875.167	193085.6008	4.163822	0.507	1	-50	-0.001937
370875.3819	193085.6164	4.183701	0.507	1	-50	-0.002262
370875.6258	193085.6341	4.19788	0.503	1	-50	-0.001481
370875.8618	193085.6517	4.256131	0.484	1	50	-0.001419
370876.1068	193085.6672	4.290974	0.487	1	50	0.000863
370876.3657	193085.6903	4.349031	0.472	1	81	-0.000155
370876.6512	193085.714	4.436982	0.496	1	90	-0.001799
370876.9614	193085.7397	4.487417	0.487	1	117	-0.003445
370877.2499	193085.7632	4.485369	0.5	1	72	-0.003093
370877.549	193085.7874	4.443988	0.491	1	55	0.000183
370877.8571	193085.8118	4.394194	0.486	1	77	-0.003878
370878.1642	193085.8343	4.343169	0.467	1	73	-0.002655
370878.4501	193085.8577	4.309838	0.459	1	101	-0.001526
370878.3306	193085.8493	4.348635	0.467	1	157	-0.003201
370878.5383	193085.867	4.425457	0.477	1	143	-0.003894
370878.7663	193085.8849	4.46454	0.459	1	119	-0.002886
370879.009	193085.9016	4.467562	0.479	1	124	-0.002464
370879.2822	193085.9257	4.505217	0.477	1	94	-0.005333
370879.5424	193085.9481	4.526049	0.492	1	105	-0.007191
370879.8467	193085.9725	4.541794	0.491	1	74	-0.009258
370880.1521	193085.9963	4.529958	0.489	1	84	-0.007341
370880.4678	193086.0233	4.517382	0.497	1	50	-0.008543
370880.7568	193086.0463	4.516115	0.503	1	50	-0.008962
370881.076	193086.0694	4.489345	0.49	1	50	-0.00937
370881.3879	193086.0932	4.487363	0.482	1	50	-0.008434
370881.2156	193086.0856	4.510536	0.478	1	-50	-0.011848
370881.443	193086.1017	4.511795	0.464	1	-58	-0.008917
370881.6886	193086.1207	4.491473	0.469	1	-78	-0.008136
370881.9387	193086.1408	4.483707	0.482	1	-52	-0.0082
370882.1839	193086.1631	4.48237	0.484	1	-116	-0.007584
370882.4492	193086.1837	4.461519	0.481	1	-152	-0.006552
370882.7721	193086.2083	4.413209	0.487	1	-182	-0.004198
370883.0863	193086.2307	4.352667	0.503	1	-160	-0.002155
370883.3958	193086.254	4.328992	0.513	1	-172	0.000796
370883.7081	193086.2785	4.351129	0.514	1	-131	0.000809
370884.023	193086.3045	4.398968	0.515	1	-96	-0.000213
370884.1485	193086.3171	4.437447	0.508	1	-115	-0.000942
370884.1238	193086.3177	4.47256	0.487	1	-96	-9.1E-05
370884.3563	193086.3368	4.45857	0.473	1	-118	0.000266
370884.6018	193086.3575	4.448497	0.481	1	-99	0.000706
370884.848	193086.376	4.424533	0.493	1	-74	-0.000177
370885.1121	193086.3962	4.385221	0.492	1	-101	0.002888
370885.392	193086.4178	4.374797	0.504	1	-50	0.002229
370885.715	193086.4408	4.343982	0.492	1	-50	0.0012
370886.0402	193086.4636	4.33479	0.498	1	50	0.005075
370886.3621	193086.4881	4.362735	0.496	1	50	0.00271
370886.6735	193086.5108	4.390996	0.48	1	125	0.00307
370887.0079	193086.5383	4.467255	0.479	1	159	-0.002568
370886.7825	193086.5273	4.511365	0.462	1	99	-0.00403
370887.0176	193086.5487	4.526238	0.459	1	52	-0.005943
370887.2642	193086.5729	4.537833	0.474	1	91	-0.006647
370887.5021	193086.5939	4.513457	0.467	1	110	-0.00717
370887.754	193086.6134	4.462583	0.47	1	88	-0.0076
370888.0218	193086.6366	4.411601	0.493	1	72	-0.007545
370888.3243	193086.6614	4.349622	0.489	1	112	-0.007211
370888.684	193086.6912	4.322565	0.502	1	50	-0.007505
370889.0039	193086.7154	4.291118	0.483	1	50	-0.006706
370889.3042	193086.7385	4.306326	0.486	1	50	-0.005321
370889.6225	193086.764	4.333265	0.472	1	50	-0.004836
370889.925	193086.7876	4.371831	0.473	1	58	-0.00604
370889.7171	193086.7776	4.418712	0.466	1	-50	-0.007286
370889.9529	193086.7982	4.44146	0.472	1	50	-0.008907
370890.1919	193086.8164	4.465952	0.492	1	-53	-0.010335
370890.4446	193086.8375	4.487818	0.505	1	-50	-0.011634
370890.6918	193086.8552	4.469617	0.502	1	-68	-0.010632
370890.978	193086.8736	4.441862	0.484	1	-50	-0.013257
370891.2809	193086.8981	4.437053	0.505	1	1	-0.010341
370891.5998	193086.9246	4.421225	0.512	1	-132	-0.010641
370891.9102	193086.9494	4.371573	0.511	1	-146	-0.008297
370892.2132	193086.9741	4.343135	0.488	1	-158	-0.007639
370892.5289	193086.9999	4.308418	0.487	1	-176	-0.007106
370892.8286	193087.0225	4.25356	0.488	1	-173	-0.00455
370892.6271	193087.0077	4.233876	0.482	1	-147	-0.001535
370892.8648	193087.0298	4.248282	0.508	1	-112	-0.003678
370893.1126	193087.051	4.298897	0.509	1	-126	-0.005167
370893.351	193087.0715	4.326854	0.5	1	-72	-0.006142
370893.5951	193087.0921	4.352838	0.519	1	-50	-0.006705
370893.8569	193087.1137	4.387991	0.525	1	50	-0.008261
370894.1611	193087.1396	4.423155	0.514	1	50	-0.008089
370894.4572	193087.1623	4.403818	0.512	1	50	-0.007586
370894.7609	193087.1879	4.40812	0.49	1	77	-0.009461
370895.0706	193087.2118	4.368089	0.487	1	68	-0.008391
370895.3721	193087.2333	4.314536	0.479	1	50	-0.005855
370895.6669	193087.2543	4.298111	0.454	1	69	-0.005874
370895.7051	193087.2535	4.277666	0.462	1	50	-0.002872
370895.7693	193087.2594	4.300188	0.468	1	73	-0.004755
370896.0096	193087.2756	4.319952	0.473	1	52	-0.002651
370896.2556	193087.2963	4.353962	0.486	1	105	-0.003863
370896.501	193087.3149	4.383987	0.505	1	79	-0.004225
370896.7615	193087.3364	4.424072	0.492	1	156	-0.005244
370897.051	193087.3628	4.460362	0.511	1	207	-0.00706
370897.34	193087.3881	4.504985	0.502	1	200	-0.007625
370897.6239	193087.4123	4.536744	0.459	1	129	-0.010786
370897.9139	193087.4374	4.514495	0.443	1	161	-0.011134
370898.2144	193087.4631	4.489409	0.463	1	119	-0.010514
370898.4981	193087.4872	4.44371	0.473	1	75	-0.009816
370898.8055	193087.5119	4.396882	0.47	1	50	-0.00708
370898.9729	193087.5266	4.33821	0.481	1	50	-0.008154
370898.9168	193087.524	4.325309	0.487	1	50	-0.007916
370899.154	193087.5439	4.350006	0.499	1	-50	-0.00768
370899.4125	193087.5637	4.338585	0.507	1	-50	-0.008465
370899.6609	193087.5825	4.363772	0.497	1	0	-0.008085
370899.9407	193087.6044	4.398074	0.466	1	-50	-0.009516
370900.2418	193087.6272	4.404427	0.491	1	-50	-0.010013
370900.5311	193087.6494	4.421176	0.486	1	-52	-0.00829
370900.8332	193087.6708	4.427792	0.47	1	-96	-0.008495
370901.1206	193087.6911	4.445801	0.478	1	-60	-0.009649
370901.4121	193087.7152	4.488977	0.487	1	-77	-0.010855
370901.702	193087.7386	4.512606	0.49	1	-102	-0.011691
370901.8809	193087.7565	4.474129	0.492	1	-92	-0.014294
370901.8214	193087.7611	4.438373	0.491	1	-199	-0.012228
370902.068	193087.783	4.396581	0.502	1	-134	-0.012003
370902.3221	193087.8003	4.304396	0.517	1	-183	-0.010693
370902.5601	193087.8157	4.244148	0.508	1	-178	-0.005597
370902.8426	193087.8374	4.201008	0.5	1	-130	-0.004367
370903.1349	193087.8608	4.170704	0.502	1	-146	-0.003106
370903.4374	193087.8836	4.198091	0.487	1	-125	-0.002181
370903.7231	193087.9055	4.242925	0.488	1	-58	-0.003922
370904.0139	193087.9291	4.298101	0.471	1	-75	-0.003424
370904.3143	193087.953	4.34833	0.462	1	-105	-0.003967
370904.5977	193087.9739	4.368058	0.477	1	-50	-0.005858
370904.88	193087.9965	4.386627	0.485	1	-50	-0.007474
370904.7261	193087.9934	4.37027	0.493	1	-50	-0.010584
370904.9664	193088.0095	4.355466	0.498	1	50	-0.008836
370905.2152	193088.0301	4.373126	0.512	1	65	-0.008572
370905.4538	193088.05	4.391898	0.515	1	64	-0.007964
370905.7231	193088.0703	4.364831	0.506	1	71	-0.008027
370906.0173	193088.0904	4.33119	0.496	1	50	-0.00414
370906.2989	193088.1107	4.317319	0.471	1	57	-0.005001
370906.5949	193088.1324	4.35424	0.461	1	147	-0.005477
370906.8782	193088.1536	4.368181	0.469	1	128	-0.003751
370907.1676	193088.1752	4.362863	0.478	1	83	-0.004337
370907.4725	193088.1998	4.394021	0.475	1	144	-0.003684
370907.7601	193088.2206	4.396892	0.481	1	119	-0.003969
370908.0054	193088.2412	4.398059	0.493	1	96	-0.007024
370907.8913	193088.239	4.435371	0.494	1	169	-0.00768
370908.1295	193088.2633	4.449565	0.497	1	172	-0.007474
370908.3697	193088.2823	4.448028	0.502	1	107	-0.006826
370908.6204	193088.2999	4.43473	0.487	1	102	-0.007046
370908.8824	193088.3237	4.443588	0.472	1	80	-0.008475
370909.1695	193088.3482	4.461928	0.45	1	65	-0.00813
370909.4569	193088.3709	4.451835	0.475	1	59	-0.007773
370909.7394	193088.3897	4.407477	0.471	1	50	-0.00533
370910.0308	193088.4119	4.419172	0.474	1	-50	-0.00519
370910.3139	193088.4334	4.402518	0.492	1	-50	-0.0067
370910.6012	193088.4541	4.383765	0.496	1	-52	-0.006647
370910.8961	193088.4753	4.395556	0.516	1	-86	-0.006603
370911.153	193088.4942	4.387285	0.508	1	-82	-0.007364
370911.0177	193088.4902	4.393715	0.508	1	-129	-0.004878
370911.262	193088.5078	4.402465	0.496	1	-106	-0.005962
370911.5117	193088.5291	4.42671	0.494	1	-78	-0.006802
370911.7655	193088.5517	4.454751	0.485	1	-93	-0.006052
370912.0151	193088.5708	4.484939	0.471	1	-78	-0.00732
370912.3013	193088.5936	4.47594	0.475	1	-150	-0.007412
370912.5945	193088.6187	4.444187	0.469	1	-171	-0.006525
370912.8673	193088.641	4.385644	0.483	1	-146	-0.003856
370913.145	193088.6625	4.305095	0.499	1	-183	-0.001768
370913.4352	193088.6853	4.302138	0.509	1	-153	-0.00332
370913.7168	193088.7059	4.247894	0.505	1	-157	-0.000594
370913.9904	193088.7266	4.220786	0.526	1	-123	0.00057
370914.2686	193088.7484	4.246806	0.514	1	-59	0.001216
370914.5136	193088.7674	4.308197	0.513	1	50	-0.00108
370914.4146	193088.766	4.333356	0.511	1	-50	-0.004292
370914.6495	193088.7864	4.361168	0.489	1	-50	-0.005474
370914.8979	193088.8063	4.364653	0.468	1	50	-0.006462
370915.1568	193088.8271	4.377117	0.457	1	50	-0.009868
370915.4303	193088.8485	4.392089	0.471	1	59	-0.010645
370915.7071	193088.8688	4.366273	0.49	1	63	-0.008403
370915.9852	193088.8899	4.369349	0.508	1	84	-0.010056
370916.2706	193088.9107	4.363388	0.495	1	123	-0.008806
370916.5519	193088.9318	4.318876	0.501	1	92	-0.009302
370916.8191	193088.9542	4.301753	0.497	1	91	-0.008848
370917.1	193088.9767	4.291469	0.482	1	155	-0.007654
370917.3717	193088.9987	4.276212	0.467	1	82	-0.004929
370917.6524	193089.0212	4.260853	0.453	1	116	-0.006607
370917.919	193089.0403	4.21772	0.464	1	-592	0.002367
370917.8237	193089.0387	4.707126	0.465	1	-374	0.020768
370918.0395	193089.0849	6.198248	0.482	1	-489	0.027571
370918.2801	193089.1644	8.376493	0.487	1	-92	0.023089
370918.5125	193089.2473	10.53214	0.52	1	-50	0.00625
370918.7605	193089.3337	13.474483	0.574	1	-136	-0.010027
370918.9909	193089.4302	16.870321	0.553	1	-175	-0.031947
370919.227	193089.5429	19.411773	0.552	1	-122	-0.045476
370919.4454	193089.6673	22.745625	0.457	1	81	-0.056627
370919.6567	193089.8061	25.451589	0.447	1	-64	-0.068555
370919.8448	193089.9527	28.509377	0.45	1	82	-0.082572
370920.0301	193090.1046	31.584352	0.526	1	77	-0.09732
370920.1905	193090.2663	34.701172	0.491	0	-462	-0.115437
370920.3296	193090.4473	37.943428	0.43	0	-338	-0.129455
370920.1901	193090.8285	41.297055	0.479	0	-409	-0.147987
370920.2808	193091.0378	44.683274	0.563	0	-468	-0.169682
370920.3851	193091.239	47.992742	0.586	0	50	-0.188746
370920.4842	193091.4539	51.110872	0.482	0	-50	-0.195289
370920.587	193091.6712	54.650985	0.366	0	-86	-0.209436
370920.6788	193091.8913	58.100918	0.394	0	-50	-0.225416
370920.7478	193092.0996	61.548186	0.457	0	-77	-0.245908
370920.8104	193092.3267	65.84358	0.479	0	-438	-0.256089
370920.8566	193092.5559	69.432045	0.506	0	-50	-0.265895
370920.8883	193092.7916	72.805559	0.546	0	50	-0.280949
370920.9092	193093.023	75.986157	0.624	0	56	-0.291512
370920.9183	193093.2505	79.212129	0.607	0	629	-0.313216
370920.9142	193093.4808	82.694465	0.493	0	816	-0.342459
370920.8816	193093.733	85.139043	0.413	0	210	-0.374805
370920.5373	193094.0315	86.327523	0.469	0	982	-0.386282
370920.5239	193094.2829	86.500077	0.419	0	251	-0.378912
370920.55	193094.5099	85.667844	0.491	0	-812	-0.334946
370920.5826	193094.7408	84.884936	0.505	0	-535	-0.286369
